tree
version=v4
num_class=1
num_tree_per_iteration=1
label_index=0
max_feature_idx=141
objective=regression
feature_names=Tmax u10 v10 RH HGT MSLP SM SR BLH SNSR SP TCWV WindSpeed WindDir NetRadiation Tmax_x_RH BLH_inv humid_load wind_chill_proxy SST_BLH_trap SST_Tmax_diff moisture_flux_u moisture_flux_v pressure_deficit net_rad_ratio SM_x_Tmax heat_streak35 BLH_shallow BLH_deep TCWV_pctrank doy_sin doy_cos month_sin month_cos phase_0 phase_1 phase_2 phase_3 Tmax_lag1 Tmax_lag2 Tmax_lag3 Tmax_lag5 Tmax_lag7 Tmax_lag14 RH_lag1 RH_lag2 RH_lag3 RH_lag5 RH_lag7 RH_lag14 BLH_lag1 BLH_lag2 BLH_lag3 BLH_lag5 BLH_lag7 BLH_lag14 TCWV_lag1 TCWV_lag2 TCWV_lag3 TCWV_lag5 TCWV_lag7 TCWV_lag14 SR_lag1 SR_lag2 SR_lag3 SR_lag5 SR_lag7 SR_lag14 MSLP_lag1 MSLP_lag2 MSLP_lag3 MSLP_lag5 MSLP_lag7 MSLP_lag14 SM_lag1 SM_lag2 SM_lag3 SM_lag5 SM_lag7 SM_lag14 SM_anom_lag7 Tmax_rollmean3 Tmax_rollmax3 Tmax_rollstd3 Tmax_rollmin3 Tmax_rollmean7 Tmax_rollmax7 Tmax_rollstd7 Tmax_rollmin7 Tmax_rollmean14 Tmax_rollmax14 Tmax_rollstd14 Tmax_rollmin14 Tmax_rollmean30 Tmax_rollmax30 Tmax_rollstd30 Tmax_rollmin30 RH_rollmean3 RH_rollmax3 RH_rollstd3 RH_rollmin3 RH_rollmean7 RH_rollmax7 RH_rollstd7 RH_rollmin7 RH_rollmean14 RH_rollmax14 RH_rollstd14 RH_rollmin14 RH_rollmean30 RH_rollmax30 RH_rollstd30 RH_rollmin30 BLH_rollmean3 BLH_rollmax3 BLH_rollstd3 BLH_rollmin3 BLH_rollmean7 BLH_rollmax7 BLH_rollstd7 BLH_rollmin7 BLH_rollmean14 BLH_rollmax14 BLH_rollstd14 BLH_rollmin14 BLH_rollmean30 BLH_rollmax30 BLH_rollstd30 BLH_rollmin30 BLH_anom30 TCWV_anom30 Tmax_anom30 RH_anom30 MSLP_anom30 SR_anom30 Tmax_trend3 Tmax_trend7 RH_trend3 RH_trend7 BLH_trend3 BLH_trend7 DTR_proxy
feature_infos=[23.719999999999999:36.920000000000002] [-21.8308:27.8706] [-11.279:37.415700000000001] [41.829999999999998:93.180000000000007] [4024.851503826485:4204.8681252007564] [9.9600000000000009:10.18] [0.071599999999999997:0.24360000000000001] [14.25:320.70800000000003] [157.08000000000001:1373.3299999999999] [0:262.41699999999997] [9.9399999999999995:10.17] [6.0419999999999998:76.278999999999996] [3.9748231306562558:43.31880001950654] [-143.07557912446501:158.81917631218053] [13.792:124.417] [12.928104000000001:28.162412] [0.00072762728020198933:0.0063259109311740889] [2.8802213999999999:70.580958699999996] [0.64803198614039947:6.4034755003118926] [0.019442200926997156:0.18676326129666013] [1.9999999999999964:2.0000000000000036] [-1524.7067336:1886.4407561999999] [-687.6597890999999:2613.1873194] [-0.02000000000000135:-0.0099999999999997868] [1.2075501449462869:35.861455108359131] [2.0422919999999998:7.2976399999999995] none [0:1] [0:1] [0.00025575447570332479:1] [-0.99999073973619013:0.99999073973619013] [-0.99996295911626554:1] [-1:1] [-1:1] [0:1] [0:1] [0:1] [0:1] [23.719999999999999:36.920000000000002] [23.719999999999999:36.920000000000002] [23.719999999999999:36.920000000000002] [23.719999999999999:36.920000000000002] [23.719999999999999:36.920000000000002] [23.719999999999999:36.920000000000002] [41.829999999999998:93.180000000000007] [41.829999999999998:93.180000000000007] [41.829999999999998:93.180000000000007] [41.829999999999998:93.180000000000007] [41.829999999999998:93.180000000000007] [41.829999999999998:93.180000000000007] [157.08000000000001:1373.3299999999999] [157.08000000000001:1373.3299999999999] [157.08000000000001:1373.3299999999999] [157.08000000000001:1373.3299999999999] [157.08000000000001:1373.3299999999999] [157.08000000000001:1373.3299999999999] [6.0419999999999998:76.278999999999996] [6.0419999999999998:76.278999999999996] [6.0419999999999998:76.278999999999996] [6.0419999999999998:76.278999999999996] [6.0419999999999998:76.278999999999996] [6.0419999999999998:76.278999999999996] [14.25:320.70800000000003] [14.25:320.70800000000003] [14.25:320.70800000000003] [14.25:320.70800000000003] [14.25:320.70800000000003] [14.25:320.70800000000003] [9.9600000000000009:10.18] [9.9600000000000009:10.18] [9.9600000000000009:10.18] [9.9600000000000009:10.18] [9.9600000000000009:10.18] [9.9600000000000009:10.18] [0.071599999999999997:0.24360000000000001] [0.071599999999999997:0.24360000000000001] [0.071599999999999997:0.24360000000000001] [0.071599999999999997:0.24360000000000001] [0.071599999999999997:0.24360000000000001] [0.071599999999999997:0.24360000000000001] [-0.050886666666666663:0.11382999999999997] [24.570000000000007:36.220000000000006] [25.620000000000001:36.920000000000002] [0:3.5104605585781448] [23.719999999999999:35.82] [25.620000000000001:35.005714285714284] [26.420000000000002:36.920000000000002] [0.14433756729754454:2.9884300704071873] [23.719999999999999:33.869999999999997] [27.116428571428571:34.005714285714284] [27.920000000000002:36.920000000000002] [0.17387787807323482:3.1000620341187717] [23.719999999999999:33.219999999999999] [27.446666666666669:33.653333333333336] [28.620000000000001:36.920000000000002] [0.35616088318700778:2.875921141789727] [23.719999999999999:32.32] [48.419999999999987:92.75] [50.560000000000002:93.180000000000007] [0.00577350231252518:17.555302143037508] [41.829999999999998:92.400000000000006] [53.375714285714288:91.40285714285713] [59.200000000000003:93.180000000000007] [0.30755564731561635:14.846368162586094] [41.829999999999998:90.430000000000007] [57.135714285714286:91.128571428571419] [65.310000000000002:93.180000000000007] [0.72920248472990679:13.20966770509799] [41.829999999999998:89.959999999999994] [59.367666666666665:90.088333333333338] [69.159999999999997:93.180000000000007] [1.2301856695666109:11.968461471717914] [41.829999999999998:87.620000000000005] [168.54333333333341:1154.7900000000002] [186.66999999999999:1373.3299999999999] [1.3279056191022656:409.10551748092291] [157.08000000000001:1009.58] [193.24428571428572:885.38714285714286] [236.88:1373.3299999999999] [9.0359751891386182:341.25147182658429] [157.08000000000001:780.41999999999996] [219.89571428571429:822.29142857142858] [263.95999999999998:1373.3299999999999] [16.662751725186375:286.41187526891463] [157.08000000000001:693.33000000000004] [250.13166666666666:739.6876666666667] [348.12:1373.3299999999999] [36.023639626685359:238.52917723549871] [157.08000000000001:645.41999999999996] [-364.60633333333334:852.04533333333325] [-30.988633333333325:30.7256] [-6.2200000000000024:5.4966666666666733] [-23.594000000000015:18.62533333333333] [-0.10366666666666546:0.064333333333333798] [-245.81006666666664:117.71010000000001] [-6.7000000000000028:7.4000000000000021] [-8.8000000000000007:7.1999999999999993] [-35.540000000000006:36.049999999999997] [-27.840000000000003:29.680000000000007] [-877.28999999999996:807.90999999999997] [-819.15999999999997:812.90999999999997] [0:7.9500000000000028]
tree_sizes=1202 1235 1247 1259 1347 1238 1346 1250 1181 1343 1328 1433 1222 1158 1279 1531 1220 1171 1192 1266 1171 1269 1274 1164 1186 1260 1095 1265 1364 1368 1105 1359 1256 1105 1313 1188 1187 1179 1192 1152 1189 1164 1192 1192 1230 1082 1265 1159 927 986 1164 1230 908 1095 1146 907 1103 940 1161 1200 998 1101 933 1177 1025 881 1097 1071 1001 1116 1114 875 891 920 846 1063 826 800 1060 824 988 800 824 1061 949 820 818 741 948 960 778 909 803 832 1018 826 830 1005 949 809 717 1089 919 789 744 861 815 1069 861 848 810 1071 833 747 756 820 1076 670 755 819 841 1110 666 789 689 765 631 734 660 635 776 811 678 820 661 901 651 658 699 1034 656 816 1156 1051 799 820 629 952 1165 659 724 1121 802 799 631 752 914 629 653 1041 806 637 1005 619 657 1055 726 1036 878 637 632 879 667 969 797 714 649 727 642 985 592 743 1081 653 821 598 726 593 982 714 596 719 642 837 792 661 637 802 975 854 634 1033 1098 807 638 789 1065 644 720 997 723 639 765 664 826 1000 1000 767 595 858 572 657 1039 699 961 648 751 889 781 805 1010 642 1035 665 775 936 886 1098 645 727 1088 898 1013 861 980 776 878 955 712 1026 667 649 1026 957 867 1026 1010 724 859 709 782 713 1036 1002 800 708 856 863 847 854 807 882 774 720 706 710 642 799 704 791 841 841 816 880 882 851 776 1002 883 888 702 849 702 790 716 794 847 782 706 852 846 802 711 801 783 785 844 706 856 897 839 799 731 931 716 728 850 844 782 938 809 890 878 813 731 788 847 921 934 871 846 791 770 732 713 708 842 721 968 646 898 957 850 803 925 854 704 781 1079 862 770 712 787 931 849 728 802 789 865 852 724 716 731 640 1009 694 852 806 816 846 815 835 641 704 852 781 805 833 690 816 784 858 695 836 785 709 853 791 778 709 853 719 854 857 711 644 643 782 773 644 650 783 644 615 647 601 753 710 612 712 874 914 710 838 669 608 846 851 648 649 716 710 831 814 868 510 772 713 618 645 764 577 708 614 649 648 706 614 611 797 781 708 774 785 710 782 578 625 779 765 712 580 595 777 781 614 781 765 714 693 771 843 705 692 712 709 758 559 863 768 831 543 695 715 623 667 782 546 780 740 780 682 500 780 576 543 846 547 637 647 613 780 650 548 764 479 786 708 717 626 568 540 828 612 843 641 479 647 479 613 549 475 409 542 552 771 619 406 551 404 623 475 336

Tree=0
num_leaves=13
num_cat=0
split_feature=81 4 4 4 4 131 81 4 131 131 134 25
split_gain=4666.8 992.965 839.475 413.691 199.596 134.128 121.927 76.8864 63.726 50.9623 10.1913 6.99568
threshold=30.795000000000009 4133.1071262867554 4082.553675312161 4136.345744979174 4149.7488948825549 -0.64000000000000223 29.311666666666678 4118.7836825011609 -0.49499999999999916 -1.1874999999999998 -1.7659333333333505 2.7884335000000005
decision_type=2 2 2 2 2 2 2 2 2 2 2 2
left_child=2 7 9 5 10 -4 -5 11 -6 -1 -3 -2
right_child=1 4 3 6 8 -7 -8 -9 -10 -11 -12 -13
leaf_value=28.956449211625909 29.07305377819311 29.11782108090145 29.02511522624151 29.066592340881073 29.138336450410648 29.058740222588657 29.104666934651714 29.110587789248456 29.181876151978891 29.014404832437933 29.142860381475124 29.09017051200302
leaf_weight=102 112 92 310 178 94 422 238 183 475 105 227 92
leaf_count=102 112 92 310 178 94 422 238 183 475 105 227 92
internal_value=29.0931 29.1418 29.0473 29.0598 29.1623 29.0438 29.0888 29.0936 29.1756 28.9818 29.1369 29.0794
internal_weight=2630 1275 1355 1148 888 732 416 387 569 207 319 204
internal_count=2630 1275 1355 1148 888 732 416 387 569 207 319 204
is_linear=0
shrinkage=1


Tree=1
num_leaves=13
num_cat=0
split_feature=0 4 0 15 4 15 0 0 15 0 15 15
split_gain=4765.03 915.133 728.059 385.503 180.706 154.466 153.834 90.8091 65.3797 32.1475 26.9902 8.23862
threshold=30.745000000000001 4130.9463476314559 28.195000000000004 21.446169000000001 4151.1163343241597 21.622873000000006 29.595000000000002 32.395000000000003 21.301314000000005 31.545000000000005 18.810763000000005 22.398051500000005
decision_type=2 2 2 2 2 2 2 2 2 2 2 2
left_child=2 8 5 10 11 -1 -5 -6 9 -2 -4 -3
right_child=1 4 3 6 7 -7 -8 -9 -10 -11 -12 -13
leaf_value=-0.13076498729477196 -0.024757385043206584 0.027739624334500928 -0.088754159127438267 -0.028776482998131216 0.054851797251888962 -0.070752708244661788 0.0050044758425260814 0.092066930285493925 0.019522719847822226 0 -0.050848131147123839 0.050139084905398257
leaf_weight=101 108 114 92 418 207 280 265 363 134 125 164 259
leaf_count=101 108 114 92 418 207 280 265 363 134 125 164 259
internal_value=0 0.0478828 -0.0475481 -0.0300476 0.0663091 -0.0889864 -0.0154112 0.0796402 0 -0.0110593 -0.0670153 0.0444241
internal_weight=2630 1310 1320 939 943 381 683 570 367 233 256 373
internal_count=2630 1310 1320 939 943 381 683 570 367 233 256 373
is_linear=0
shrinkage=0.0355277


Tree=2
num_leaves=13
num_cat=0
split_feature=0 4 0 3 4 0 4 0 4 0 0 0
split_gain=4445.32 852.879 678.706 323.082 167.257 159.88 140.747 83.8856 53.5126 39.5272 7.90308 0.154646
threshold=30.745000000000001 4130.9463476314559 28.195000000000004 72.625000000000014 4151.1163343241597 29.645000000000007 4083.9231541861905 32.545000000000009 4118.7836825011609 29.645000000000007 31.295000000000005 31.545000000000005
decision_type=2 2 2 2 2 2 2 2 2 2 2 2
left_child=2 8 6 9 11 -5 -1 -6 10 -4 -2 -3
right_child=1 4 3 5 7 -7 -8 -9 -10 -11 -12 -13
leaf_value=-0.12715592610465096 -0.018561946870863079 0.028594648113778969 -0.081760575874705074 -0.027897858158390219 0.056034902545586726 0.0075684562894127519 -0.068814742222739839 0.090952843271898287 0.01629378250498047 -0.043723525556569838 -0.0022157357469440183 0.047586095041261892
leaf_weight=97 98 114 112 434 248 236 284 322 149 157 120 259
leaf_count=97 98 114 112 434 248 236 284 322 149 157 120 259
internal_value=0 0.0462395 -0.0459343 -0.0290246 0.064028 -0.0151143 -0.0859542 0.0768779 0 -0.0617883 -0.0108655 0.0429098
internal_weight=2630 1310 1320 939 943 670 381 570 367 269 218 373
internal_count=2630 1310 1320 939 943 670 381 570 367 269 218 373
is_linear=0
shrinkage=0.0355277


Tree=3
num_leaves=13
num_cat=0
split_feature=0 15 0 15 0 0 15 0 15 0 0 0
split_gain=4146.12 730.626 632.771 338.936 212.345 199.43 136.406 131.739 34.0927 26.1448 15.8443 8.65522
threshold=30.745000000000001 22.747919000000003 28.195000000000004 21.074900000000003 32.595000000000006 32.295000000000009 21.622873000000006 29.695000000000004 20.232733500000005 31.545000000000005 29.895000000000007 33.295000000000009
decision_type=2 2 2 2 2 2 2 2 2 2 2 2
left_child=2 5 6 10 9 8 -1 -5 -2 -3 -4 -7
right_child=1 4 3 7 -6 11 -8 -9 -10 -11 -12 -13
leaf_value=-0.12237625508187704 -0.021208343516271985 0.032499224693479892 -0.078488527384075343 -0.0269415429525721 0.089584763458070885 0.023140398568787295 -0.065823453607926644 0.0039168005068541904 0.0017265614177187747 0.056821732340667244 -0.043578776174125533 0.048273124765184562
leaf_weight=101 125 178 127 445 316 111 280 264 175 307 103 98
leaf_count=101 125 178 127 445 316 111 280 264 175 307 103 98
internal_value=0 0.0446435 -0.0443742 -0.028034 0.0657341 0.0106449 -0.0830268 -0.0151979 -0.00731571 0.0488498 -0.0652842 0.0369712
internal_weight=2630 1310 1320 939 801 509 381 709 300 485 230 209
internal_count=2630 1310 1320 939 801 509 381 709 300 485 230 209
is_linear=0
shrinkage=0.0355277


Tree=4
num_leaves=14
num_cat=0
split_feature=0 4 0 15 15 15 0 0 15 15 0 0 0
split_gain=3869.46 673.508 653.736 346.256 182.136 117.237 115.514 100.823 47.248 26.638 26.2322 25.6769 8.57572
threshold=30.895000000000007 4139.9336164745364 28.395000000000007 22.008228000000006 22.353107000000001 20.732260000000004 29.645000000000007 32.195000000000007 19.286895000000005 23.687622500000003 31.645000000000007 31.895000000000007 27.695000000000004
decision_type=2 2 2 2 2 2 2 2 2 2 2 2 2
left_child=2 5 4 8 -1 11 -5 -3 -4 -9 -7 -2 -6
right_child=1 7 3 6 12 10 -8 9 -10 -11 -12 -13 -14
leaf_value=-0.1155329129910221 -0.020242742053176034 0.043669758681902947 -0.07364538998497891 -0.020596485715246332 -0.072478254290063132 0.0094759467185446256 0.010027737000043132 0.054080580233305087 -0.038065331317005534 0.084194749054433485 0.035654806797995618 0.0031163044037101754 -0.046295593808829569
leaf_weight=122 104 255 117 341 136 113 266 156 208 352 170 97 193
leaf_count=122 104 255 117 341 136 113 266 156 208 352 170 97 193
internal_value=0 0.0452339 -0.0408762 -0.0232795 -0.0759804 0.0116746 -0.00684075 0.065977 -0.0526347 0.0761091 0.0263874 -0.00811093 -0.0588726
internal_weight=2630 1247 1383 932 451 484 607 763 325 508 283 201 329
internal_count=2630 1247 1383 932 451 484 607 763 325 508 283 201 329
is_linear=0
shrinkage=0.0355277


Tree=5
num_leaves=13
num_cat=0
split_feature=0 4 4 0 15 4 0 15 131 0 14 15
split_gain=3615.25 699.034 569.748 315.187 149.95 137.882 55.0083 52.3188 29.6494 25.9281 25.7273 12.9765
threshold=30.745000000000001 4130.9463476314559 4082.553675312161 28.595000000000002 22.483686500000001 4154.818414035376 32.495000000000012 21.301314000000005 -1.1874999999999998 31.545000000000005 68.812500000000014 22.398051500000005
decision_type=2 2 2 2 2 2 2 2 2 2 2 2
left_child=2 7 8 10 -5 11 -7 9 -1 -2 -4 -3
right_child=1 5 3 4 -6 6 -8 -9 -10 -11 -12 -13
leaf_value=-0.11694545602526635 -0.022364898088214947 0.024546796984130159 -0.067551110319641353 -0.040346474322003535 -0.004145577089646869 0.049938690870810057 0.083129161145507544 0.017289461174604209 -0.067521429630753804 0 -0.041110472106185028 0.046448759330780895
leaf_weight=102 108 123 204 211 489 187 305 134 102 125 212 328
leaf_count=102 108 123 204 211 489 187 305 134 102 125 212 328
internal_value=0 0.0416713 -0.0414524 -0.0308516 -0.0156218 0.0577756 0.0717043 0 -0.0958867 -0.0100712 -0.0553704 0.0413612
internal_weight=2630 1310 1320 1116 700 943 492 367 204 233 416 451
internal_count=2630 1310 1320 1116 700 943 492 367 204 233 416 451
is_linear=0
shrinkage=0.0355277


Tree=6
num_leaves=14
num_cat=0
split_feature=81 4 4 4 4 81 24 4 19 15 82 15 134
split_gain=3100.34 658.127 580.193 285.796 107.215 80.6463 73.59 68.6851 30.4136 25.4309 17.7321 10.1245 0.918446
threshold=30.795000000000009 4139.9336164745364 4082.553675312161 4136.345744979174 4120.4402114891445 29.311666666666678 2.5963605509961276 4155.1238190411623 0.089997380324925311 21.301314000000005 33.045000000000009 20.103417000000004 0.23226666666661802
decision_type=2 2 2 2 2 2 2 2 2 2 2 2 2
left_child=2 4 8 6 11 -5 -4 12 -1 -6 -9 -2 -3
right_child=1 7 3 5 9 -7 -8 10 -10 -11 -12 -13 -14
leaf_value=-0.11003917205963898 -0.019021758665087776 0.026794871196629457 -0.032148722155978374 -0.020928647148567597 0.0034676176861768364 0.010030970383551175 -0.061214848779139887 0.052438925146660334 -0.06163733521647196 0.02921755564593859 0.0790932802032491 -0.0013630590412750658 0.048265297959988948
leaf_weight=115 94 92 546 178 94 238 186 183 92 197 290 125 200
leaf_count=115 94 92 546 178 94 238 186 183 92 197 290 125 200
internal_value=0 0.0396106 -0.0374011 -0.0269653 0.00769577 -0.00278833 -0.0402681 0.060374 -0.0918787 0.0218924 0.0700208 -0.0102442 0.0429189
internal_weight=2630 1275 1355 1148 510 416 732 765 207 291 473 219 292
internal_count=2630 1275 1355 1148 510 416 732 765 207 291 473 219 292
is_linear=0
shrinkage=0.0355277


Tree=7
num_leaves=13
num_cat=0
split_feature=0 4 4 0 0 97 4 0 3 0 0 3
split_gain=3170.37 607.463 495.298 278.973 125.268 116.622 58.8545 39.6406 26.9645 20.1228 17.2688 7.95877
threshold=30.745000000000001 4130.9463476314559 4082.553675312161 28.595000000000002 31.995000000000005 74.490000000000009 4152.5250722723877 31.995000000000005 66.970000000000013 28.445000000000004 27.795000000000005 76.175000000000026
decision_type=2 2 2 2 2 2 2 2 2 2 2 2
left_child=2 7 9 10 11 -5 -6 8 -2 -1 -4 -3
right_child=1 4 3 5 6 -7 -8 -9 -10 -11 -12 -13
leaf_value=-0.10834856657846124 -0.017878576249172357 0.016677876157047109 -0.06548945304339375 -0.035499985843502543 0.043010296961608963 -0.0039522399248062938 0.072400272915988315 0.016570712522731703 0.0041356492912693454 -0.06310749659766958 -0.041164660996764323 0.037851736848369871
leaf_weight=104 144 93 163 224 214 476 427 119 104 100 253 209
leaf_count=104 144 93 163 224 214 476 427 119 104 100 253 209
internal_value=0 0.0390044 -0.038837 -0.0289309 0.054017 -0.0145782 0.0634161 0 -0.00787608 -0.0896306 -0.0520087 0.0325061
internal_weight=2630 1310 1320 1116 943 700 641 367 248 204 416 302
internal_count=2630 1310 1320 1116 943 700 641 367 248 204 416 302
is_linear=0
shrinkage=0.0355277


Tree=8
num_leaves=12
num_cat=0
split_feature=81 4 4 84 4 15 141 131 131 4 81
split_gain=2712.06 590.734 395.668 316.101 150.803 64.6591 57.6571 46.581 32.8052 26.1257 7.73738
threshold=31.245000000000008 4082.553675312161 4139.9336164745364 28.345000000000002 4139.9336164745364 20.801333500000002 0.59999999999999976 -0.49499999999999916 -1.1874999999999998 4152.5250722723877 31.945000000000011
decision_type=2 2 2 2 2 2 2 2 2 2 2
left_child=1 8 5 6 -5 -2 -3 -4 -1 -9 -7
right_child=2 3 7 4 -6 10 -8 9 -10 -11 -12
leaf_value=-0.10622010228927704 -0.004445168611896636 -0.057213453317569635 0.031705471408715546 -0.018271362014550582 0.013354968894865992 0.010761707091490415 -0.029280838976010463 0.043032090743651254 -0.059338485433916677 0.069639495890887831 0.030594331905651084
leaf_weight=102 148 235 122 531 282 94 283 159 106 425 143
leaf_count=102 148 235 122 531 282 94 283 159 106 425 143
internal_value=0 -0.030408 0.0426451 -0.0212658 -0.0070088 0.012652 -0.0428824 0.0584451 -0.0856665 0.0632778 0.024107
internal_weight=2630 1539 1091 1331 813 385 518 706 208 584 237
internal_count=2630 1539 1091 1331 813 385 518 706 208 584 237
is_linear=0
shrinkage=0.0355277


Tree=9
num_leaves=14
num_cat=0
split_feature=81 4 4 4 81 4 131 4 131 9 135 15 131
split_gain=2532.99 536.394 478.576 224.756 128.885 104.813 69.5931 43.1755 39.256 38.0497 14.6628 5.14957 2.8586
threshold=30.795000000000009 4133.1071262867554 4130.9463476314559 4073.0963172948973 29.41166666666668 4149.7488948825549 -0.72916666666666774 4118.7836825011609 1.0000000180025095e-35 78.750000000000014 -0.15000000000000388 20.367186000000007 -0.20166666666666619
decision_type=2 2 2 2 2 2 2 2 2 2 2 2 2
left_child=2 7 3 -1 9 12 -5 11 -7 -4 -6 -2 -3
right_child=1 5 4 6 10 8 -8 -9 -10 -11 -12 -13 -14
leaf_value=-0.098058109585804437 -0.015673296261980853 0.01936493585078744 -0.035123919519492681 -0.057762035217902089 0 0.042207023957233608 -0.030447435939467516 0.013104385638775173 0.06932379420247696 -0.0089289405533653603 0.015498708993971372 -0.0011157152610519721 0.037022631632279264
leaf_weight=121 110 111 182 268 95 201 365 183 368 166 158 94 208
leaf_count=121 110 111 182 268 95 201 365 183 368 166 158 94 208
internal_value=0 0.0357795 -0.0338298 -0.0526441 -0.00957331 0.0509101 -0.0427892 0.00024543 0.0606657 -0.0236212 0.00897562 -0.0102589 0.0320334
internal_weight=2630 1275 1355 754 601 888 633 387 569 348 253 204 319
internal_count=2630 1275 1355 754 601 888 633 387 569 348 253 204 319
is_linear=0
shrinkage=0.0355277


Tree=10
num_leaves=14
num_cat=0
split_feature=0 4 0 15 15 0 0 15 15 15 15 0 0
split_gain=2613.39 491.853 409.834 231.212 119.579 102.59 76.835 61.6029 50.9043 41.037 27.3066 20.7189 11.2333
threshold=30.745000000000001 4130.9463476314559 28.345000000000002 21.966297000000004 20.801333500000002 32.945000000000007 29.395000000000007 22.086999000000002 23.035443000000001 21.301314000000005 19.404570000000003 31.445000000000004 27.695000000000004
decision_type=2 2 2 2 2 2 2 2 2 2 2 2 2
left_child=2 9 4 10 -1 8 -5 -7 -3 11 -4 -2 -6
right_child=1 5 3 6 12 7 -8 -9 -10 -11 -12 -13 -14
leaf_value=-0.10205080901845379 -0.020346235623383814 0.010029590840525994 -0.062409213111876742 -0.020050526735900669 -0.062736419475783803 0.032981660149917297 0.0049623187236153294 0.075950441746958128 0.042957212457728468 0.015714105204201093 -0.032218460381161468 0 -0.038598011116847637
leaf_weight=93 99 93 120 295 154 93 294 250 507 134 172 134 192
leaf_count=93 99 93 120 295 154 93 294 250 507 134 172 134 192
internal_value=-8.51351e-07 0.0353843 -0.0352893 -0.0206975 -0.0634063 0.0488937 -0.00726036 0.0656972 0.0383723 0 -0.0463678 -0.00850043 -0.0508497
internal_weight=2630 1310 1320 881 439 943 589 343 600 367 292 233 346
internal_count=2630 1310 1320 881 439 943 589 343 600 367 292 233 346
is_linear=0
shrinkage=0.0355277


Tree=11
num_leaves=15
num_cat=0
split_feature=0 0 4 15 15 15 0 0 0 15 15 0 0 15
split_gain=2440.61 430.282 411.224 210.273 178.295 78.727 66.9842 42.9479 41.4821 28.9142 26.3687 18.8041 17.726 5.56755
threshold=30.895000000000007 28.795000000000005 4139.9336164745364 22.398051500000005 20.103417000000004 20.801333500000002 32.595000000000006 27.695000000000004 29.695000000000004 23.687622500000003 19.205265000000001 31.645000000000007 31.845000000000002 23.968801500000005
decision_type=2 2 2 2 2 2 2 2 2 2 2 2 2 2
left_child=1 4 5 10 -1 12 13 -6 -5 -8 -3 -7 -2 -4
right_child=2 3 6 8 7 11 9 -9 -10 -11 -12 -13 -14 -15
leaf_value=-0.099810732683847977 -0.017204277006156423 -0.055950038966057193 0.021565792767829987 -0.010632009495208093 -0.061927981102518147 0.0070450491632357551 0.042206709585902343 -0.034627554233955457 0.010178320311369211 0.073210245013212452 -0.02675310822449176 0.029543992069829581 0.001919630231431854 0.042686234919679794
leaf_weight=100 98 92 92 221 166 113 136 340 252 254 212 169 104 281
leaf_count=100 98 92 92 221 166 113 136 340 252 254 212 169 104 281
internal_value=-1.17521e-05 -0.0325305 0.0358569 -0.0144562 -0.0549755 0.00949891 0.0520834 -0.0446317 0 0.0637543 -0.037209 0.0216394 -0.00649691 0.0384869
internal_weight=2630 1383 1247 777 606 484 763 506 473 390 304 282 202 373
internal_count=2630 1383 1247 777 606 484 763 506 473 390 304 282 202 373
is_linear=0
shrinkage=0.0355277


Tree=12
num_leaves=13
num_cat=0
split_feature=0 4 4 0 15 0 15 14 15 131 0 15
split_gain=2280.59 429.375 359.707 204.756 108.487 91.6044 61.3943 37.1521 35.5706 20.1688 18.2052 14.955
threshold=30.745000000000001 4130.9463476314559 4082.553675312161 28.845000000000002 22.398051500000005 31.995000000000005 22.008228000000006 69.042000000000016 21.301314000000005 -1.1874999999999998 31.445000000000004 23.985156000000007
decision_type=2 2 2 2 2 2 2 2 2 2 2 2
left_child=2 8 9 7 -5 11 -7 -4 10 -1 -2 -3
right_child=1 5 3 4 -6 6 -8 -9 -10 -11 -12 -13
leaf_value=-0.09386739327678606 -0.019040286706219343 0.010303825244534982 -0.05399718107966598 -0.031665507194707801 0 0.025905257487554924 0.059617615354842328 -0.02948663500511171 0.014611038082864338 -0.052569123168904205 0 0.033015687309954585
leaf_weight=102 99 93 225 197 425 124 517 269 134 102 134 209
leaf_count=102 99 93 225 197 425 124 517 269 134 102 134 209
internal_value=-1.14659e-05 0.0330383 -0.032982 -0.0244975 -0.01029 0.0456605 0.0537388 -0.0416043 0 -0.07634 -0.00793466 0.0270839
internal_weight=2630 1310 1320 1116 622 943 641 494 367 204 233 302
internal_count=2630 1310 1320 1116 622 943 641 494 367 204 233 302
is_linear=0
shrinkage=0.0355277


Tree=13
num_leaves=12
num_cat=0
split_feature=0 4 0 15 0 15 0 15 15 15 0
split_gain=2129.06 418.481 330.697 191.483 89.261 71.5077 70.6248 49.4826 42.7834 35.402 18.389
threshold=30.695000000000004 4130.9463476314559 28.195000000000004 20.319066500000005 32.945000000000007 21.622873000000006 29.345000000000002 22.086999000000002 23.035443000000001 20.914680000000001 31.645000000000007
decision_type=2 2 2 2 2 2 2 2 2 2 2
left_child=2 9 5 -4 8 -1 -5 -6 -3 10 -2
right_child=1 4 3 6 7 -7 -8 -9 -10 -11 -12
leaf_value=-0.089434766726445583 -0.01942354250679712 0.0081539926163487608 -0.053077702263763078 -0.022612789192091091 0.029816372625947232 -0.047330837687231217 -0.00016207834872157502 0.068974679137052117 0.038412404332826576 0.011827525707940392 0
leaf_weight=101 110 93 178 368 93 280 375 250 514 167 101
leaf_count=101 110 93 178 368 93 280 375 250 514 167 101
internal_value=-2.10368e-05 0.0314757 -0.0323163 -0.0202038 0.0439898 -0.0602624 -0.0116729 0.059684 0.0342669 0 -0.00972319
internal_weight=2630 1328 1302 921 950 381 743 343 607 378 211
internal_count=2630 1328 1302 921 950 381 743 343 607 378 211
is_linear=0
shrinkage=0.0355277


Tree=14
num_leaves=13
num_cat=0
split_feature=0 0 15 15 15 0 0 14 0 15 0 15
split_gain=1989.7 352.714 338.088 173.699 160.831 99.2935 90.0899 41.3283 28.1767 22.6641 18.9896 17.2155
threshold=30.895000000000007 28.895000000000007 22.747919000000003 22.398051500000005 20.103417000000004 32.995000000000012 32.445000000000007 68.812500000000014 29.995000000000001 19.286895000000005 31.545000000000005 20.232733500000005
decision_type=2 2 2 2 2 2 2 2 2 2 2 2
left_child=1 4 6 9 -1 10 11 -6 -5 -3 -4 -2
right_child=2 3 5 8 7 -7 -8 -9 -10 -11 -12 -13
leaf_value=-0.090625979637924597 -0.013654089374684996 -0.049692880892946815 0.021290355321981595 -0.0053810610659562226 -0.050945547665929292 0.068593459189359329 0.027326437571999658 -0.027030114820878241 0.012341284928377683 -0.022730540782438129 0.042063776920329997 0.0027696651769611555
leaf_weight=103 124 96 149 265 259 220 183 280 182 198 403 168
leaf_count=103 124 96 149 265 259 220 183 280 182 198 403 168
internal_value=-2.42964e-05 -0.029394 0.0323536 -0.0121316 -0.0486799 0.0468458 0.00804672 -0.0393608 0.00140308 -0.0330868 0.0371437 -0.00357912
internal_weight=2630 1383 1247 741 642 772 475 539 447 294 552 292
internal_count=2630 1383 1247 741 642 772 475 539 447 294 552 292
is_linear=0
shrinkage=0.0355277


Tree=15
num_leaves=16
num_cat=0
split_feature=0 0 4 15 4 15 0 0 15 15 0 0 9 15 15
split_gain=1857.18 329.245 316.448 162.868 144.195 60.4092 53.546 33.2283 21.4719 20.422 15.2709 13.841 13.3501 4.22283 0.72579
threshold=30.895000000000007 28.795000000000005 4139.9336164745364 22.398051500000005 4120.4402114891445 20.732260000000004 32.295000000000009 29.695000000000004 23.687622500000003 19.205265000000001 31.645000000000007 31.895000000000007 43.562500000000007 20.038342500000002 24.312563000000008
decision_type=2 2 2 2 2 2 2 2 2 2 2 2 2 2 2
left_child=1 4 5 9 13 11 14 -5 -8 -3 -7 -2 -6 -1 -4
right_child=2 3 6 7 12 10 8 -9 -10 -11 -12 -13 -14 -15 -16
leaf_value=-0.088304460847235464 -0.014889028130847163 -0.049296495854986536 0.017875257613630284 -0.0093422357544685683 -0.042592786902765203 0.0054062818992650389 0.035624031010966582 0.0092670772322661753 0.060646840636710914 -0.023154752593988907 0.025756205112306255 0.0018229802556525745 -0.023252161869561364 -0.053299753481926671 0.034768955722848965
leaf_weight=99 104 92 99 221 190 113 154 252 326 212 170 97 207 110 184
leaf_count=99 104 92 99 221 190 113 154 252 326 212 170 97 207 110 184
internal_value=-3.02085e-05 -0.0284079 0.031248 -0.0125494 -0.0480574 0.00806253 0.0454884 9.32761e-05 0.0536101 -0.0325776 0.0186863 -0.00591069 -0.0335538 -0.0728892 0.0301231
internal_weight=2630 1383 1247 777 606 484 763 473 480 304 283 201 397 209 283
internal_count=2630 1383 1247 777 606 484 763 473 480 304 283 201 397 209 283
is_linear=0
shrinkage=0.0355277


Tree=16
num_leaves=13
num_cat=0
split_feature=0 4 0 15 0 0 4 15 15 15 0 15
split_gain=1737.81 341.324 277.18 160.381 77.1665 74.6825 42.7744 39.1339 36.444 28.5845 15.8927 1.1995
threshold=30.695000000000004 4130.5114386666201 27.945000000000004 20.319066500000005 29.345000000000002 32.945000000000007 4118.7836825011609 22.086999000000002 23.342756000000005 21.301314000000005 31.445000000000004 18.810763000000005
decision_type=2 2 2 2 2 2 2 2 2 2 2 2
left_child=2 9 6 11 -5 8 -1 -7 -3 10 -2 -4
right_child=1 5 3 4 -6 7 -8 -9 -10 -11 -12 -13
leaf_value=-0.08018934649338387 -0.017413044084241783 0.0092617622381978865 -0.059868448507868419 -0.022390549269540247 0 0.026911560439120307 -0.043007244634658957 0.06246170385791322 0.03513472703651397 0.012429450566892571 0 -0.032919993363371439
leaf_weight=116 107 115 97 445 375 93 176 250 494 136 133 93
leaf_count=116 107 115 97 445 375 93 176 250 494 136 133 93
internal_value=-3.50281e-05 0.0284126 -0.0292205 -0.0198563 -0.0124803 0.0396729 -0.059824 0.054084 0.0307509 0 -0.00758969 -0.0492107
internal_weight=2630 1328 1302 1010 820 952 292 343 609 376 240 190
internal_count=2630 1328 1302 1010 820 952 292 343 609 376 240 190
is_linear=0
shrinkage=0.0355277


Tree=17
num_leaves=12
num_cat=0
split_feature=0 15 15 0 0 0 15 0 15 0 0
split_gain=1622.88 314.128 261.626 195.523 93.4442 89.0525 48.5764 41.0092 15.007 12.4755 6.59653
threshold=30.695000000000004 22.747919000000003 19.404570000000003 28.945000000000004 32.595000000000006 32.245000000000012 24.234155500000004 27.745000000000001 20.232733500000005 31.545000000000005 33.045000000000009
decision_type=2 2 2 2 2 2 2 2 2 2 2
left_child=2 5 -1 7 9 8 -5 -4 -2 -3 -7
right_child=1 4 3 6 -6 10 -8 -9 -10 -11 -12
leaf_value=-0.068658779486576019 -0.01551359063557789 0.018685527057094396 -0.051261141338082669 -0.017987234559293727 0.057284373405115656 0.0099747074923301048 0.0027310141055677559 -0.027216503715312756 0 0.035617157744671127 0.029146836473372753
leaf_weight=175 131 187 188 232 316 94 318 389 168 307 125
leaf_count=175 131 187 188 232 316 94 318 389 168 307 125
internal_value=-4.39677e-05 0.027444 -0.0282506 -0.0214539 0.0412277 0.00523934 -0.00570015 -0.0358749 -0.00677603 0.0299536 0.0223958
internal_weight=2630 1328 1302 1127 810 518 550 577 299 494 219
internal_count=2630 1328 1302 1127 810 518 550 577 299 494 219
is_linear=0
shrinkage=0.0355277


Tree=18
num_leaves=12
num_cat=0
split_feature=84 4 4 4 7 4 131 7 82 113 100
split_gain=1399.76 401.548 218.448 108.565 79.5784 45.7908 27.2183 21.6707 19.9626 9.40354 7.80527
threshold=29.495000000000001 4125.7009274318962 4082.553675312161 4155.1238190411623 117.68750000000001 4135.7415631229842 0.035000000000000149 189.18750000000003 32.045000000000009 325.00000000000017 64.085000000000022
decision_type=2 2 2 2 2 2 2 2 2 2 2
left_child=2 8 9 7 -4 -6 -5 -3 10 -1 -2
right_child=1 3 4 6 5 -7 -8 -9 -10 -11 -12
leaf_value=-0.044357190284015545 -0.018948136546969946 0.0032379706965187378 -0.041042058321140024 0.030073152722536457 -0.022770250420799793 -0.0023874581765613192 0.053590605608111061 0.0246818997496214 0.0024639800204363464 -0.079602077925309281 -0.0038003056024089286
leaf_weight=97 162 97 232 190 421 248 306 540 117 98 122
leaf_count=97 162 97 232 190 421 248 306 540 117 98 122
internal_value=-3.77009e-05 0.021753 -0.0306949 0.0325642 -0.022649 -0.015635 0.0454882 0.0218267 -0.00826796 -0.0650007 -0.0134278
internal_weight=2630 1534 1096 1133 901 669 496 637 401 195 284
internal_count=2630 1534 1096 1133 901 669 496 637 401 195 284
is_linear=0
shrinkage=0.0355277


Tree=19
num_leaves=13
num_cat=0
split_feature=0 0 15 15 15 0 0 0 0 15 15 15
split_gain=1425.52 336.762 186.687 163.31 122.755 50.6318 42.0996 35.6665 31.1065 24.388 7.09419 6.81366
threshold=31.295000000000005 28.895000000000007 22.747919000000003 22.483686500000001 20.103417000000004 33.145000000000003 32.595000000000006 30.045000000000005 27.795000000000005 18.938495500000005 21.114980500000005 24.450933500000005
decision_type=2 2 2 2 2 2 2 2 2 2 2 2
left_child=1 4 6 9 -1 11 10 -5 -6 -3 -2 -4
right_child=2 3 5 7 8 -7 -8 -9 -10 -11 -12 -13
leaf_value=-0.07815129986853761 -0.0043324653669241193 -0.043328052320798047 0.025452485332188236 -0.0038843233101143199 -0.046587604658478159 0.061078108679579857 0.024177642409087794 0.013615353835161622 -0.024688363061238939 -0.018255730248375724 0.0080536972516642644 0.041293322815593191
leaf_weight=103 133 92 222 279 189 184 167 272 350 280 92 267
leaf_count=103 133 92 222 279 189 184 167 272 350 280 92 267
internal_value=-4.72193e-05 -0.0216803 0.0314762 -0.00754459 -0.0414026 0.042888 0.0109737 0.00440174 -0.0332003 -0.0256298 0 0.0349446
internal_weight=2630 1565 1065 923 642 673 392 551 539 372 225 489
internal_count=2630 1565 1065 923 642 673 392 551 539 372 225 489
is_linear=0
shrinkage=0.0355277


Tree=20
num_leaves=12
num_cat=0
split_feature=0 4 15 0 0 15 15 0 15 0 15
split_gain=1334.08 274.725 218.864 149.462 60.2363 46.1146 38.5504 33.7248 25.5158 9.68884 6.30373
threshold=30.645000000000007 4130.5114386666201 19.404570000000003 28.945000000000004 31.895000000000007 24.084463500000005 24.591398500000004 27.695000000000004 20.367186000000007 31.645000000000007 24.106119500000005
decision_type=2 2 2 2 2 2 2 2 2 2 2
left_child=2 8 -1 7 10 -6 -5 -4 -2 -10 -3
right_child=1 4 3 6 5 -7 -8 -9 9 -11 -12
leaf_value=-0.063757104856800528 -0.010167309779874116 0.0066634251978458757 -0.047276470390028573 -0.01588825498403211 0.027820564941086812 0.050293126388733927 0.002707954254042971 -0.024812660509792601 0 0.015874545907512694 0.02316119822608587
leaf_weight=170 183 94 174 244 308 366 282 403 119 93 194
leaf_count=170 183 94 174 244 308 366 282 403 119 93 194
internal_value=-4.91446e-05 0.0243221 -0.0261973 -0.0198983 0.0345147 0.0406842 -0.00557444 -0.0323815 -8.05159e-05 0.00763049 0.0187846
internal_weight=2630 1357 1273 1103 962 674 526 577 395 212 288
internal_count=2630 1357 1273 1103 962 674 526 577 395 212 288
is_linear=0
shrinkage=0.0355277


Tree=21
num_leaves=13
num_cat=0
split_feature=84 31 14 81 84 81 15 15 131 15 7 141
split_gain=1146.71 293.127 171.798 81.3637 63.2429 50.0343 40.1207 30.1822 26.3177 19.4558 11.4897 6.4226
threshold=29.495000000000001 0.5488226286565131 67.770500000000027 31.653333333333347 26.895000000000007 31.903333333333347 24.545178500000002 25.286504500000003 0.19833333333333594 19.931447000000002 180.50000000000003 0.40000000000000041
decision_type=2 2 2 2 2 2 2 2 2 2 2 2
left_child=2 3 4 11 -1 9 -5 10 -6 -3 -4 -2
right_child=1 5 7 6 8 -7 -8 -9 -10 -11 -12 -13
leaf_value=-0.069685303372527985 0.0035649176142059547 -0.022900690704567708 -0.024631377815601145 0.027559288811622656 -0.038990541917903417 0.012786035362491678 0.048152142129349901 0 -0.013161056370777422 -0.0031860800377544792 -0.0084316690847926323 0.017997938737302984
leaf_weight=99 103 110 194 393 371 163 315 166 100 221 166 229
leaf_count=99 103 110 194 393 371 163 315 166 100 221 166 229
internal_value=-4.2863e-05 0.0196719 -0.0277989 0.0303431 -0.0414095 -0.00243487 0.0373578 -0.0123316 -0.034209 -0.0106921 -0.018033 0.0143275
internal_weight=2630 1534 1096 1040 570 494 708 526 471 331 360 332
internal_count=2630 1534 1096 1040 570 494 708 526 471 331 360 332
is_linear=0
shrinkage=0.0355277


Tree=22
num_leaves=13
num_cat=0
split_feature=0 0 15 15 15 0 0 0 14 15 15 15
split_gain=1172.33 268.463 166.278 132.985 106.699 58.0358 32.3618 28.0059 26.2985 12.0023 10.4362 7.47048
threshold=31.245000000000001 28.895000000000007 22.086999000000002 21.966297000000004 20.103417000000004 33.145000000000003 33.045000000000009 30.095000000000002 68.812500000000014 19.079213000000006 24.266088000000007 20.232733500000005
decision_type=2 2 2 2 2 2 2 2 2 2 2 2
left_child=1 4 6 9 -1 10 11 -5 -6 -3 -4 -2
right_child=2 3 5 7 8 -7 -8 -9 -10 -11 -12 -13
leaf_value=-0.071859034548086814 -0.0074565882185489733 -0.038239825305955259 0.020976453693224283 -0.0040304395645752921 -0.039249911837366022 0.055817630907144082 0.022226257193907525 0.011240140294229328 -0.019867372972175289 -0.017799730108851976 0.036106167660392992 0.0048003623918766777
leaf_weight=103 107 97 246 303 259 195 109 271 280 227 302 131
leaf_count=103 107 97 246 303 259 195 109 271 280 227 302 131
internal_value=-4.94645e-05 -0.0200614 0.0279744 -0.00712162 -0.0375843 0.0374729 0.00671209 0.00283098 -0.0299174 -0.0251742 0.0300158 0
internal_weight=2630 1540 1090 898 642 743 347 574 539 324 548 238
internal_count=2630 1540 1090 898 642 743 347 574 539 324 548 238
is_linear=0
shrinkage=0.0355277


Tree=23
num_leaves=12
num_cat=0
split_feature=0 15 15 0 0 0 15 0 0 15 15
split_gain=1095.08 227.535 189.047 126.8 68.4982 64.0745 49.3415 13.9914 10.9289 10.7308 5.33526
threshold=30.645000000000007 22.747919000000003 18.306348000000003 28.245000000000001 32.995000000000012 32.245000000000012 24.558650000000004 31.545000000000005 27.345000000000002 20.103417000000004 20.505656500000004
decision_type=2 2 2 2 2 2 2 2 2 2 2
left_child=2 5 -1 8 7 9 -5 -3 -4 -2 -7
right_child=1 4 3 6 -6 10 -8 -9 -10 -11 -12
leaf_value=-0.070493559290123686 -0.013966165272806372 0.015217910573006505 -0.050337422067379151 -0.02021457957826894 0.051915632389746155 0.0069878328200736828 -0.002058285655694042 0.030871757038256658 -0.02876369383437621 0 0.02407506019934795
leaf_weight=99 127 198 115 384 220 92 430 403 245 190 127
leaf_count=99 127 198 115 384 220 92 430 403 245 190 127
internal_value=-5.14506e-05 0.022021 -0.0237498 -0.0192859 0.0337443 0.003477 -0.0109819 0.0262832 -0.0369685 -0.00619014 0.0182696
internal_weight=2630 1357 1273 1174 821 536 814 601 360 317 219
internal_count=2630 1357 1273 1174 821 536 814 601 360 317 219
is_linear=0
shrinkage=0.0355277


Tree=24
num_leaves=12
num_cat=0
split_feature=81 4 4 7 15 15 4 131 15 81 7
split_gain=927.546 230.624 138.156 110.395 76.3312 39.6415 27.8182 16.798 8.04534 7.36139 6.73521
threshold=31.245000000000008 4087.1954235136368 4149.4368617213831 135.45850000000004 25.257624000000003 21.563216500000003 4071.0099779231446 0.17166666666666688 25.133173500000009 32.011666666666684 213.56250000000003
decision_type=2 2 2 2 2 2 2 2 2 2 2
left_child=1 6 5 8 -5 9 -1 -4 -3 -2 -7
right_child=2 3 7 4 -6 10 -8 -9 -10 -11 -12
leaf_value=-0.067042892198979978 -0.0063759434835051277 -0.035714956902578261 0.025797809421111401 -0.011356300767222081 0.010650463500568849 0.0071213539226508589 -0.033656248472357674 0.044260347336771255 -0.015845141133807847 0.0059274324979132972 0.023816186917791637
leaf_weight=99 107 201 222 723 259 95 152 326 105 128 213
leaf_count=99 107 201 222 723 259 95 152 326 105 128 213
internal_value=-5.60383e-05 -0.0178797 0.0248421 -0.0114593 -0.00529496 0.0113512 -0.0489334 0.0375408 -0.0300465 0 0.0196148
internal_weight=2630 1539 1091 1288 982 543 251 548 306 235 308
internal_count=2630 1539 1091 1288 982 543 251 548 306 235 308
is_linear=0
shrinkage=0.0355277


Tree=25
num_leaves=13
num_cat=0
split_feature=0 4 15 0 0 15 15 15 15 0 15 0
split_gain=971.332 261.766 155.338 71.7957 65.6863 34.2886 26.3335 20.1579 13.9588 8.15215 5.61579 5.46471
threshold=30.095000000000002 4126.4855990577835 20.367186000000007 28.345000000000002 32.245000000000012 23.687622500000003 19.756192000000002 23.342756000000005 24.558650000000004 31.595000000000002 18.383128000000003 27.395000000000007
decision_type=2 2 2 2 2 2 2 2 2 2 2 2
left_child=2 6 10 11 7 -6 -2 -3 -5 -8 -1 -4
right_child=1 4 3 8 5 -7 9 -9 -10 -11 -12 -13
leaf_value=-0.068144926828303629 -0.017558945593684275 0 -0.043748167393999372 -0.017542766349194227 0.022216072054701469 0.043402351695688672 -0.0028719740351343588 0.01989844152714438 -0.0043285585534942215 0.0091864015942882682 -0.037461285024735592 -0.025009410231553453
leaf_weight=93 136 94 99 202 244 356 204 413 333 96 100 260
leaf_count=93 136 94 99 202 244 356 204 413 333 96 100 260
internal_value=-5.51524e-05 0.0179553 -0.0257866 -0.0189217 0.0271316 0.0354575 -0.00488377 0.0165459 -0.00987106 0.000351453 -0.0549552 -0.0314155
internal_weight=2630 1543 1087 894 1107 600 436 507 535 300 193 359
internal_count=2630 1543 1087 894 1107 600 436 507 535 300 193 359
is_linear=0
shrinkage=0.0355277


Tree=26
num_leaves=11
num_cat=0
split_feature=0 4 15 0 0 15 15 15 15 0
split_gain=907.664 252.739 142.026 65.9694 60.9734 31.6307 24.8284 17.979 15.6151 9.40743
threshold=29.995000000000001 4126.4855990577835 20.038342500000002 32.245000000000012 28.045000000000005 24.382245000000005 19.561091000000001 23.445165500000002 24.558650000000004 31.695000000000004
decision_type=2 2 2 2 2 2 2 2 2 2
left_child=2 6 -1 7 -4 -5 -2 -3 -6 -8
right_child=1 3 4 5 8 -7 9 -9 -10 -11
leaf_value=-0.05634236814274611 -0.018516415048876359 9.981703533286456e-05 -0.03388432001801147 0.024625304234500454 -0.020089389089342196 0.044900280959702485 -0.0038578639178148415 0.018847334886843835 -0.0068517651872648773 0.0090207872090434515
leaf_weight=164 121 105 270 337 237 263 235 423 379 96
leaf_count=164 121 105 270 337 237 263 235 423 379 96
internal_value=-6.99228e-05 0.016837 -0.0256766 0.0258286 -0.0194141 0.0342335 -0.0051531 0.0155837 -0.012449 0
internal_weight=2630 1580 1050 1128 886 600 452 528 616 331
internal_count=2630 1580 1050 1128 886 600 452 528 616 331
is_linear=0
shrinkage=0.0355277


Tree=27
num_leaves=13
num_cat=0
split_feature=0 0 15 15 15 0 0 14 0 15 15 15
split_gain=849.827 208.738 114.735 101.739 80.3808 43.0291 22.476 20.431 20.4123 12.2628 7.28638 4.54898
threshold=31.295000000000005 28.895000000000007 22.086999000000002 22.483686500000001 19.828619000000003 33.145000000000003 33.045000000000009 70.771000000000029 30.045000000000005 18.938495500000005 24.450933500000005 20.232733500000005
decision_type=2 2 2 2 2 2 2 2 2 2 2 2
left_child=1 4 6 9 -1 10 11 -6 -5 -3 -4 -2
right_child=2 3 5 8 7 -7 -8 -9 -10 -11 -12 -13
leaf_value=-0.063857545571085458 -0.0060433803325218105 -0.033212869957560842 0.018171121119850159 -0.0023455476339337492 -0.033616800844374337 0.048086183028562386 0.01885543318580947 -0.016463893355146898 0.010738612153655036 -0.014155323375656429 0.031494648900005973 0.0038362955267115845
leaf_weight=94 97 92 268 279 280 195 109 268 272 280 267 129
leaf_count=94 97 92 268 279 280 195 109 268 272 280 267 129
internal_value=-7.07637e-05 -0.016793 0.0242491 -0.00560555 -0.0323326 0.0321802 0.00604809 -0.0258987 0.00375346 -0.0199079 0.025507 0
internal_weight=2630 1565 1065 923 642 730 335 548 551 372 535 226
internal_count=2630 1565 1065 923 642 730 335 548 551 372 535 226
is_linear=0
shrinkage=0.0355277


Tree=28
num_leaves=14
num_cat=0
split_feature=0 4 14 0 15 15 0 15 15 0 0 0 15
split_gain=794.425 212.453 128.242 55.78 44.1829 26.3492 25.1186 21.8148 14.8906 10.6288 6.67398 1.58571 0.997022
threshold=30.095000000000002 4126.4855990577835 67.166499999999999 33.195000000000007 18.486690000000003 22.398051500000005 29.045000000000005 19.756192000000002 22.398051500000005 29.445000000000004 31.595000000000002 28.395000000000007 25.084268000000005
decision_type=2 2 2 2 2 2 2 2 2 2 2 2 2
left_child=2 7 4 5 -1 -3 11 -2 -5 -6 -9 -4 -8
right_child=1 3 6 8 9 -7 12 10 -10 -11 -12 -13 -14
leaf_value=-0.06070341454053834 -0.015875093983803542 0.00050096483107730367 -0.021140683776252764 0.020484913618127605 -0.032927861224214067 0.021608670351577607 -0.0034887422268437382 -0.0024546118401854011 0.047035889266563484 -0.012684055240310537 0.0084091943676925275 -0.009887441035256404 0.00056749307183721041
leaf_weight=93 136 108 175 92 348 730 95 204 177 92 96 158 126
leaf_count=93 136 108 175 92 348 730 95 204 177 92 96 158 126
internal_value=-7.12953e-05 0.0162084 -0.0233498 0.0244782 -0.0359015 0.019178 -0.0106213 -0.0043241 0.039407 -0.0294236 0.000378977 -0.0167306 -0.000227024
internal_weight=2630 1543 1087 1107 533 838 554 436 269 440 300 333 221
internal_count=2630 1543 1087 1107 533 838 554 436 269 440 300 333 221
is_linear=0
shrinkage=0.0355277


Tree=29
num_leaves=14
num_cat=0
split_feature=0 0 31 4 4 0 0 0 3 3 7 3 84
split_gain=747.926 181.882 94.2134 79.1031 69.1619 21.0533 19.4103 18.5856 7.28425 5.10726 3.95985 3.16636 1.01663
threshold=31.295000000000005 28.745000000000001 0.25951179706979971 4115.9091024967756 4120.4402114891445 32.245000000000012 33.245000000000012 29.695000000000004 63.145000000000003 67.455000000000013 160.45850000000004 63.930000000000007 27.095000000000002
decision_type=2 2 2 2 2 2 2 2 2 2 2 2 2
left_child=1 4 6 8 12 9 -2 -5 -3 -4 -6 -7 -1
right_child=2 3 5 7 10 11 -8 -9 -10 -11 -12 -13 -14
leaf_value=-0.060080297655771539 0.025985841034653616 -0.028854871758858057 -0.0033934823496560053 -0.0054402264995334201 -0.024317011955527715 0.0068693117388593091 0.044799528325895017 0.0071624261323507341 -0.013357222518022949 0.0071823380006442381 -0.0099151575369269222 0.020960596750659879 -0.033823569502872672
leaf_weight=99 427 102 117 227 273 100 173 358 297 92 108 156 101
leaf_count=99 427 102 117 227 273 100 173 358 297 92 108 156 101
internal_value=-7.65914e-05 -0.0157695 0.0227333 -0.00610607 -0.0315267 0.00983631 0.0321641 0.00188496 -0.0182369 0.000281131 -0.0210299 0.0165948 -0.0492582
internal_weight=2630 1565 1065 984 581 465 600 585 399 209 381 256 200
internal_count=2630 1565 1065 984 581 465 600 585 399 209 381 256 200
is_linear=0
shrinkage=0.0355277


Tree=30
num_leaves=11
num_cat=0
split_feature=0 0 15 15 0 0 0 7 0 15
split_gain=699.963 153.604 114.412 79.0222 66.4065 41.659 22.0948 9.79863 8.51947 7.05443
threshold=31.045000000000005 27.595000000000002 22.008228000000006 21.074900000000003 29.195000000000004 33.145000000000003 33.045000000000009 205.89600000000004 29.895000000000007 19.931447000000002
decision_type=2 2 2 2 2 2 2 2 2 2
left_child=1 -1 6 8 -5 7 9 -4 -3 -2
right_child=2 3 5 4 -6 -7 -8 -9 -10 -11
leaf_value=-0.047462902388560102 -0.0093308571705824142 -0.035369521043978246 0.0070161985505416352 -0.015822690105946644 0.0022222901197203157 0.04346708889728635 0.016711570355755798 0.024311062053462507 -0.016647054497803928 0.0018582295761572344
leaf_weight=177 96 161 94 492 492 197 107 502 141 171
leaf_count=177 96 161 94 492 492 197 107 502 141 171
internal_value=-8.21474e-05 -0.0165084 0.0202977 -0.0118771 -0.00661264 0.0279354 0.00332837 0.0220531 -0.0278447 -0.00145231
internal_weight=2630 1463 1167 1286 984 793 374 596 302 267
internal_count=2630 1463 1167 1286 984 793 374 596 302 267
is_linear=0
shrinkage=0.0355277


Tree=31
num_leaves=14
num_cat=0
split_feature=0 0 15 15 4 15 0 15 0 15 0 7 0
split_gain=654.139 180.658 84.7959 73.8399 71.0947 18.7711 16.3082 12.8758 11.3536 8.06289 7.29896 7.04443 2.56364
threshold=31.545000000000005 28.995000000000001 22.398051500000005 23.708041500000004 4121.540485282947 20.914680000000001 30.045000000000005 18.938495500000005 33.295000000000009 19.756192000000002 32.495000000000012 160.45850000000004 32.545000000000009
decision_type=2 2 2 2 2 2 2 2 2 2 2 2 2
left_child=1 4 7 5 9 12 -4 -3 -5 -1 -7 -6 -2
right_child=3 2 6 8 11 10 -8 -9 -10 -11 -12 -13 -14
leaf_value=-0.057530317580811889 -0.00070981960756185346 -0.028780309546458029 -0.0012443388669420928 0.026910592711905809 -0.02168059472961844 0.0079540359024828401 0.0099894323811382957 -0.010929769840626975 0.045585414714251461 -0.031845081566215273 0.024061004794352067 -0.008067234800421751 0.006116545692121278
leaf_weight=93 94 98 256 371 286 129 328 306 131 152 148 146 92
leaf_count=93 94 98 256 371 286 129 328 306 131 152 148 146 92
internal_value=-7.54453e-05 -0.0136364 -0.00363654 0.0230312 -0.0277431 0.0117906 0.00471925 -0.0161602 0.0326984 -0.0436116 0.0176779 -0.0177647 0.00157484
internal_weight=2630 1665 988 965 677 463 584 404 502 245 277 432 186
internal_count=2630 1665 988 965 677 463 584 404 502 245 277 432 186
is_linear=0
shrinkage=0.0355277


Tree=32
num_leaves=13
num_cat=0
split_feature=0 15 15 0 0 0 15 15 15 15 0 0
split_gain=613.325 158.926 106.364 48.0074 47.6344 47.2341 11.4739 9.03515 6.62167 5.84242 5.61611 3.71051
threshold=30.145000000000007 22.747919000000003 20.367186000000007 32.595000000000006 31.995000000000005 28.345000000000002 24.858160000000002 20.563695000000003 20.232733500000005 18.383128000000003 31.545000000000005 27.345000000000002
decision_type=2 2 2 2 2 2 2 2 2 2 2 2
left_child=2 4 9 10 7 11 -7 -2 -6 -1 -3 -4
right_child=1 3 5 -5 8 6 -8 -9 -10 -11 -12 -13
leaf_value=-0.055726962744790956 -0.01261329168167441 0.010871448180414779 -0.035586975513696224 0.035760626926183987 0.0014104281552235233 -0.012661013323593826 -0.0013565311853393968 0 0.016648673412433104 -0.02886259416307816 0.021279367331814129 -0.019413259945150481
leaf_weight=95 201 280 94 316 92 266 285 164 163 102 307 265
leaf_count=95 201 280 94 316 92 266 285 164 163 102 307 265
internal_value=-7.89819e-05 0.0144404 -0.0202281 0.0239053 0.000200061 -0.0145499 -0.00729482 -0.00761523 0.012171 -0.0441664 0.0168519 -0.0247705
internal_weight=2630 1523 1107 903 620 910 551 365 255 197 587 359
internal_count=2630 1523 1107 903 620 910 551 365 255 197 587 359
is_linear=0
shrinkage=0.0355277


Tree=33
num_leaves=11
num_cat=0
split_feature=0 0 15 15 15 0 0 0 15 15
split_gain=574.096 132.49 92.3367 65.8597 35.9692 34.4672 19.3 18.9083 9.23752 5.8408
threshold=31.045000000000005 27.245000000000001 22.008228000000006 25.192341500000001 18.691032000000003 33.145000000000003 29.445000000000004 33.045000000000009 24.266088000000007 19.931447000000002
decision_type=2 2 2 2 2 2 2 2 2 2
left_child=1 -1 7 4 -3 8 -5 9 -4 -2
right_child=2 3 5 6 -6 -7 -8 -9 -10 -11
leaf_value=-0.05140813508405094 -0.0085253831643439353 -0.035775691784469314 0.012547844848866195 -0.006543853635584621 -0.013147717823376355 0.039441828701316808 0.0096952215018804334 0.015438480555322201 0.024826071082082426 0.0015906861792642126
leaf_weight=114 96 114 270 169 887 197 179 107 326 171
leaf_count=114 96 114 270 169 887 197 179 107 326 171
internal_value=-8.84596e-05 -0.0149726 0.0183601 -0.0115178 -0.0161422 0.0252271 0.00119384 0.00304154 0.0198151 -0.00132502
internal_weight=2630 1463 1167 1349 1001 793 348 374 596 267
internal_count=2630 1463 1167 1349 1001 793 348 374 596 267
is_linear=0
shrinkage=0.0355277


Tree=34
num_leaves=14
num_cat=0
split_feature=0 4 14 0 0 98 0 0 3 31 3 0 7
split_gain=541.499 146.853 91.1356 43.3622 27.2703 19.2421 14.8122 7.23266 9.19376 4.78765 1.68602 0.65775 0.427089
threshold=29.995000000000001 4123.5503459387264 67.166499999999999 33.295000000000009 27.195000000000004 71.355000000000004 29.045000000000005 31.445000000000004 68.225000000000009 0.1500498401600889 67.645000000000024 28.495000000000001 186.35400000000001
decision_type=2 2 2 2 2 2 2 2 2 2 2 2 2
left_child=2 7 4 5 -1 -3 11 8 -2 -5 -6 -4 -8
right_child=1 3 6 9 10 -7 12 -9 -10 -11 -12 -13 -14
leaf_value=-0.050398560227149114 -0.013283628739365909 0 -0.016476467642312299 0.040443922904658154 -0.034336287253763594 0.017077289739927368 -0.0023658391429325944 0.00062810337339816869 0 0.019996667082610144 -0.020263456296551893 -0.0067976845216478421 0
leaf_weight=97 169 114 202 143 110 810 92 124 113 107 305 131 113
leaf_count=97 169 114 202 143 110 810 92 124 113 107 305 131 113
internal_value=-8.01743e-05 0.0129589 -0.0198775 0.0193443 -0.0307283 0.0151578 -0.00891625 -0.00497003 -0.00817781 0.0332333 -0.0249562 -0.0135182 -0.000203135
internal_weight=2630 1580 1050 1174 512 924 538 406 282 250 415 333 205
internal_count=2630 1580 1050 1174 512 924 538 406 282 250 415 333 205
is_linear=0
shrinkage=0.0355277


Tree=35
num_leaves=12
num_cat=0
split_feature=84 31 15 15 84 131 82 15 9 141 15
split_gain=460.515 128.83 85.3612 39.2289 29.2586 22.2983 19.4743 16.5787 7.88035 7.75784 5.40882
threshold=29.495000000000001 0.5488226286565131 18.306348000000003 25.182392000000004 31.595000000000002 0.023333333333331655 32.345000000000006 24.545178500000002 83.687500000000014 0.45000000000000112 21.151392000000001
decision_type=2 2 2 2 2 2 2 2 2 2 2
left_child=2 4 -1 5 9 -4 10 -6 -5 -2 -3
right_child=1 6 3 8 7 -7 -8 -9 -10 -11 -12
leaf_value=-0.0489218387777288 0.0036525395263121022 -0.011074648424873554 -0.022644529078582259 -0.0074293368275600456 0.017485271916598516 -0.0075837059466568662 0.0067813213648680679 0.033616494761245272 0.0046158112421716985 0.015494181580404011 0
leaf_weight=101 166 203 502 129 296 245 170 250 119 328 121
leaf_count=101 166 203 502 129 296 245 170 250 119 328 121
internal_value=-8.43025e-05 0.0123777 -0.0177043 -0.0140419 0.0194642 -0.0181021 -0.00214346 0.025559 -0.000788005 0.0120558 -0.00754734
internal_weight=2630 1534 1096 995 1040 747 494 546 248 494 324
internal_count=2630 1534 1096 995 1040 747 494 546 248 494 324
is_linear=0
shrinkage=0.0355277


Tree=36
num_leaves=12
num_cat=0
split_feature=0 0 15 0 15 0 14 15 0 15 0
split_gain=477.708 135.104 61.7745 56.6609 55.4843 28.8596 14.7248 11.9121 11.1429 4.45696 1.3973
threshold=31.545000000000005 28.995000000000001 21.529187000000004 27.145000000000007 20.914680000000001 33.295000000000009 58.125000000000021 24.216803500000001 29.895000000000007 18.938495500000005 32.545000000000009
decision_type=2 2 2 2 2 2 2 2 2 2 2
left_child=1 3 9 -1 10 7 -5 -6 -4 -3 -2
right_child=4 2 8 6 5 -7 -8 -9 -10 -11 -12
leaf_value=-0.049934375684570265 -0.0003646731073522003 -0.024282740992935047 -0.0024940386588021119 -0.027073621534797459 0.011508060468262402 0.037064384307114034 -0.012669844450727776 0.024543260138172054 0.0065456152909138645 -0.010425990857186712 0.0044057039959372679
leaf_weight=97 94 98 238 218 287 194 362 298 424 228 92
leaf_count=97 94 98 238 218 287 194 362 298 424 228 92
internal_value=-7.88717e-05 -0.0116799 -0.0029989 -0.0238838 0.0196546 0.0238095 -0.0186856 0.0187077 0.00296462 -0.0156268 0.000881825
internal_weight=2630 1665 988 677 965 779 580 585 662 326 186
internal_count=2630 1665 988 677 965 779 580 585 662 326 186
is_linear=0
shrinkage=0.0355277


Tree=37
num_leaves=12
num_cat=0
split_feature=0 31 0 14 0 0 0 0 3 3 0
split_gain=447.414 103.234 88.2902 41.8442 26.8364 21.1337 19.6698 6.3055 5.74027 3.37621 0.637965
threshold=30.495000000000001 0.46735921715800216 27.245000000000001 62.041500000000006 32.395000000000003 29.195000000000004 32.095000000000006 29.745000000000001 66.745000000000019 74.955000000000013 33.895000000000003
decision_type=2 2 2 2 2 2 2 2 2 2 2
left_child=2 4 -1 7 9 -5 8 -4 -3 -2 -6
right_child=1 6 3 5 10 -7 -8 -9 -10 -11 -12
leaf_value=-0.045637972818108344 0.0049047570026893939 -0.0085077531188361942 -0.024140571810399757 -0.011028994106377499 0.023320358099445604 0.0013553677454736669 0.0098224174270068187 -0.0098514331971907183 0 0.015854881566231521 0.037936699502087917
leaf_weight=114 124 178 327 405 333 249 190 129 155 324 102
leaf_count=114 124 178 327 405 333 249 190 129 155 324 102
internal_value=-8.25244e-05 0.0134777 -0.0158325 -0.0123454 0.0208561 -0.00600189 0.000500954 -0.0207631 -0.00422994 0.0134236 0.0277185
internal_weight=2630 1406 1224 1110 883 654 523 456 333 448 435
internal_count=2630 1406 1224 1110 883 654 523 456 333 448 435
is_linear=0
shrinkage=0.0355277


Tree=38
num_leaves=12
num_cat=0
split_feature=0 0 15 15 15 0 0 15 15 15 136
split_gain=419.472 118.557 58.9284 50.289 44.7538 25.0718 15.8212 10.3574 8.51738 4.39251 1.11427
threshold=31.545000000000005 28.645000000000007 22.398051500000005 20.914680000000001 20.398594500000005 33.295000000000009 29.695000000000004 24.084463500000005 18.691032000000003 24.769260500000005 1.0500000000000027
decision_type=2 2 2 2 2 2 2 2 2 2 2
left_child=1 4 8 10 -1 7 -4 -5 -3 -6 -2
right_child=3 2 6 5 9 -7 -8 -9 -10 -11 -12
leaf_value=-0.047591349250707148 -0.00051041630552343183 -0.025063305104372241 -0.0039627675732708395 0.010338654432120427 -0.023527237930918821 0.034814765237058329 0.0067830356689005085 0.022689971096933145 -0.01001752327514965 -0.011827071298835574 0.0038225970354188962
leaf_weight=97 94 97 263 269 227 194 413 316 349 219 92
leaf_count=97 94 97 263 269 227 194 413 316 349 219 92
internal_value=-7.22198e-05 -0.0109485 -0.00406334 0.0184139 -0.0245687 0.022366 0.00227342 0.0175513 -0.0140719 -0.0185094 0.000508535
internal_weight=2630 1665 1122 965 543 779 676 585 446 446 186
internal_count=2630 1665 1122 965 543 779 676 585 446 446 186
is_linear=0
shrinkage=0.0355277


Tree=39
num_leaves=12
num_cat=0
split_feature=0 15 15 14 0 0 0 0 15 15 7
split_gain=393.4 104.902 75.7344 33.499 32.2979 28.8383 10.293 6.33196 6.21984 6.12177 5.13913
threshold=30.145000000000007 22.877686000000001 18.383128000000003 70.291500000000028 31.995000000000005 32.745000000000012 29.195000000000004 29.445000000000004 19.756192000000002 20.232733500000005 198.47900000000001
decision_type=2 2 2 2 2 2 2 2 2 2 2
left_child=2 4 -1 7 8 10 -5 -4 -2 -6 -3
right_child=1 5 3 6 9 -7 -8 -9 -10 -11 -12
leaf_value=-0.046625947537025113 -0.013020832203285947 0.0040381832951290149 -0.022422259965969204 -0.0094617473941202828 0 0.029973041158867116 0 -0.007576713894627031 -0.001789923940562701 0.013742517122774025 0.016048665877361194
leaf_weight=95 117 114 381 350 92 271 176 105 260 178 491
leaf_count=95 117 114 381 350 92 271 176 105 260 178 491
internal_value=-7.61778e-05 0.011535 -0.0162301 -0.0129028 0.000309735 0.0195129 -0.00595591 -0.0198021 -0.00601064 0.00989264 0.0142153
internal_weight=2630 1523 1107 1012 647 876 526 486 377 270 605
internal_count=2630 1523 1107 1012 647 876 526 486 377 270 605
is_linear=0
shrinkage=0.0355277


Tree=40
num_leaves=12
num_cat=0
split_feature=0 0 31 31 0 0 0 0 0 3 3
split_gain=368.545 94.9187 52.2658 40.0432 27.0808 19.1805 11.4531 10.7304 7.08961 1.78738 1.16156
threshold=31.245000000000001 27.945000000000004 0.25951179706979971 0.65837719692149965 29.495000000000001 27.145000000000007 32.245000000000012 33.445000000000007 30.145000000000007 66.745000000000019 63.930000000000007
decision_type=2 2 2 2 2 2 2 2 2 2 2
left_child=1 5 7 4 -3 -1 9 -2 -5 -4 -8
right_child=2 3 6 8 -6 -7 10 -9 -10 -11 -12
leaf_value=-0.044756379456452153 0.018437996247686338 -0.0082169861291913164 -0.0028362869677272481 -0.020962807922698602 0.0043305388542758897 -0.019855450357203892 0.0037191673933870762 0.033916476212020631 -0.008157312931178844 0.0033859901116956703 0.014071820303755417
leaf_weight=97 474 434 118 223 401 195 100 138 190 104 156
leaf_count=97 474 434 118 223 401 195 100 138 190 104 156
internal_value=-7.40317e-05 -0.0113314 0.0156005 -0.00675784 -0.00193475 -0.0296032 0.00603007 0.0225822 -0.0158069 0 0.0110631
internal_weight=2630 1540 1090 1248 835 292 478 612 413 222 256
internal_count=2630 1540 1090 1248 835 292 478 612 413 222 256
is_linear=0
shrinkage=0.0355277


Tree=41
num_leaves=12
num_cat=0
split_feature=0 0 4 4 100 7 3 0 7 0 0
split_gain=345.165 98.9897 42.8363 32.4815 30.7842 11.0836 7.90236 5.89259 4.66955 2.65575 0.526631
threshold=31.545000000000005 28.395000000000007 4103.7479669408012 4146.6611941896581 71.15000000000002 162.27100000000004 62.315000000000005 33.895000000000003 220.85400000000001 29.895000000000007 27.845000000000002
decision_type=2 2 2 2 2 2 2 2 2 2 2
left_child=1 4 9 6 -1 -4 -2 -5 -8 -3 -6
right_child=3 2 5 7 10 -7 8 -9 -10 -11 -12
leaf_value=-0.044010007760189179 0 -0.019663961121823392 -0.0082155419983965128 0.018987915551204076 -0.021808462870503947 0.0018399745892007629 0.0019764001601731526 0.034324089955158919 0.014478636859083936 -0.0085758340265725177 -0.011244666243667396
leaf_weight=92 106 168 166 461 194 700 107 100 191 180 165
leaf_count=92 106 168 166 461 194 700 107 100 191 180 165
internal_value=-7.04904e-05 -0.0099443 -0.00438707 0.0166905 -0.0241611 0 0.00794035 0.0224465 0.0108567 -0.0148034 -0.0178303
internal_weight=2630 1665 1214 965 451 866 404 561 298 348 359
internal_count=2630 1665 1214 965 451 866 404 561 298 348 359
is_linear=0
shrinkage=0.0355277


Tree=42
num_leaves=12
num_cat=0
split_feature=0 15 15 15 0 0 0 15 9 15 134
split_gain=323.458 85.8431 71.3756 31.2079 29.8826 16.8928 12.2546 7.80259 7.7116 5.20205 2.93201
threshold=30.395000000000007 23.648112000000005 18.306348000000003 24.998714500000002 32.245000000000012 32.845000000000006 28.595000000000002 19.561091000000001 64.812500000000014 20.505656500000004 -20.898266666666654
decision_type=2 2 2 2 2 2 2 2 2 2 2
left_child=2 4 -1 6 7 10 -4 -2 -5 -6 -3
right_child=1 5 3 8 9 -7 -8 -9 -10 -11 -12
leaf_value=-0.04346028854522279 -0.01217222397263366 0.0047963256882900132 -0.020672643221408941 -0.008095209160600747 0.00088849562849029615 0.029775566037378538 -0.0093496830926225391 -7.004410911393548e-05 0.0016579931953503324 0.014238530119301231 0.016849304676514569
leaf_weight=94 93 94 345 151 92 210 379 341 222 207 402
leaf_count=94 93 94 345 151 92 210 379 341 222 207 402
internal_value=-7.19004e-05 0.0111568 -0.0138154 -0.010853 0.00225288 0.0199896 -0.0151771 -0.00330393 -0.00175921 0.0109668 0.0150973
internal_weight=2630 1439 1191 1097 733 706 724 434 373 299 496
internal_count=2630 1439 1191 1097 733 706 724 434 373 299 496
is_linear=0
shrinkage=0.0355277


Tree=43
num_leaves=12
num_cat=0
split_feature=0 0 3 0 98 0 0 3 14 3 0
split_gain=303.565 91.091 37.3665 36.7018 24.8377 13.6061 8.97259 4.64222 4.63304 4.34404 4.2448
threshold=31.645000000000007 28.745000000000001 72.290000000000006 27.145000000000007 74.730000000000004 29.795000000000005 33.045000000000009 61.795000000000009 58.125000000000021 66.160000000000011 33.295000000000009
decision_type=2 2 2 2 2 2 2 2 2 2 2
left_child=1 3 7 -1 6 -4 9 -3 -5 -2 -6
right_child=4 2 5 8 10 -7 -8 -9 -10 -11 -12
leaf_value=-0.041398050233917717 -0.00020997141555383382 -0.020147720441338432 -0.0035295669589750617 -0.021448035360927778 0.017675360175722802 0.0060865031375618352 0.015395044511723641 -0.0078046098525200074 -0.010529017466766108 0.0075848373387435103 0.031041537017539322
leaf_weight=97 119 93 296 183 379 419 164 319 301 132 128
leaf_count=97 119 93 296 183 379 419 164 319 301 132 128
internal_value=-6.83312e-05 -0.00901441 -0.00285336 -0.020433 0.0162133 0.00179636 0.00863596 -0.0113744 -0.0153254 0.00309078 0.0218062
internal_weight=2630 1708 1127 581 922 715 415 412 484 251 507
internal_count=2630 1708 1127 581 922 715 415 412 484 251 507
is_linear=0
shrinkage=0.0355277


Tree=44
num_leaves=13
num_cat=0
split_feature=0 15 15 0 0 14 15 0 15 15 15 0
split_gain=284.88 81.5595 58.381 24.706 24.2583 23.3434 6.64534 6.11294 5.02652 4.8057 1.60017 1.5744
threshold=29.995000000000001 22.877686000000001 18.486690000000003 31.995000000000005 31.895000000000007 70.291500000000028 25.327107000000005 29.195000000000004 20.232733500000005 19.756192000000002 24.537126000000004 27.345000000000002
decision_type=2 2 2 2 2 2 2 2 2 2 2 2
left_child=2 3 -1 9 10 11 -6 -7 -5 -2 -3 -4
right_child=1 4 5 8 6 7 -8 -9 -10 -11 -12 -13
leaf_value=-0.041630538032153504 -0.011770631558504423 0.0027068299624028584 -0.025456925036706754 0 0.016870625946983277 -0.0078290768767717133 0.030548977817303355 0 0.011562543453035704 -0.0019060789460467141 0.010721400071882227 -0.013917489667272867
leaf_weight=92 124 143 106 92 362 350 152 149 178 275 254 353
leaf_count=92 124 143 106 92 362 350 152 149 178 275 254 353
internal_value=-7.11014e-05 0.00936274 -0.0144536 0 0.0162451 -0.0113721 0.0216486 -0.00528411 0.00813069 -0.00565503 0.00847589 -0.0173552
internal_weight=2630 1580 1050 669 911 958 514 499 270 399 397 459
internal_count=2630 1580 1050 669 911 958 514 499 270 399 397 459
is_linear=0
shrinkage=0.0355277


Tree=45
num_leaves=11
num_cat=0
split_feature=0 15 0 15 15 15 15 7 136 0
split_gain=266.915 81.0457 45.8537 42.0882 23.4232 15.9039 10.0519 8.98161 1.56843 0.784463
threshold=31.245000000000001 17.993288000000003 29.045000000000005 24.450933500000005 23.687622500000003 20.914680000000001 24.769260500000005 213.56250000000003 1.1250000000000002 33.345000000000006
decision_type=2 2 2 2 2 2 2 2 2 2
left_child=1 -1 6 5 -4 8 -3 -7 -2 -5
right_child=3 2 4 9 -6 7 -8 -9 -10 -11
leaf_value=-0.041333759029154593 -0.003101627816204306 -0.018732430938282599 -0.0078878332515777902 0.018569788910445938 0.0040995959858235393 0 -0.0076012126319442317 0.0136973634930522 0.0026697854349168213 0.032291682070521945
leaf_weight=93 120 365 374 302 423 107 285 367 102 92
leaf_count=93 120 365 374 302 423 107 285 367 102 92
internal_value=-6.77834e-05 -0.0096606 -0.00731099 0.0132587 -0.00126121 0.00741071 -0.0143074 0.0110525 0 0.0227648
internal_weight=2630 1540 1447 1090 797 696 650 474 222 394
internal_count=2630 1540 1447 1090 797 696 650 474 222 394
is_linear=0
shrinkage=0.0355277


Tree=46
num_leaves=13
num_cat=0
split_feature=81 15 31 15 131 81 131 9 15 15 134 24
split_gain=216.448 61.7767 60.6345 30.3597 16.0145 12.959 11.2087 8.92789 4.87508 3.96867 3.70038 0.894091
threshold=30.486666666666675 18.088612500000004 0.25951179706979971 24.998714500000002 0.18583333333333488 31.903333333333347 -0.018333333333330867 64.812500000000014 22.483686500000001 20.914680000000001 -16.906983333333326 1.382765950054351
decision_type=2 2 2 2 2 2 2 2 2 2 2 2
left_child=1 -1 4 6 10 8 -3 -5 -4 -7 -2 -6
right_child=2 3 5 7 11 9 -8 -9 -10 -11 -12 -13
leaf_value=-0.038752789937298221 0.00044010330937151111 -0.016422063583729964 -0.0059269508247064449 -0.0070831010411224835 0.0245971080537708 0 -0.0056638754228611893 0.0038528415899590621 0.0021565764377297304 0.0092829201293591537 0.011753852340675303 0.011208685887313182
leaf_weight=93 92 451 258 146 278 105 287 240 92 210 281 97
leaf_count=93 92 451 258 146 278 105 287 240 92 210 281 97
internal_value=-6.02667e-05 -0.0110988 0.0092947 -0.00842172 0.0162189 0.00109638 -0.0126192 0 -0.00316778 0.00650859 0.00960872 0.0219522
internal_weight=2630 1217 1413 1124 748 665 738 386 350 315 373 375
internal_count=2630 1217 1413 1124 748 665 738 386 350 315 373 375
is_linear=0
shrinkage=0.0355277


Tree=47
num_leaves=12
num_cat=0
split_feature=0 15 0 0 14 0 15 0 15 24 15
split_gain=237.264 67.476 52.2889 24.0559 22.1133 14.5733 6.15438 6.06784 3.9213 1.79639 0.777906
threshold=30.145000000000007 23.648112000000005 27.145000000000007 32.245000000000012 67.770500000000027 32.845000000000006 20.232733500000005 29.195000000000004 20.801333500000002 1.6291719112654841 19.828619000000003
decision_type=2 2 2 2 2 2 2 2 2 2 2
left_child=2 3 -1 6 10 9 -2 -6 -5 -3 -4
right_child=1 5 4 8 7 -7 -8 -9 -10 -11 -12
leaf_value=-0.037650481244110162 -0.0082547591343607087 0.013666574478889257 -0.022057774031243062 0.00089309520298930072 -0.0069974236885478568 0.025648944042848405 0 0 0.012414610283334553 0.0034246292393563171 -0.012218278386482406
leaf_weight=97 187 443 129 103 365 210 290 187 196 94 329
leaf_count=97 187 443 129 103 365 210 290 187 196 94 329
internal_value=-4.87005e-05 0.00894936 -0.0126128 0.00126934 -0.00978254 0.0165559 -0.00333606 -0.00433843 0.0092791 0.0123456 -0.0157199
internal_weight=2630 1523 1107 776 1010 747 477 552 299 537 458
internal_count=2630 1523 1107 776 1010 747 477 552 299 537 458
is_linear=0
shrinkage=0.0355277


Tree=48
num_leaves=9
num_cat=0
split_feature=0 15 0 15 15 14 15 9
split_gain=222.242 75.728 47.8696 27.2711 20.6963 12.3878 9.46168 5.2119
threshold=31.645000000000007 17.993288000000003 29.345000000000002 24.504975000000005 23.758638000000001 70.771000000000029 20.914680000000001 177.54150000000001
decision_type=2 2 2 2 2 2 2 2
left_child=1 -1 5 6 -4 -3 -2 -8
right_child=3 2 4 -5 -6 -7 7 -9
leaf_value=-0.037535741106564581 0.00012946373623546966 -0.017035117350413721 -0.005119237476952105 0.022319469824038447 0.0058725828291803714 -0.0063678433241046153 0.0028470775748466411 0.014421000023316654
leaf_weight=98 175 379 445 337 409 377 129 281
leaf_count=98 175 379 445 337 409 377 129 281
internal_value=-4.42887e-05 -0.00771116 -0.00562646 0.0138744 0 -0.0121017 0.0084544 0.0114134
internal_weight=2630 1708 1610 922 854 756 585 410
internal_count=2630 1708 1610 922 854 756 585 410
is_linear=0
shrinkage=0.0355277


Tree=49
num_leaves=10
num_cat=0
split_feature=0 0 0 97 14 0 98 0 132
split_gain=209.148 55.0372 45.246 24.2864 17.7317 12.4074 10.3065 5.28758 3.59371
threshold=29.995000000000001 32.045000000000009 27.145000000000007 72.75500000000001 62.041500000000006 33.895000000000003 68.595000000000013 29.045000000000005 -0.47433333333334099
decision_type=2 2 2 2 2 2 2 2 2
left_child=2 3 -1 8 -4 6 -3 -6 -2
right_child=1 5 4 -5 7 -7 -8 -9 -10
leaf_value=-0.035705727361964319 -0.0068800224337774466 0.00046968969180209838 -0.0156957029971358 0.0075870082275050297 -0.0074869728520993301 0.027531180249015807 0.014463765303952309 0 0
leaf_weight=97 250 116 385 429 358 115 505 210 165
leaf_count=97 250 116 385 429 358 115 505 210 165
internal_value=-3.82533e-05 0.00803272 -0.0123739 0.00151579 -0.00955994 0.0151308 0.0122384 -0.00489001 -0.00424256
internal_weight=2630 1580 1050 844 953 736 621 568 415
internal_count=2630 1580 1050 844 953 736 621 568 415
is_linear=0
shrinkage=0.0355277


Tree=50
num_leaves=12
num_cat=0
split_feature=0 0 4 100 0 0 86 134 97 0 141
split_gain=195.926 46.998 45.2175 15.7708 13.1947 13.0249 7.25121 3.61172 3.51322 1.20219 1.13521
threshold=30.395000000000007 27.145000000000007 4139.9336164745364 77.095000000000013 33.595000000000006 28.695000000000004 32.595000000000006 -19.563233333333326 69.668333333333337 29.895000000000007 0.4749999999999997
decision_type=2 2 2 2 2 2 2 2 2 2 2
left_child=1 -1 6 9 7 -5 8 -4 -2 -3 -8
right_child=2 3 4 5 -6 -7 10 -9 -10 -11 -12
leaf_value=-0.034509536438049729 -0.0047007545827982685 -0.016741530766148045 0.0022427148620260541 -0.0095148067103392742 0.024423956777232053 0 0 0.012421383222050796 0.0020779084892253606 -0.0055057465439910767 0.0074538051281846859
leaf_weight=97 238 269 113 359 163 374 107 547 101 92 170
leaf_count=97 238 269 113 359 163 374 107 547 101 92 170
internal_value=-3.65409e-05 -0.0107517 0.00868351 -0.00826731 0.0141271 -0.00473872 0.000983281 0.0110525 -0.00202611 -0.0146268 0.0054293
internal_weight=2630 1191 1439 1094 823 733 616 660 339 361 277
internal_count=2630 1191 1439 1094 823 733 616 660 339 361 277
is_linear=0
shrinkage=0.0355277


Tree=51
num_leaves=13
num_cat=0
split_feature=84 31 15 15 24 15 82 131 7 15 15 15
split_gain=160.229 51.006 43.7288 18.9281 13.4852 12.6693 8.63498 7.50388 5.78128 4.68732 1.77955 1.04343
threshold=29.495000000000001 0.46735921715800216 18.088612500000004 24.998714500000002 1.4143600943550811 24.798124500000004 32.295000000000009 0.7166666666666669 165.35400000000001 25.2406495 21.446169000000001 21.074900000000003
decision_type=2 2 2 2 2 2 2 2 2 2 2 2
left_child=2 4 -1 7 5 -2 10 -4 -5 -6 -3 -8
right_child=1 6 3 8 9 -7 11 -9 -10 -11 -12 -13
leaf_value=-0.033936322512073909 0.010264632641762023 -0.0067768243847500147 -0.01303646787162569 -0.0050842747824335413 0 0.022443589100903487 0 -0.00055464011153542306 0.0040138630796306514 0.0081037584997529413 0 0.0054935498092290409
leaf_weight=92 453 217 561 178 115 243 93 112 153 160 105 148
leaf_count=92 453 217 561 178 115 243 93 112 153 160 105 148
internal_value=-3.13385e-05 0.00728419 -0.0104594 -0.00790009 0.0122114 0.0149902 -0.000855513 -0.0113143 -0.000212542 0.00420919 -0.00493627 0.00367083
internal_weight=2630 1534 1096 1004 971 696 563 673 331 275 322 241
internal_count=2630 1534 1096 1004 971 696 563 673 331 275 322 241
is_linear=0
shrinkage=0.0355277


Tree=52
num_leaves=9
num_cat=0
split_feature=0 15 0 15 15 15 15 0
split_gain=174.339 63.5439 36.1674 22.7253 16.2473 10.0406 9.34118 7.09582
threshold=31.645000000000007 17.993288000000003 29.345000000000002 25.012673000000003 23.758638000000001 20.914680000000001 24.537126000000004 33.595000000000006
decision_type=2 2 2 2 2 2 2 2
left_child=1 -1 6 5 -4 -2 -3 -7
right_child=3 2 4 -5 -6 7 -8 -9
leaf_value=-0.034163708792223808 0 -0.015541627997448182 -0.0045577363125186201 0.022562353787047872 0.0051823168669411102 0.0078791004337999716 -0.0060248319292462126 0.021317292812322697
leaf_weight=98 175 328 445 228 409 427 428 92
leaf_count=98 175 328 445 228 409 427 428 92
internal_value=-3.07205e-05 -0.00683098 -0.00490965 0.0122872 0 0.00842831 -0.0105378 0.0109026
internal_weight=2630 1708 1610 922 854 694 756 519
internal_count=2630 1708 1610 922 854 694 756 519
is_linear=0
shrinkage=0.0355277


Tree=53
num_leaves=11
num_cat=0
split_feature=0 0 31 31 0 88 131 97 0 7
split_gain=163.082 55.46 21.335 17.3031 13.8029 12.9211 4.9655 3.23471 2.8574 2.12001
threshold=31.645000000000007 27.945000000000004 0.64532420896511999 0.22611568550828817 29.545000000000005 26.845000000000002 0.43083333333333235 62.755000000000017 30.595000000000002 212.22900000000001
decision_type=2 2 2 2 2 2 2 2 2 2
left_child=1 5 4 6 -3 -1 -2 -5 -4 -9
right_child=3 2 8 7 -6 -7 -8 9 -10 -11
leaf_value=-0.032354299677037728 0.010609069438044634 -0.0047247105727332471 -0.012207298853998953 0 0.0038683127373722063 -0.012415331882845949 0.021274454771125273 0.00015518419618976037 -0.0039157410153251295 0.0094034404340376139
leaf_weight=103 266 449 293 100 480 189 252 99 194 205
leaf_count=103 266 449 293 100 480 189 252 99 194 205
internal_value=-2.44776e-05 -0.00660434 -0.00346458 0.0118863 -4.71382e-05 -0.0207046 0.0164084 0.00538594 -0.00944788 0.00717957
internal_weight=2630 1708 1416 922 929 292 518 404 487 304
internal_count=2630 1708 1416 922 929 292 518 404 487 304
is_linear=0
shrinkage=0.0355277


Tree=54
num_leaves=12
num_cat=0
split_feature=0 15 0 15 0 0 9 15 134 15 134
split_gain=153.072 43.6227 39.6502 17.0152 13.9066 8.9586 5.89061 4.39832 4.00279 3.19257 2.7328
threshold=30.395000000000007 23.708041500000004 27.145000000000007 24.848896500000006 32.295000000000009 33.495000000000012 80.854000000000013 19.561091000000001 36.54345 20.801333500000002 -23.053133333333331
decision_type=2 2 2 2 2 2 2 2 2 2 2
left_child=2 4 -1 8 7 10 -5 -2 -4 -6 -3
right_child=1 5 3 6 9 -7 -8 -9 -10 -11 -12
leaf_value=-0.031341022567186579 -0.0087773845285156159 0.0023209630944978814 -0.012382839400050838 -0.005338260334514941 0 0.025983315345645904 0.0022428143772750967 0 -0.0015625931281613558 0.010183217035740315 0.012785101965833896
leaf_weight=97 94 96 532 248 98 99 211 360 103 195 497
leaf_count=97 94 96 532 248 98 99 211 360 103 195 497
internal_value=-2.24054e-05 0.00767525 -0.00950343 -0.00720525 0.00135828 0.0141023 -0.00138374 -0.00215839 -0.0110101 0.00749743 0.0115071
internal_weight=2630 1439 1191 1094 747 692 459 454 635 293 593
internal_count=2630 1439 1191 1094 747 692 459 454 635 293 593
is_linear=0
shrinkage=0.0355277


Tree=55
num_leaves=9
num_cat=0
split_feature=0 15 0 15 15 15 14 0
split_gain=143.819 56.4877 29.6205 19.5702 13.3709 8.21768 7.61012 6.07134
threshold=31.645000000000007 17.993288000000003 29.345000000000002 25.012673000000003 23.758638000000001 20.914680000000001 70.771000000000029 33.595000000000006
decision_type=2 2 2 2 2 2 2 2
left_child=1 -1 6 5 -4 -2 -3 -7
right_child=3 2 4 -5 -6 7 -8 -9
leaf_value=-0.031972578638728925 0 -0.013416998738174755 -0.0040737231878171382 0.020717374747369323 0.004758720579010437 0.0069494867613518543 -0.0047837183609747364 0.019459024029858107
leaf_weight=98 175 379 445 228 409 427 377 92
leaf_count=98 175 379 445 228 409 427 377 92
internal_value=-1.79663e-05 -0.00620222 -0.0043836 0.011162 0 0.00755314 -0.00947784 0.00978946
internal_weight=2630 1708 1610 922 854 694 756 519
internal_count=2630 1708 1610 922 854 694 756 519
is_linear=0
shrinkage=0.0355277


Tree=56
num_leaves=11
num_cat=0
split_feature=0 15 15 0 15 7 0 15 134 134
split_gain=135.329 41.7852 33.6527 20.5112 8.43144 7.62464 7.53065 3.90786 3.68657 2.69217
threshold=29.895000000000007 21.563216500000003 19.404570000000003 33.295000000000009 24.915467000000007 198.47900000000001 33.045000000000009 19.140858500000004 16.960733333333341 -7.4709833333333497
decision_type=2 2 2 2 2 2 2 2 2 2
left_child=2 6 -1 5 8 -3 7 -2 -4 -6
right_child=1 3 4 -5 9 -7 -8 -9 -10 -11
leaf_value=-0.027383457566500742 -0.011092878505558974 0 -0.013315716992528894 0.021706526536740673 -0.0049743520298887213 0.0090441106513618839 0.0057127026363418291 -0.0015389512008243129 -0.0046412271561852179 0.00014548410964330114
leaf_weight=131 96 185 311 176 197 775 95 297 214 153
leaf_count=131 96 185 311 176 197 775 95 297 214 153
internal_value=-1.24794e-05 0.00623753 -0.0103025 0.00999397 -0.00732386 0.00749432 -0.00206508 -0.00456708 -0.0102951 -0.00213692
internal_weight=2630 1624 1006 1136 875 960 488 393 525 350
internal_count=2630 1624 1006 1136 875 960 488 393 525 350
is_linear=0
shrinkage=0.0355277


Tree=57
num_leaves=9
num_cat=0
split_feature=0 15 0 15 15 7 15 15
split_gain=127.028 48.5651 24.4619 18.764 11.9827 8.2886 5.06537 3.21199
threshold=31.545000000000005 17.993288000000003 29.045000000000005 25.012673000000003 23.758638000000001 273.06250000000006 24.537126000000004 20.367186000000007
decision_type=2 2 2 2 2 2 2 2
left_child=1 -1 6 5 -4 7 -3 -2
right_child=3 2 4 -5 -6 -7 -8 -9
leaf_value=-0.030085696977389494 -0.0012189611353020605 -0.013760429240507216 -0.0046250097902361537 0.019287263096839712 0.003393006934849143 0.01136462032553546 -0.0055008639029434777 0.0046307056128622424
leaf_weight=97 103 285 450 236 468 308 365 318
leaf_count=97 103 285 450 236 468 308 365 318
internal_value=-1.47832e-05 -0.00603821 -0.00430066 0.0101193 -0.000297655 0.00671415 -0.00955698 0.00267406
internal_weight=2630 1665 1568 965 918 729 650 421
internal_count=2630 1665 1568 965 918 729 650 421
is_linear=0
shrinkage=0.0355277


Tree=58
num_leaves=12
num_cat=0
split_feature=0 15 0 0 15 0 9 15 134 15 134
split_gain=119.419 36.3847 32.2297 11.9829 11.4752 8.17986 5.96501 3.56042 2.69306 2.43884 0.963027
threshold=30.145000000000007 23.708041500000004 27.145000000000007 32.295000000000009 24.646487500000003 33.495000000000012 80.854000000000013 19.756192000000002 -27.154933333333329 20.801333500000002 31.821500000000004
decision_type=2 2 2 2 2 2 2 2 2 2 2
left_child=2 3 -1 7 10 8 -6 -2 -3 -5 -4
right_child=1 5 4 9 6 -7 -8 -9 -10 -11 -12
leaf_value=-0.028662839370832801 -0.0073944190034900504 0.00085219437900209253 -0.011867362812420757 0 -0.0057963124520670328 0.023259311123022663 0.0012564340215609846 0 0.010802924399608855 0.0089150824794674271 -0.0028466826372668301
leaf_weight=97 125 92 402 98 292 99 222 372 542 195 94
leaf_count=97 125 92 402 98 292 99 222 372 542 195 94
internal_value=-1.5564e-05 0.00634315 -0.00895382 0.000728813 -0.00668433 0.012035 -0.0023365 -0.00230055 0.00973254 0.00656636 -0.0106605
internal_weight=2630 1523 1107 790 1010 733 514 497 634 293 496
internal_count=2630 1523 1107 790 1010 733 514 497 634 293 496
is_linear=0
shrinkage=0.0355277


Tree=59
num_leaves=12
num_cat=0
split_feature=0 0 31 0 3 14 0 0 44 131 122
split_gain=112.202 36.9876 19.0751 11.0924 9.55953 6.53273 6.33882 3.95262 0.766583 0.47493 0.364059
threshold=31.045000000000005 27.145000000000007 0.25951179706979971 29.495000000000001 81.180000000000021 59.646000000000008 33.445000000000007 32.295000000000009 66.700000000000003 1.3066666666666651 758.43500000000006
decision_type=2 2 2 2 2 2 2 2 2 2 2
left_child=1 -1 6 5 -5 -3 10 8 -4 -9 -2
right_child=2 3 7 4 -6 -7 -8 9 -10 -11 -12
leaf_value=-0.027702594365250025 0.010369800938453789 -0.012355566661638322 -0.0021870903327802942 -0.0047260436373426779 0.0042016670629773049 -0.0042945922239340101 0.020631251298491058 0.00074100252409600785 0.0013520029315444947 0.0078518946929471058 0.0025781212575758353
leaf_weight=97 405 292 138 358 238 478 138 104 147 137 98
leaf_count=97 405 292 138 358 238 478 138 104 147 137 98
internal_value=-1.31142e-05 -0.00664059 0.0080947 -0.00486847 -0.000779976 -0.00771252 0.0122864 0.00248328 0 0.00578753 0.00934223
internal_weight=2630 1463 1167 1366 596 770 641 526 285 241 503
internal_count=2630 1463 1167 1366 596 770 641 526 285 241 503
is_linear=0
shrinkage=0.0355277


Tree=60
num_leaves=10
num_cat=0
split_feature=0 0 0 0 3 3 3 138 134
split_gain=105.524 38.8923 13.379 12.5882 10.704 10.6174 6.34538 1.66713 1.16414
threshold=31.645000000000007 27.445000000000004 29.695000000000004 33.895000000000003 71.250000000000014 71.795000000000016 82.115000000000023 -6.8449999999999944 -12.803433333333343
decision_type=2 2 2 2 2 2 2 2 2
left_child=1 -1 6 5 -4 7 -3 -2 -7
right_child=3 2 4 -5 -6 8 -8 -9 -10
leaf_value=-0.022517277850051629 0 -0.011928082315196235 -0.0052781890002188579 0.021455368839822589 0.0032256585789240356 0.0031581350682994467 -0.0038327346008648353 0.0038156891225561967 0.012487413581157082
leaf_weight=150 123 242 301 115 471 97 544 223 364
leaf_count=150 123 242 301 115 471 97 544 223 364
internal_value=-3.80746e-06 -0.00531336 -0.00343452 0.00956042 0 0.00744523 -0.00667995 0.00186806 0.0110719
internal_weight=2630 1708 1558 922 772 807 786 346 461
internal_count=2630 1708 1558 922 772 807 786 346 461
is_linear=0
shrinkage=0.0355277


Tree=61
num_leaves=11
num_cat=0
split_feature=0 15 15 15 0 15 0 134 9 15
split_gain=98.8578 29.5588 29.4312 11.3691 9.21256 6.65057 5.70101 4.84186 2.01819 1.8903
threshold=30.395000000000007 23.708041500000004 18.306348000000003 25.084268000000005 33.045000000000009 19.462316000000005 33.495000000000012 34.5931 83.687500000000014 25.012673000000003
decision_type=2 2 2 2 2 2 2 2 2 2
left_child=2 4 -1 7 5 -2 9 -4 -5 -3
right_child=1 6 3 8 -6 -7 -8 -9 -10 -11
leaf_value=-0.026784615184814682 -0.0088432211427970902 0.0053238440642175396 -0.0094159800315275991 -0.0026738734050155777 0.0084002068744187478 0.00053490983310360636 0.021321397969617184 -0.00018997307240040034 0.0027531932235748601 0.012095114505010383
leaf_weight=94 105 290 623 182 162 480 99 139 153 303
leaf_count=94 105 290 623 182 162 480 99 139 153 303
internal_value=-4.5641e-07 0.00616882 -0.00763651 -0.00565746 0.000915953 -0.000837694 0.0114606 -0.00804108 0 0.00924495
internal_weight=2630 1439 1191 1097 747 585 692 762 335 593
internal_count=2630 1439 1191 1097 747 585 692 762 335 593
is_linear=0
shrinkage=0.0355277


Tree=62
num_leaves=9
num_cat=0
split_feature=0 15 0 15 15 7 15 15
split_gain=93.3784 41.3067 18.6842 14.0891 9.75977 5.8498 2.29072 2.05316
threshold=31.645000000000007 17.993288000000003 28.595000000000002 25.012673000000003 25.416757500000006 273.06250000000006 20.273351000000002 24.637694000000003
decision_type=2 2 2 2 2 2 2 2
left_child=1 -1 7 5 -4 6 -2 -3
right_child=3 2 4 -5 -6 -7 -8 -9
leaf_value=-0.027049686646684289 -0.0009934704864691668 -0.012580711212653847 -0.0025624867693662544 0.017141384651769797 0.0053370587072715144 0.0098953824676733474 0.0039265650124940786 -0.005040001134783363
leaf_weight=98 92 234 883 228 239 296 306 254
leaf_count=98 92 234 883 228 239 296 306 254
internal_value=0 -0.00499395 -0.00341849 0.00899784 -0.000660786 0.00587887 0.00223286 -0.00921906
internal_weight=2630 1708 1610 922 1122 694 398 488
internal_count=2630 1708 1610 922 1122 694 398 488
is_linear=0
shrinkage=0.0355277


Tree=63
num_leaves=12
num_cat=0
split_feature=84 15 15 9 15 15 9 134 15 15 9
split_gain=72.859 25.7478 23.369 14.2114 10.0541 7.64739 5.04247 4.47155 3.20686 2.65815 1.90487
threshold=29.495000000000001 18.088612500000004 21.622873000000006 162.50000000000003 25.182392000000004 25.397032000000003 207.75000000000003 2.6069833333333183 25.823931000000005 19.462316000000005 86.312500000000014
decision_type=2 2 2 2 2 2 2 2 2 2 2
left_child=1 -1 6 8 7 -5 9 -3 -4 -2 -6
right_child=2 4 3 5 10 -7 -8 -9 -10 -11 -12
leaf_value=-0.025103528971839296 -0.0095476062709862215 -0.010752709284272353 0 0.0080426610251359103 -0.0014432717233695124 0.019416809429427744 0.0034818323514172688 -0.0038049442947041649 0.0066707702126409824 -0.0008949041988534647 0.0041973044702292321
leaf_weight=92 92 319 267 581 132 139 128 437 99 228 116
leaf_count=92 92 319 267 581 132 139 128 437 99 228 116
internal_value=0 -0.00705501 0.00490983 0.00775152 -0.00504157 0.0106884 -0.00149291 -0.0070929 0.00128991 -0.00420186 0.000342589
internal_weight=2630 1096 1534 1086 1004 720 448 756 366 320 248
internal_count=2630 1096 1534 1086 1004 720 448 756 366 320 248
is_linear=0
shrinkage=0.0355277


Tree=64
num_leaves=11
num_cat=0
split_feature=0 0 0 3 0 14 132 7 9 0
split_gain=83.0067 25.1041 22.7453 11.7805 6.95779 5.88104 5.84824 2.2598 1.99881 0.877182
threshold=29.895000000000007 32.295000000000009 27.145000000000007 69.865000000000023 33.895000000000003 67.396000000000001 -5.6153333333333384 198.06250000000003 86.312500000000014 31.445000000000004
decision_type=2 2 2 2 2 2 2 2 2 2
left_child=2 3 -1 9 6 -4 -3 -5 -7 -2
right_child=1 4 5 7 -6 8 -8 -9 -10 -11
leaf_value=-0.024703042566760626 -0.0051864766266860578 0 -0.0093456968195219925 0 0.019681235380854249 -0.0050277596500431041 0.0098167801890580858 0.0053763804925875316 0 0
leaf_weight=97 223 121 404 164 115 235 395 473 270 133
leaf_count=97 223 121 404 164 115 235 395 473 270 133
internal_value=0 0.00487705 -0.00807659 0.00108191 0.0104303 -0.00590877 0.00773822 0.00413455 -0.00264195 -0.00373541
internal_weight=2630 1624 1006 993 631 909 516 637 505 356
internal_count=2630 1624 1006 993 631 909 516 637 505 356
is_linear=0
shrinkage=0.0355277


Tree=65
num_leaves=9
num_cat=0
split_feature=0 15 15 15 0 15 9 9
split_gain=77.7896 35.4759 15.5248 12.0767 8.63715 5.62043 4.78043 1.24289
threshold=31.645000000000007 17.993288000000003 25.554977500000007 25.327107000000005 28.045000000000005 20.914680000000001 163.56250000000003 95.187500000000014
decision_type=2 2 2 2 2 2 2 2
left_child=1 -1 4 5 -3 -2 -7 -4
right_child=3 2 7 -5 -6 6 -8 -9
leaf_value=-0.025029083634347742 0 -0.010171680162845363 0 0.01720181360860416 -0.0027858169306723699 0 0.0089535164925116061 0.0075477947592406417
leaf_weight=98 175 300 95 174 1090 111 462 125
leaf_count=98 175 300 95 174 1090 111 462 125
internal_value=-1.5568e-06 -0.00457226 -0.00310112 0.00819793 -0.00457753 0.00568666 0.00737358 0.00510512
internal_weight=2630 1708 1610 922 1390 748 573 220
internal_count=2630 1708 1610 922 1390 748 573 220
is_linear=0
shrinkage=0.0355277


Tree=66
num_leaves=11
num_cat=0
split_feature=0 15 15 0 15 134 15 131 15 15
split_gain=73.4813 24.5912 21.9144 16.1698 7.86125 4.83978 3.2088 2.991 1.70924 0.960903
threshold=29.895000000000007 20.914680000000001 19.714355000000001 33.745000000000012 25.012673000000003 20.258816666666664 25.397032000000003 1.9483333333333344 19.462316000000005 24.284724000000001
decision_type=2 2 2 2 2 2 2 2 2 2
left_child=2 7 -1 4 -3 6 -4 8 -2 -7
right_child=1 3 5 -5 -6 9 -8 -9 -10 -11
leaf_value=-0.020905077237378892 -0.0086806757942642608 0.0028387646619330532 -0.0079930963024367301 0.020636461895707562 0.0097805747581020501 -0.0034748825182585198 0 0.00082586587648516077 -0.00093716238901452389 0.00038737807253094156
leaf_weight=140 112 744 503 108 391 93 94 95 174 176
leaf_count=140 112 744 503 108 391 93 94 95 174 176
internal_value=0 0.00458763 -0.00760009 0.00705537 0.00546588 -0.00506425 -0.00687092 -0.00286514 -0.00485595 -0.000172952
internal_weight=2630 1624 1006 1243 1135 866 597 381 286 269
internal_count=2630 1624 1006 1243 1135 866 597 381 286 269
is_linear=0
shrinkage=0.0355277


Tree=67
num_leaves=11
num_cat=0
split_feature=0 0 15 15 9 7 7 15 24 82
split_gain=69.2508 26.4479 15.2809 11.7282 6.32383 3.64782 3.41939 1.76748 0.892464 0.711336
threshold=31.045000000000005 27.145000000000007 24.504975000000005 24.998714500000002 208.52100000000004 166.83350000000004 259.64600000000002 20.038342500000002 1.4096058907904017 33.845000000000006
decision_type=2 2 2 2 2 2 2 2 2 2
left_child=1 -1 4 6 7 -5 -3 -2 -4 -6
right_child=2 3 8 5 9 -7 -8 -9 -10 -11
leaf_value=-0.023051463656485357 -0.0040074238053435657 -0.0067444003068001281 0.013873973494735136 -0.0021882800209620541 0.0036452434943332434 0.0038994364682951748 0 0.0013572697935339225 0.0042397517949079502 0.011142983449882998
leaf_weight=97 92 823 301 209 227 239 95 352 99 96
leaf_count=97 92 823 301 209 227 239 95 352 99 96
internal_value=0 -0.00521896 0.00635728 -0.00369508 0.00297988 0.000570856 -0.00601148 0 0.012141 0.00671859
internal_weight=2630 1463 1167 1366 767 448 918 444 400 323
internal_count=2630 1463 1167 1366 767 448 918 444 400 323
is_linear=0
shrinkage=0.0355277


Tree=68
num_leaves=10
num_cat=0
split_feature=0 15 15 15 134 7 18 7 82
split_gain=65.1064 31.2134 13.2648 10.0814 8.50226 5.17724 1.83833 1.07808 0.0546319
threshold=31.695000000000004 17.993288000000003 25.570419000000005 25.327107000000005 -2.1513666666666604 273.06250000000006 2.8949083408253382 177.89600000000004 33.845000000000006
decision_type=2 2 2 2 2 2 2 2 2
left_child=1 -1 4 5 -3 6 -2 -4 -7
right_child=3 2 7 -5 -6 8 -8 -9 -10
leaf_value=-0.023301081957284246 -0.0006716901447000079 -0.0078567548984538813 0 0.016089534476446215 -0.0016624980349062692 0.0056065905319967442 0.0034512833686716582 0.0072426523357291663 0.013316752321744502
leaf_weight=98 106 510 95 168 903 225 304 122 99
leaf_count=98 106 510 95 168 903 225 304 122 99
internal_value=0 -0.0041054 -0.00273398 0.00763738 -0.00408043 0.00528572 0.00184852 0.00489798 0.00884122
internal_weight=2630 1728 1630 902 1413 734 410 217 324
internal_count=2630 1728 1630 902 1413 734 410 217 324
is_linear=0
shrinkage=0.0355277


Tree=69
num_leaves=11
num_cat=0
split_feature=0 15 15 0 15 15 9 15 0 134
split_gain=61.6754 21.6494 18.3464 14.9762 5.55438 3.7282 3.53881 2.79804 1.51295 0.989551
threshold=29.695000000000004 20.914680000000001 19.404570000000003 33.645000000000003 24.467127999999999 24.504975000000005 66.750000000000014 18.810763000000005 31.895000000000007 -4.0723166666666648
decision_type=2 2 2 2 2 2 2 2 2 2
left_child=2 7 -1 4 -3 9 -7 -2 -9 -4
right_child=1 3 5 -5 -6 6 -8 8 -10 -11
leaf_value=-0.020513969549141451 -0.0076200363230026161 0.0017523725421638601 -0.01317745505647264 0.018221298026144469 0.007333484920988031 -0.0051467937861227608 1.1238959813732658e-05 -0.0027243660806349559 0.0021992976172461216 -0.0047207039500311784
leaf_weight=122 112 602 101 127 568 265 231 179 106 217
leaf_count=122 112 602 101 127 568 265 231 179 106 217
internal_value=0 0.00397941 -0.00735342 0.0062522 0.00467673 -0.00497315 -0.00232307 -0.00286886 -0.000110205 -0.00829318
internal_weight=2630 1694 936 1297 1170 814 496 397 285 318
internal_count=2630 1694 936 1297 1170 814 496 397 285 318
is_linear=0
shrinkage=0.0355277


Tree=70
num_leaves=11
num_cat=0
split_feature=0 84 15 0 15 15 15 9 9 131
split_gain=58.1207 20.3978 18.2556 9.79011 6.17286 4.68474 3.97012 2.29141 1.84975 0.513241
threshold=30.395000000000007 26.845000000000002 21.563216500000003 33.745000000000012 24.858160000000002 25.146084000000005 18.938495500000005 64.812500000000014 177.18750000000003 0.7166666666666669
decision_type=2 2 2 2 2 2 2 2 2 2
left_child=1 -1 6 5 9 -4 -2 -6 -8 -3
right_child=2 4 3 -5 7 -7 8 -9 -10 -11
leaf_value=-0.020698958226815185 -0.0072733043883479254 -0.0069721070881292174 0.0033768320049650863 0.019015626047212571 -0.0035162300982884043 0.0098799758467289066 -0.0020128475668920497 0.0012898794261266429 0.0029752037366410507 -0.0004264003611497644
leaf_weight=108 96 536 619 95 197 298 134 255 197 95
leaf_count=108 96 536 619 95 197 298 134 255 197 95
internal_value=0 -0.0058535 0.00473193 0.00735012 -0.00406236 0.00578397 -0.000967666 -0.000330399 0.000286399 -0.0063538
internal_weight=2630 1191 1439 1012 1083 917 427 452 331 631
internal_count=2630 1191 1439 1012 1083 917 427 452 331 631
is_linear=0
shrinkage=0.0355277


Tree=71
num_leaves=9
num_cat=0
split_feature=0 0 0 0 31 138 7 134
split_gain=55.0054 24.8176 8.47388 7.91505 6.98384 5.95859 3.03153 1.81728
threshold=31.695000000000004 27.145000000000007 33.945000000000007 29.295000000000005 0.70252747416915695 -6.6850000000000014 220.85400000000001 35.478833333333348
decision_type=2 2 2 2 2 2 2 2
left_child=1 -1 5 7 -5 -2 -7 -3
right_child=2 3 -4 4 -6 6 -8 -9
leaf_value=-0.021025395928970656 0 -0.0062353161182518045 0.017454231483141298 0.0019613840449469819 -0.0043093686716280527 0 0.008007453077017607 0
leaf_weight=97 156 581 102 587 347 121 523 116
leaf_count=97 156 581 102 587 347 121 523 116
internal_value=0 -0.00377434 0.00701913 -0.00253889 -0.000140693 0.00529136 0.00680388 -0.00540362
internal_weight=2630 1728 902 1631 934 800 644 697
internal_count=2630 1728 902 1631 934 800 644 697
is_linear=0
shrinkage=0.0355277


Tree=72
num_leaves=9
num_cat=0
split_feature=82 84 9 4 98 7 82 9
split_gain=41.5259 24.1714 8.18302 6.77545 5.34252 4.31293 3.10951 2.49154
threshold=32.295000000000009 26.845000000000002 167.14600000000004 4135.7415631229842 68.50500000000001 166.83350000000004 34.345000000000006 208.52100000000004
decision_type=2 2 2 2 2 2 2 2
left_child=1 -1 -2 7 -4 -5 -6 -3
right_child=2 3 4 5 6 -7 -8 -9
leaf_value=-0.019240661732474639 0 -0.0043440493838930961 0.00041506491386195511 -0.0035857788326628076 0.0072572392092469786 0.0028333815709525732 0.017572283196778005 0
leaf_weight=109 172 937 158 163 464 440 92 95
leaf_count=109 172 937 158 163 464 440 92 95
internal_value=0 -0.0032442 0.00617412 -0.00197532 0.00784704 0.000709892 0.00953117 -0.00375677
internal_weight=2630 1744 886 1635 714 603 556 1032
internal_count=2630 1744 886 1635 714 603 556 1032
is_linear=0
shrinkage=0.0355277


Tree=73
num_leaves=9
num_cat=0
split_feature=82 81 9 31 9 98 82 131
split_gain=38.8113 19.8633 7.71431 7.05755 8.92504 4.90626 2.81539 1.08746
threshold=32.295000000000009 27.361666666666675 167.14600000000004 0.70252747416915695 66.750000000000014 68.50500000000001 34.345000000000006 -0.49499999999999916
decision_type=2 2 2 2 2 2 2 2
left_child=1 -1 -2 4 -3 -4 -7 -5
right_child=2 3 5 7 -6 6 -8 -9
leaf_value=-0.018650080305981396 0 -0.0055434742187860661 0.00040084656632596378 -0.0080045463242035611 0.0014733100715663653 0.0070026254181247416 0.016985406658143541 -0.0025529170402791993
leaf_weight=96 172 304 158 230 826 464 92 288
leaf_count=96 172 304 158 230 826 464 92 288
internal_value=0 -0.00313242 0.00597297 -0.00202914 -0.000234694 0.00759783 0.00921602 -0.00546663
internal_weight=2630 1744 886 1648 1130 714 556 518
internal_count=2630 1744 886 1648 1130 714 556 518
is_linear=0
shrinkage=0.0355277


Tree=74
num_leaves=9
num_cat=0
split_feature=0 15 15 15 7 15 9 7
split_gain=46.3632 26.0341 10.8921 7.30548 6.82351 3.80168 3.19648 2.00542
threshold=31.845000000000002 17.993288000000003 25.416757500000006 25.327107000000005 215.00000000000003 19.884622000000004 170.27100000000004 165.35400000000001
decision_type=2 2 2 2 2 2 2 2
left_child=1 -1 4 5 -3 -2 -7 -4
right_child=3 2 7 -5 -6 6 -8 -9
leaf_value=-0.02081828887501435 0 -0.0054830380426136131 0 0.014407553300960819 0 0 0.0071965440862129136 0.0057539073564185673
leaf_weight=98 94 842 96 155 555 141 452 197
leaf_count=98 94 842 96 155 555 141 452 197
internal_value=0 -0.00329445 -0.00207676 0.00678661 -0.00346851 0.00463419 0.00573231 0.0037421
internal_weight=2630 1788 1690 842 1397 687 593 293
internal_count=2630 1788 1690 842 1397 687 593 293
is_linear=0
shrinkage=0.0355277


Tree=75
num_leaves=11
num_cat=0
split_feature=0 0 31 0 3 9 0 132 8 132
split_gain=43.793 15.4612 14.4193 4.48044 3.31683 4.06458 2.88039 1.84772 1.09865 0.767555
threshold=30.145000000000007 27.145000000000007 0.26780438508363441 33.695000000000007 82.115000000000023 66.750000000000014 32.245000000000012 -3.4125000000000081 610.62500000000011 -7.8211666666666764
decision_type=2 2 2 2 2 2 2 2 2 2
left_child=1 -1 3 8 -3 -6 7 -4 -2 -8
right_child=2 4 6 -5 5 -7 9 -9 -10 -11
leaf_value=-0.019148396597689247 0.0062973888787534963 -0.0069039398349513212 -0.0040866553307636133 0.015301650588616563 -0.0049461200936593581 8.6875614029204948e-05 0 0 0.00038343463007660964 0.0047441255198163576
leaf_weight=97 557 339 190 103 295 376 95 286 135 157
leaf_count=97 557 339 190 103 295 376 95 286 135 157
internal_value=0 -0.00541951 0.00384393 0.00713673 -0.00377598 -0.00181629 0 -0.00139587 0.00547979 0.00323389
internal_weight=2630 1107 1523 795 1010 671 728 476 692 252
internal_count=2630 1107 1523 795 1010 671 728 476 692 252
is_linear=0
shrinkage=0.0355277


Tree=76
num_leaves=8
num_cat=0
split_feature=15 0 15 0 134 15 9
split_gain=42.0882 34.392 9.78292 7.08311 6.11013 3.29583 0.955256
threshold=17.680213500000004 31.895000000000007 25.510446000000002 33.945000000000007 -12.196016666666649 24.054459500000004 92.292000000000016
decision_type=2 2 2 2 2 2 2
left_child=-1 2 4 5 -2 -3 -4
right_child=1 3 6 -5 -6 -7 -8
leaf_value=-0.02210625018476195 -0.0068247407922788841 0.0019530802618260477 0 0.016928050320551835 -0.0013351842430982779 0.0080183507658498389 0.0058947481262159266
leaf_weight=99 415 371 93 96 1064 333 159
leaf_count=99 415 371 93 96 1064 333 159
internal_value=0 0.000860265 -0.00185437 0.0069847 -0.00304831 0.00518233 0.00418811
internal_weight=2630 2531 1731 800 1479 704 252
internal_count=2630 2531 1731 800 1479 704 252
is_linear=0
shrinkage=0.0355277


Tree=77
num_leaves=8
num_cat=0
split_feature=15 0 15 0 7 15 7
split_gain=39.329 32.1911 9.21692 6.52879 6.11329 3.08665 1.70997
threshold=17.680213500000004 31.895000000000007 25.416757500000006 33.945000000000007 215.00000000000003 25.038535500000005 165.35400000000001
decision_type=2 2 2 2 2 2 2
left_child=-1 2 4 5 -2 -3 -4
right_child=1 3 6 -5 -6 -7 -8
leaf_value=-0.021364805523208151 -0.0049651465605605018 0.0029174334016687509 0 0.016361274007882565 0 0.0096492634535816375 0.0053661551269793013
leaf_weight=99 851 525 96 96 584 179 200
leaf_count=99 851 525 96 96 584 179 200
internal_value=0 0.000836399 -0.00178655 0.0067634 -0.00305046 0.00501243 0.00353383
internal_weight=2630 2531 1731 800 1435 704 296
internal_count=2630 2531 1731 800 1435 704 296
is_linear=0
shrinkage=0.0355277


Tree=78
num_leaves=11
num_cat=0
split_feature=0 15 15 0 7 15 15 9 9 9
split_gain=37.3086 15.0233 13.6543 8.36827 4.62502 2.886 2.46048 1.51476 1.26861 0.0851713
threshold=29.495000000000001 21.529187000000004 19.561091000000001 33.745000000000012 198.47900000000001 18.810763000000005 24.646487500000003 201.18750000000003 66.750000000000014 119.35400000000001
decision_type=2 2 2 2 2 2 2 2 2 2
left_child=2 5 -1 4 -3 -2 9 -7 -8 -4
right_child=1 3 6 -5 -6 7 8 -9 -10 -11
leaf_value=-0.017671168625993383 -0.006553478223174522 0 -0.0086132582034237105 0.015763429182342047 0.0050958195591766205 -0.0016697341889164567 -0.0030801636637643012 0.0030241337139783825 0 -0.0027574874745947405
leaf_weight=116 119 238 160 95 908 290 230 113 184 177
leaf_count=116 119 238 160 95 908 290 230 113 184 177
internal_value=0 0.00292673 -0.00604913 0.00509712 0.0039413 -0.00180512 -0.00383289 0 -0.00123124 -0.00629536
internal_weight=2630 1763 867 1241 1146 522 751 403 414 337
internal_count=2630 1763 867 1241 1146 522 751 403 414 337
is_linear=0
shrinkage=0.0355277


Tree=79
num_leaves=8
num_cat=0
split_feature=15 0 15 0 7 15 7
split_gain=35.2042 28.6568 8.34988 5.81376 5.53738 2.80203 0.799946
threshold=17.680213500000004 31.895000000000007 25.510446000000002 33.945000000000007 184.43750000000003 24.450933500000005 174.58350000000004
decision_type=2 2 2 2 2 2 2
left_child=-1 2 4 5 -2 -3 -4
right_child=1 3 6 -5 -6 -7 -8
leaf_value=-0.020217499159099747 -0.0059534457721446546 0.0020629712872086759 0 0.015494444083475598 -0.00096376045811962581 0.0078314017166555422 0.0054593065293518771
leaf_weight=99 492 426 94 96 987 278 158
leaf_count=99 492 426 94 96 987 278 158
internal_value=0 0.000787012 -0.00168199 0.00638257 -0.00279249 0.0047045 0.00387608
internal_weight=2630 2531 1731 800 1479 704 252
internal_count=2630 2531 1731 800 1479 704 252
is_linear=0
shrinkage=0.0355277


Tree=80
num_leaves=10
num_cat=0
split_feature=0 15 88 0 7 131 15 15 134
split_gain=33.1158 13.5124 12.9261 7.32052 4.17404 2.85148 2.56595 1.44002 1.22198
threshold=29.495000000000001 21.529187000000004 26.495000000000001 33.745000000000012 198.47900000000001 1.9849999999999997 24.335983000000002 19.714355000000001 9.1181833333333504
decision_type=2 2 2 2 2 2 2 2 2
left_child=2 5 -1 4 -3 7 -4 -2 -8
right_child=1 3 6 -5 -6 -7 8 -9 -10
leaf_value=-0.017972576104004205 -0.0063415933822878953 0 -0.0067195412519124595 0.014849908031214016 0.0048135959379755752 0.002215267999155422 -0.0028428891948156726 -0.00062339307998788684 0
leaf_weight=100 151 238 274 95 908 109 322 262 171
leaf_count=100 151 238 274 95 908 109 322 262 171
internal_value=0 0.00275373 -0.00570268 0.00481515 0.00371608 -0.00171883 -0.00368681 -0.00331211 -0.00148992
internal_weight=2630 1763 867 1241 1146 522 767 413 493
internal_count=2630 1763 867 1241 1146 522 767 413 493
is_linear=0
shrinkage=0.0355277


Tree=81
num_leaves=8
num_cat=0
split_feature=15 0 15 7 0 15 7
split_gain=31.8774 25.4372 7.94691 5.53447 4.70368 2.13564 0.635858
threshold=17.680213500000004 31.995000000000005 25.570419000000005 215.00000000000003 33.945000000000007 25.327107000000005 176.41650000000001
decision_type=2 2 2 2 2 2 2
left_child=-1 2 3 -2 5 -3 -4
right_child=1 4 6 -5 -6 -7 -8
leaf_value=-0.019239038272277624 -0.004242581563127676 0.0028730798558571843 0 0 0.014646587046582893 0.0096305909730562984 0.00587522896896171
leaf_weight=99 911 525 93 639 96 125 142
leaf_count=99 911 525 93 639 96 125 142
internal_value=0 0.000748353 -0.00145441 -0.00247328 0.00628925 0.00459104 0.00422593
internal_weight=2630 2531 1785 1550 746 650 235
internal_count=2630 2531 1785 1550 746 650 235
is_linear=0
shrinkage=0.0355277


Tree=82
num_leaves=8
num_cat=0
split_feature=15 0 15 134 0 15 9
split_gain=29.8038 23.8456 7.21884 4.91989 4.88975 2.60908 1.0885
threshold=17.680213500000004 31.845000000000002 25.416757500000006 2.8895500000000145 33.945000000000007 25.038535500000005 83.687500000000014
decision_type=2 2 2 2 2 2 2
left_child=-1 2 3 -2 5 -3 -4
right_child=1 4 6 -5 -6 -7 -8
leaf_value=-0.018593760393126015 -0.0053032902371143676 0.0023257084447675957 0 -0.00064882480582167837 0.014156197596595397 0.0084178645972208758 0.004631392839157181
leaf_weight=99 572 549 99 839 96 182 194
leaf_count=99 572 549 99 839 96 182 194
internal_value=0 0.000733122 -0.00156719 -0.00270903 0.00572129 0.00420355 0.00312209
internal_weight=2630 2531 1704 1411 827 731 293
internal_count=2630 2531 1704 1411 827 731 293
is_linear=0
shrinkage=0.0355277


Tree=83
num_leaves=11
num_cat=0
split_feature=0 15 15 0 24 134 15 9 0 9
split_gain=28.2355 12.5352 11.6064 6.30359 3.00791 2.59414 1.78473 1.25414 1.06823 0.347594
threshold=29.295000000000005 21.529187000000004 19.561091000000001 32.845000000000006 1.2562542331787363 -10.663583333333362 24.335983000000002 66.750000000000014 32.595000000000006 155.08350000000004
decision_type=2 2 2 2 2 2 2 2 2 2
left_child=2 4 -1 5 8 -3 9 -8 -2 -4
right_child=1 3 6 -5 -6 -7 7 -9 -10 -11
leaf_value=-0.017060910181725113 -0.0012269862763859272 0 -0.0088531450113028178 0.0092511634387674544 -0.006110716527182751 0.0036623227433269612 -0.0030830623875489579 0 0.00295173601285707 -0.0012903289845137189
leaf_weight=102 306 234 119 291 145 765 275 196 95 102
leaf_count=102 306 234 119 291 145 765 275 196 95 102
internal_value=0 0.00239105 -0.00560283 0.00434951 -0.00182441 0.00265155 -0.00346147 -0.00150959 0 -0.0064805
internal_weight=2630 1836 794 1290 546 999 692 471 401 221
internal_count=2630 1836 794 1290 546 999 692 471 401 221
is_linear=0
shrinkage=0.0355277


Tree=84
num_leaves=10
num_cat=0
split_feature=0 7 100 44 0 0 7 114 14
split_gain=26.5997 12.8542 9.33929 4.92434 2.9545 2.77321 2.60953 0.291322 0.217441
threshold=28.695000000000004 273.06250000000006 70.565000000000012 75.115000000000023 33.645000000000003 31.295000000000005 184.43750000000003 614.8950000000001 79.541500000000013
decision_type=2 2 2 2 2 2 2 2 2
left_child=2 3 -1 5 7 -2 -5 -3 -4
right_child=1 4 8 6 -6 -7 -8 -9 -10
leaf_value=-0.016360008447835587 -0.0038965058165533273 0.0049781253990813677 -0.0044948276231495535 -0.00012646961895548968 0.01336470114035008 0 0.0037042088479074826 0 0
leaf_weight=114 390 358 324 212 96 417 504 93 122
leaf_count=114 390 358 324 212 96 417 504 93 122
internal_value=0 0.00182191 -0.00686704 0 0.00646606 -0.00175721 0.00226571 0.00435113 -0.0037605
internal_weight=2630 2070 560 1523 547 807 716 451 446
internal_count=2630 2070 560 1523 547 807 716 451 446
is_linear=0
shrinkage=0.0355277


Tree=85
num_leaves=8
num_cat=0
split_feature=15 0 15 134 0 15 7
split_gain=26.052 20.2 6.59301 4.87835 3.74886 1.75881 0.443057
threshold=17.680213500000004 31.995000000000005 25.570419000000005 -49.227083333333326 33.945000000000007 25.327107000000005 176.41650000000001
decision_type=2 2 2 2 2 2 2
left_child=-1 2 3 -2 5 -3 -4
right_child=1 4 6 -5 -6 -7 -8
leaf_value=-0.017391967033986603 -0.007169800429453351 0.0024455582139448237 0 -0.001163704762994878 0.013189739502895309 0.0086562783748057454 0.0053151377607471339
leaf_weight=99 227 525 93 1323 96 125 142
leaf_count=99 227 525 93 1323 96 125 142
internal_value=0 0.00067712 -0.00127451 -0.002212 0.00562042 0.00405059 0.00387572
internal_weight=2630 2531 1785 1550 746 650 235
internal_count=2630 2531 1785 1550 746 650 235
is_linear=0
shrinkage=0.0355277


Tree=86
num_leaves=8
num_cat=0
split_feature=15 0 15 134 15 9 7
split_gain=24.3486 18.9939 5.97583 4.10423 4.01536 3.02354 0.969795
threshold=17.680213500000004 31.845000000000002 25.416757500000006 2.8895500000000145 25.355715 201.18750000000003 165.35400000000001
decision_type=2 2 2 2 2 2 2
left_child=-1 2 3 -2 5 -3 -4
right_child=1 4 6 -5 -6 -7 -8
leaf_value=-0.016808639717098776 -0.0047996417609352804 0.00014592950505382812 0 -0.00052486490237078356 0.011152663134046671 0.0057033451614537838 0.00425152269072754
leaf_weight=99 572 324 96 839 146 357 197
leaf_count=99 572 324 96 839 146 357 197
internal_value=0 0.000660038 -0.00138172 -0.0024297 0.00511791 0.00341151 0.00285895
internal_weight=2630 2531 1704 1411 827 681 293
internal_count=2630 2531 1704 1411 827 681 293
is_linear=0
shrinkage=0.0355277


Tree=87
num_leaves=7
num_cat=0
split_feature=15 7 15 7 82 15
split_gain=22.7505 16.4558 9.77881 4.6505 2.89992 1.34716
threshold=17.680213500000004 259.64600000000002 25.823931000000005 184.43750000000003 34.345000000000006 21.207455500000005
decision_type=2 2 2 2 2 2
left_child=-1 2 3 -2 5 -3
right_child=1 4 -4 -5 -6 -7
leaf_value=-0.016244877332789367 -0.0045926176642956586 0 0.0065007400542656177 -0.00037227317432969142 0.012279149863914981 0.0046114063917290686
leaf_weight=99 557 97 181 1137 97 462
leaf_count=99 557 97 181 1137 97 462
internal_value=0 0.000640943 -0.000954729 -0.00190371 0.00551057 0.0038214
internal_weight=2630 2531 1875 1694 656 559
internal_count=2630 2531 1875 1694 656 559
is_linear=0
shrinkage=0.0355277


Tree=88
num_leaves=10
num_cat=0
split_feature=0 7 84 131 3 82 18 129 14
split_gain=21.996 10.6871 8.40392 3.75339 3.04236 2.49348 2.09098 0.253726 0.119332
threshold=28.595000000000002 273.06250000000006 26.845000000000002 1.2424999999999999 77.895000000000024 34.345000000000006 2.94219548002877 124.87933333333335 79.541500000000013
decision_type=2 2 2 2 2 2 2 2 2
left_child=2 3 -1 4 -2 7 -5 -3 -4
right_child=1 5 8 6 -6 -7 -8 -9 -10
leaf_value=-0.016457004184313544 -0.0025856576257398925 0.0044422670805303374 -0.004106363209823426 0 0.00084919045924114348 0.012290109572699832 0.0046467892421090664 0 0
leaf_weight=95 662 357 336 103 498 95 290 95 99
leaf_count=95 662 357 336 103 498 95 290 95 99
internal_value=0 0.00160715 -0.0064545 0 -0.000920718 0.00585128 0.00306591 0.00386521 -0.00356848
internal_weight=2630 2100 530 1553 1160 547 393 452 435
internal_count=2630 2100 530 1553 1160 547 393 452 435
is_linear=0
shrinkage=0.0355277


Tree=89
num_leaves=10
num_cat=0
split_feature=0 0 0 3 97 24 7 3 117
split_gain=20.788 11.1241 6.14787 5.86528 2.28388 1.7724 1.61903 1.56135 0.165706
threshold=30.345000000000002 27.145000000000007 33.895000000000003 70.165000000000006 82.441666666666677 2.2009185570957399 198.06250000000003 60.600000000000009 283.55642857142863
decision_type=2 2 2 2 2 2 2 2 2
left_child=1 -1 3 7 8 -6 -5 -2 -3
right_child=2 4 -4 6 5 -7 -8 -9 -10
leaf_value=-0.015109178176531962 -0.0046653761280844586 0 0.010927442651643303 0 0.00049071037871752348 -0.0028424085415528501 0.0044119753729231666 0 -0.005248145071021915
leaf_weight=97 99 96 115 126 407 288 713 400 289
leaf_count=97 99 96 115 126 407 288 713 400 289
internal_value=0 -0.00352626 0.00281138 0.0019013 -0.0022022 -0.000580896 0.00376081 -0.000785802 -0.00449924
internal_weight=2630 1177 1453 1338 1080 695 839 499 385
internal_count=2630 1177 1453 1338 1080 695 839 499 385
is_linear=0
shrinkage=0.0355277


Tree=90
num_leaves=8
num_cat=0
split_feature=15 0 15 7 0 132 7
split_gain=20.3446 15.6963 5.6464 4.24541 2.3211 1.16852 1.00666
threshold=17.680213500000004 32.245000000000012 25.416757500000006 212.47900000000001 33.945000000000007 -5.2966666666666589 165.35400000000001
decision_type=2 2 2 2 2 2 2
left_child=-1 2 3 -2 5 -3 -4
right_child=1 4 6 -5 -6 -7 -8
leaf_value=-0.015364919294686155 -0.003615221069448251 0 0 0 0.011737042059894287 0.0047098803754992294 0.0043326605916759447
leaf_weight=99 842 130 96 722 96 420 225
leaf_count=99 842 130 96 722 96 420 225
internal_value=0 0.00060293 -0.00093669 -0.0019093 0.0054095 0.00378704 0.00306127
internal_weight=2630 2531 1885 1564 646 550 321
internal_count=2630 2531 1885 1564 646 550 321
is_linear=0
shrinkage=0.0355277


Tree=91
num_leaves=9
num_cat=0
split_feature=15 0 7 15 136 15 0 134
split_gain=19.1024 15.3565 5.22946 5.01672 4.90702 2.4847 2.19608 0.938541
threshold=18.810763000000005 32.295000000000009 157.89600000000004 23.985156000000007 -0.15000000000000033 24.6633125 33.895000000000003 -12.196016666666649
decision_type=2 2 2 2 2 2 2 2
left_child=4 2 5 -4 -1 -2 7 -3
right_child=1 6 3 -5 -6 -7 -8 -9
leaf_value=-0.015919982598668368 -0.008770856662556413 0 -0.0016104172417075642 0.0025448280637850912 -0.0017858546105575896 -0.001282308999422986 0.012123607886882545 0.0048068875668675921
leaf_weight=105 123 92 737 687 104 281 96 405
leaf_count=105 123 92 737 687 104 281 96 405
internal_value=0 0.0008745 -0.000630791 0.000238722 -0.0101773 -0.00420548 0.00585212 0.00406486
internal_weight=2630 2421 1828 1424 209 404 593 497
internal_count=2630 2421 1828 1424 209 404 593 497
is_linear=0
shrinkage=0.0355277


Tree=92
num_leaves=8
num_cat=0
split_feature=15 0 15 134 15 24 24
split_gain=18.1719 13.7927 5.18955 4.10061 1.87542 1.90374 0.414981
threshold=17.680213500000004 32.295000000000009 25.570419000000005 -49.227083333333326 25.355715 1.2821303714326924 1.8713990568412184
decision_type=2 2 2 2 2 2 2
left_child=-1 2 3 -2 5 -3 -4
right_child=1 4 6 -5 -6 -7 -8
leaf_value=-0.014521527250841448 -0.0060885789112491637 0.0051207616831390615 0.0048412687112882316 -0.000731084760559869 0.010455996411128952 0 0
leaf_weight=99 234 318 160 1428 115 184 92
leaf_count=99 234 318 160 1428 115 184 92
internal_value=0 0.000569604 -0.00082161 -0.00163939 0.00521452 0.00346273 0.00361173
internal_weight=2630 2531 1914 1662 617 502 252
internal_count=2630 2531 1914 1662 617 502 252
is_linear=0
shrinkage=0.0355277


Tree=93
num_leaves=8
num_cat=0
split_feature=0 7 15 15 15 82 15
split_gain=17.3958 9.8393 6.68919 6.23247 3.0417 1.98167 0.34563
threshold=28.045000000000005 273.06250000000006 24.195175500000005 25.823931000000005 19.828619000000003 34.345000000000006 22.654276500000005
decision_type=2 2 2 2 2 2 2
left_child=2 3 -1 4 -2 6 -3
right_child=1 5 -4 -5 -6 -7 -8
leaf_value=-0.013688163494027688 -0.0044021440842129606 0 -0.001719875602821824 0.0058357203263854872 -6.5546219532365606e-05 0.011063651981756222 0.0040232172890596668
leaf_weight=139 267 110 192 183 1300 95 344
leaf_count=139 267 110 192 183 1300 95 344
internal_value=0 0.00107672 -0.00756629 -0.000105144 -0.000961529 0.00521185 0.00337133
internal_weight=2630 2299 331 1750 1567 549 454
internal_count=2630 2299 331 1750 1567 549 454
is_linear=0
shrinkage=0.0355277


Tree=94
num_leaves=10
num_cat=0
split_feature=15 7 15 136 15 134 131 15 19
split_gain=16.5318 13.0905 4.36365 4.35599 4.10947 2.58716 1.64757 1.35633 0.299363
threshold=18.810763000000005 221.91650000000001 24.504975000000005 -0.15000000000000033 24.690565500000002 -28.492083333333351 0.94583333333333297 25.84073900000001 0.053446756379424899
decision_type=2 2 2 2 2 2 2 2 2
left_child=3 4 6 -1 5 -2 -3 -6 -4
right_child=1 2 8 -5 7 -7 -8 -9 -10
leaf_value=-0.014876789315272742 -0.0081320988912939665 0 0.00094614504363709135 -0.0014563546478531838 -0.00026151177351350566 -0.0016812233462762092 0.0037485134582999412 0.0035486207823440586 0.007893935582156798
leaf_weight=105 145 464 92 104 510 502 280 129 299
leaf_count=105 145 464 92 104 510 502 280 129 299
internal_value=0 0.000810693 0.00364248 -0.00947057 -0.00151918 -0.00353252 0.0016073 0.000183178 0.00686567
internal_weight=2630 2421 1135 209 1286 647 744 639 391
internal_count=2630 2421 1135 209 1286 647 744 639 391
is_linear=0
shrinkage=0.0355277


Tree=95
num_leaves=8
num_cat=0
split_feature=0 7 15 15 3 0 15
split_gain=15.7929 9.35755 5.82214 5.6015 3.00388 2.44202 0.58304
threshold=27.845000000000002 270.18750000000006 25.823931000000005 24.038184000000005 59.210000000000008 33.695000000000007 22.654276500000005
decision_type=2 2 2 2 2 2 2
left_child=3 2 4 -1 -2 6 -3
right_child=1 5 -4 -5 -6 -7 -8
leaf_value=-0.014871232390805603 -0.0072616997608170282 0 0.0054557013940326167 -0.0017469185493834533 -0.000526292119918978 0.011032738989282096 0.0037031416864151995
leaf_weight=106 94 109 182 143 1525 93 378
leaf_count=106 94 109 182 143 1525 93 378
internal_value=0 0.00087091 -0.00028001 -0.00843272 -0.00108098 0.00479673 0.00303106
internal_weight=2630 2381 1801 249 1619 580 487
internal_count=2630 2381 1801 249 1619 580 487
is_linear=0
shrinkage=0.0355277


Tree=96
num_leaves=8
num_cat=0
split_feature=15 0 15 9 9 0 132
split_gain=15.2642 11.5735 4.13434 3.33514 1.93804 1.84916 0.928363
threshold=17.680213500000004 32.245000000000012 24.915467000000007 115.56250000000001 95.187500000000014 33.945000000000007 -5.2966666666666589
decision_type=2 2 2 2 2 2 2
left_child=-1 2 3 -2 -4 6 -3
right_child=1 5 4 -5 -6 -7 -8
leaf_value=-0.013310179677871683 -0.0053810981387122222 0 -2.4522964837426527e-05 -0.00071102568382789774 0.0033259293037066354 0.010356385597560828 0.0039683937164718928
leaf_weight=99 302 130 293 967 323 96 420
leaf_count=99 302 130 293 967 323 96 420
internal_value=0 0.000520921 -0.000786675 -0.002019 0.00138438 0.00465519 0.00315549
internal_weight=2630 2531 1885 1269 616 646 550
internal_count=2630 2531 1885 1269 616 646 550
is_linear=0
shrinkage=0.0355277


Tree=97
num_leaves=10
num_cat=0
split_feature=15 7 19 0 15 15 134 15 58
split_gain=14.4262 12.4192 6.64419 3.85685 3.19508 2.83125 1.42804 0.45422 0.160326
threshold=19.561091000000001 210.04150000000001 0.072776995881489823 33.845000000000006 24.747566500000001 24.216803500000001 -28.492083333333351 25.823931000000005 19.031500000000005
decision_type=2 2 2 2 2 2 2 2 2
left_child=2 4 -1 5 6 -3 -2 -6 -4
right_child=1 3 8 -5 7 -7 -8 -9 -10
leaf_value=-0.015253778529439956 -0.0072769897728371894 0.00055075440462318498 0 0.010680288885002193 -0.00044227402227278956 0.0045212365627885108 -0.0016067266467535775 0.0020728225799796392 -0.0034492948358336808
leaf_weight=95 153 677 110 97 424 519 344 108 103
leaf_count=95 153 677 110 97 424 519 344 108 103
internal_value=0 0.000934539 -0.00717898 0.00330974 -0.00183393 0.00247507 -0.00386539 0 -0.00223459
internal_weight=2630 2322 308 1293 1029 1196 497 532 213
internal_count=2630 2322 308 1293 1029 1196 497 532 213
is_linear=0
shrinkage=0.0355277


Tree=98
num_leaves=10
num_cat=0
split_feature=0 15 9 15 24 0 24 15 9
split_gain=13.7538 7.10561 6.83788 4.71014 1.97588 1.77471 1.76974 0.558924 0.31422
threshold=28.595000000000002 23.941908000000005 215.08350000000004 24.467127999999999 1.6686054622137341 33.645000000000003 1.3445128103004296 22.139544000000004 68.750000000000014
decision_type=2 2 2 2 2 2 2 2 2
left_child=1 -1 3 6 -5 7 -2 -4 -3
right_child=2 8 5 4 -6 -7 -8 -9 -10
leaf_value=-0.010914163383285073 -0.00029016735938856261 -0.0019655652434504207 0 0.0040752475800534772 0 0.010275938273720387 -0.0043776575662714734 0.0036072806112597625 0
leaf_weight=182 693 255 97 368 294 94 224 330 93
leaf_count=182 693 255 97 368 294 94 224 330 93
internal_value=0 -0.00511517 0.00125928 0 0.00235851 0.00476654 -0.00155454 0.00290977 -0.00131426
internal_weight=2630 530 2100 1579 662 521 917 427 348
internal_count=2630 530 2100 1579 662 521 917 427 348
is_linear=0
shrinkage=0.0355277


Tree=99
num_leaves=8
num_cat=0
split_feature=15 0 15 134 15 24 15
split_gain=13.3997 9.93069 3.55443 3.11703 1.38465 1.63405 0.367312
threshold=17.680213500000004 32.295000000000009 25.570419000000005 -49.227083333333326 25.355715 1.2821303714326924 26.034698500000001
decision_type=2 2 2 2 2 2 2
left_child=-1 2 3 -2 5 -3 -4
right_child=1 4 6 -5 -6 -7 -8
leaf_value=-0.012477631293003957 -0.0052614371756526104 0.0043572526687769841 0 -0.00056415371679818761 0.0090428274265676543 0 0.0047745959516768107
leaf_weight=99 234 318 140 1428 115 184 112
leaf_count=99 234 318 140 1428 115 184 112
internal_value=0 0.000480825 -0.000684308 -0.00137693 0.00442973 0.00283655 0.00293634
internal_weight=2630 2531 1914 1662 617 502 252
internal_count=2630 2531 1914 1662 617 502 252
is_linear=0
shrinkage=0.0355277


Tree=100
num_leaves=7
num_cat=0
split_feature=0 7 15 135 0 15
split_gain=12.8104 8.44998 5.2345 2.08207 1.91308 0.62391
threshold=27.145000000000007 268.52050000000008 26.034698500000001 -1.0000000180025095e-35 33.695000000000007 22.273101
decision_type=2 2 2 2 2 2
left_child=-1 2 3 -2 5 -3
right_child=1 4 -4 -5 -6 -7
leaf_value=-0.012319468880882476 -0.0024352224767254776 0 0.0059908726041260473 0 0.0096565672398762001 0.003206328423101517
leaf_weight=97 863 105 126 941 97 401
leaf_count=97 863 105 126 941 97 401
internal_value=0 0.000468572 -0.000579592 -0.00118107 0.00416711 0.00257549
internal_weight=2630 2533 1930 1804 603 506
internal_count=2630 2533 1930 1804 603 506
is_linear=0
shrinkage=0.0355277


Tree=101
num_leaves=11
num_cat=0
split_feature=15 0 19 131 15 9 9 9 83 24
split_gain=12.6534 9.11638 5.72324 3.52149 3.02457 1.59066 1.11545 0.853731 0.792487 0.344795
threshold=19.561091000000001 30.445000000000004 0.072776995881489823 1.0258333333333314 24.335983000000002 173.64600000000004 127.12500000000001 77.562500000000014 0.69731109973604988 1.2281361365735071
decision_type=2 2 2 2 2 2 2 2 2 2
left_child=2 4 -1 5 6 -3 -2 -6 -5 -4
right_child=1 3 9 8 7 -7 -8 -9 -10 -11
leaf_value=-0.01425340828543905 -0.0077164568722128159 -3.1150286797993521e-05 0 0.0024626120559583763 -0.0012106669171019131 0.0025604513012888867 -0.0014566807535018212 0.0012993145566493178 0.00820980272533719 -0.0034219002823145106
leaf_weight=95 109 347 104 230 354 503 260 320 199 109
leaf_count=95 109 347 104 230 354 503 260 320 199 109
internal_value=0 0.000877721 -0.006721 0.00294215 -0.00144107 0.00124596 -0.00399932 0 0.00572205 -0.00203886
internal_weight=2630 2322 308 1279 1043 850 369 674 429 213
internal_count=2630 2322 308 1279 1043 850 369 674 429 213
is_linear=0
shrinkage=0.0355277


Tree=102
num_leaves=9
num_cat=0
split_feature=15 0 115 15 15 24 9 9
split_gain=12.0128 9.26646 3.64864 3.48239 2.94092 2.82415 2.05604 1.45564
threshold=18.810763000000005 31.095000000000002 51.731458308472973 24.335983000000002 25.662760500000001 1.2821303714326924 115.56250000000001 99.500000000000014
decision_type=2 2 2 2 2 2 2 2
left_child=2 3 -1 6 5 -3 -2 -5
right_child=1 4 -4 7 -6 -7 -8 -9
leaf_value=-0.001221989727889202 -0.0087371698940584518 0.0036733601340962966 -0.013529884259134976 -0.00076659313818628672 0.0085671940490707633 0 -0.0016864576853075368 0.0022914949666441044
leaf_weight=114 92 574 95 476 136 375 476 292
leaf_count=114 92 574 95 476 136 375 476 292
internal_value=0 0.000680749 -0.00808294 -0.00117756 0.00316975 0.00211214 -0.00329918 0.000113202
internal_weight=2630 2421 209 1336 1085 949 568 768
internal_count=2630 2421 209 1336 1085 949 568 768
is_linear=0
shrinkage=0.0355277


Tree=103
num_leaves=8
num_cat=0
split_feature=15 0 15 7 15 24 24
split_gain=11.4075 8.11236 2.98563 2.78541 1.45548 1.53728 1.10644
threshold=17.680213500000004 32.245000000000012 25.084268000000005 210.81250000000003 25.554977500000007 1.2821303714326924 1.8824801847626911
decision_type=2 2 2 2 2 2 2
left_child=-1 2 3 -2 5 -3 -4
right_child=1 4 6 -5 -6 -7 -8
leaf_value=-0.011520575960598698 -0.0032670925813651592 0.0039991566233566261 0.0029268899196723645 0 0.0091179846337836896 0 0
leaf_weight=99 648 343 284 729 92 211 224
leaf_count=99 648 343 284 729 92 211 224
internal_value=0 0.000435197 -0.000642932 -0.00158259 0.00390463 0.00254951 0.00145417
internal_weight=2630 2531 1885 1377 646 554 508
internal_count=2630 2531 1885 1377 646 554 508
is_linear=0
shrinkage=0.0355277


Tree=104
num_leaves=7
num_cat=0
split_feature=0 7 15 134 82 15
split_gain=10.8983 7.04836 4.34812 1.79229 1.76035 0.66926
threshold=27.145000000000007 268.52050000000008 26.034698500000001 -9.531949999999993 34.345000000000006 21.563216500000003
decision_type=2 2 2 2 2 2
left_child=-1 2 3 -2 5 -3
right_child=1 4 -4 -5 -6 -7
leaf_value=-0.011371663040070061 -0.0028105100550006286 0 0.0054381385537583581 -0.00014551903137080755 0.0090372405297929285 0.0028826143489734252
leaf_weight=97 546 93 126 1258 97 413
leaf_count=97 546 93 126 1258 97 413
internal_value=0 0.000422766 -0.000525776 -0.00108323 0.003805 0.00226923
internal_weight=2630 2533 1930 1804 603 506
internal_count=2630 2533 1930 1804 603 506
is_linear=0
shrinkage=0.0355277


Tree=105
num_leaves=9
num_cat=0
split_feature=131 9 99 131 0 3 100 139
split_gain=10.4615 6.02188 4.66168 2.22218 1.28889 1.22688 1.04956 0.190358
threshold=-1.9041666666666683 214.18750000000003 2.4105946459673775 1.0500000000000027 33.645000000000003 75.915000000000006 63.555000000000007 93.334999999999994
decision_type=2 2 2 2 2 2 2 2
left_child=2 3 -1 5 7 -2 -5 -3
right_child=1 4 -4 6 -6 -7 -8 -9
leaf_value=0 -0.0021625400723991098 0.0027766694729112087 -0.012160735834467711 0 0.0087956796203981658 0 0.0029285767299281193 0
leaf_weight=115 601 332 116 109 96 837 331 93
leaf_count=115 601 332 116 109 96 837 331 93
internal_value=0 0.00066599 -0.00715851 -0.000161239 0.00404453 -0.000945021 0.00187314 0.00234267
internal_weight=2630 2399 231 1878 521 1438 440 425
internal_count=2630 2399 231 1878 521 1438 440 425
is_linear=0
shrinkage=0.0355277


Tree=106
num_leaves=8
num_cat=0
split_feature=84 7 141 100 82 7 129
split_gain=9.90427 6.16592 2.82491 1.26753 1.08545 0.755609 0.150796
threshold=26.845000000000002 275.43750000000006 1.4500000000000013 72.215000000000018 34.295000000000009 157.89600000000004 124.87933333333335
decision_type=2 2 2 2 2 2 2
left_child=-1 2 5 -4 6 -2 -3
right_child=1 4 3 -5 -6 -7 -8
leaf_value=-0.01023752290558246 -0.0030608835851615008 0.0026822249235342985 0 0.0028749276853911356 0.0085097096312869176 -0.00059480794533460827 0
leaf_weight=109 338 334 334 335 92 994 94
leaf_count=109 338 334 334 335 92 994 94
internal_value=0 0.000427826 -0.000369152 0.00134312 0.00389349 -0.00139986 0.00227968
internal_weight=2630 2521 2001 669 520 1332 428
internal_count=2630 2521 2001 669 520 1332 428
is_linear=0
shrinkage=0.0355277


Tree=107
num_leaves=11
num_cat=0
split_feature=15 7 19 141 15 9 15 24 59 131
split_gain=10.399 7.95544 4.71974 2.95124 2.33716 2.0227 1.56815 0.546203 0.290412 0.220962
threshold=19.561091000000001 210.04150000000001 0.072776995881489823 2.3000000000000029 24.335983000000002 113.89600000000002 24.216803500000001 2.4476182178211503 18.852000000000004 1.7858333333333347
decision_type=2 2 2 2 2 2 2 2 2 2
left_child=2 4 -1 6 5 -2 -3 -6 -4 -5
right_child=1 3 8 9 7 -7 -8 -9 -10 -11
leaf_value=-0.012977866872294606 -0.008084717985019323 0 0 0.0012139568918031088 0.00062080099790560745 -0.00079579585284670804 0.0031416521314827314 -0.0014103494058078109 -0.002932830234006761 0.0084212646789568624
leaf_weight=95 107 593 99 98 416 247 457 259 114 145
leaf_count=95 107 593 99 98 416 247 457 259 114 145
internal_value=0 0.000783811 -0.00610435 0.00269552 -0.00140206 -0.00372163 0.00156593 0 -0.0017424 0.00651811
internal_weight=2630 2322 308 1293 1029 354 1050 675 213 243
internal_count=2630 2322 308 1293 1029 354 1050 675 213 243
is_linear=0
shrinkage=0.0355277


Tree=108
num_leaves=9
num_cat=0
split_feature=131 9 99 131 3 138 0 115
split_gain=9.21225 5.19469 4.17537 1.8716 1.13824 1.13586 1.13112 0.170434
threshold=-1.9041666666666683 215.08350000000004 2.4105946459673775 1.1791666666666638 75.915000000000006 -3.3149999999999973 33.645000000000003 65.813712013457263
decision_type=2 2 2 2 2 2 2 2
left_child=2 3 -1 4 -2 -5 7 -3
right_child=1 6 -4 5 -6 -7 -8 -9
leaf_value=0 -0.0019582905514542344 0.0025629358384292988 -0.011445327593488918 0 0 0.0035887787448071334 0.0083463612279819441 0
leaf_weight=115 628 321 116 188 859 214 94 95
leaf_count=115 628 321 116 188 859 214 94 95
internal_value=0 0.000623227 -0.00671914 -0.000125358 -0.000816029 0.0018514 0.00380306 0.00213998
internal_weight=2630 2399 231 1889 1487 402 510 416
internal_count=2630 2399 231 1889 1487 402 510 416
is_linear=0
shrinkage=0.0355277


Tree=109
num_leaves=8
num_cat=0
split_feature=15 0 115 7 15 15 0
split_gain=9.70169 7.02911 3.07391 2.80155 2.76557 1.23703 0.330485
threshold=18.810763000000005 32.745000000000012 51.731458308472973 157.89600000000004 23.985156000000007 24.6633125 33.895000000000003
decision_type=2 2 2 2 2 2 2
left_child=2 3 -1 5 -5 -2 -3
right_child=1 6 -4 4 -6 -7 -8
leaf_value=-0.00083440755002416511 -0.0060724445862181163 0.0028346842848284565 -0.012253634483070337 -0.00082831031813002478 0.0020116179695183539 -0.00053233752720174203 0.0086741783265338393
leaf_weight=114 124 303 95 836 780 282 96
leaf_count=114 124 303 95 836 780 282 96
internal_value=0 0.000607893 -0.0072676 -0.000139988 0.00040569 -0.00283445 0.00490214
internal_weight=2630 2421 209 2022 1616 406 399
internal_count=2630 2421 209 2022 1616 406 399
is_linear=0
shrinkage=0.0355277


Tree=110
num_leaves=8
num_cat=0
split_feature=15 0 15 24 24 18 7
split_gain=9.20172 5.89829 2.37428 3.91375 1.72025 1.28943 0.449379
threshold=17.680213500000004 32.295000000000009 24.335983000000002 1.3315197778196308 1.7065383588912841 2.8660769299159852 224.89600000000004
decision_type=2 2 2 2 2 2 2
left_child=-1 2 3 -2 -4 -3 -7
right_child=1 5 4 -5 -6 6 -8
leaf_value=-0.010349457483477011 -7.8916903217393145e-05 0 0.0025491192482018617 -0.005505229572534083 -0.00029085685933944095 0 0.005086265576211401
leaf_weight=99 715 161 376 259 564 92 364
leaf_count=99 715 161 376 259 564 92 364
internal_value=0 0.000388119 -0.000485934 -0.00177637 0.000615428 0.0034407 0.00441462
internal_weight=2630 2531 1914 974 940 617 456
internal_count=2630 2531 1914 974 940 617 456
is_linear=0
shrinkage=0.0355277


Tree=111
num_leaves=11
num_cat=0
split_feature=15 7 19 141 15 9 15 9 59 42
split_gain=8.75389 6.75845 4.10405 2.53079 1.93849 1.74551 1.2255 0.412594 0.261731 0.135097
threshold=19.561091000000001 210.04150000000001 0.072776995881489823 2.3000000000000029 24.335983000000002 127.12500000000001 24.216803500000001 66.750000000000014 18.852000000000004 30.945000000000004
decision_type=2 2 2 2 2 2 2 2 2 2
left_child=2 4 -1 6 5 -2 -3 -6 -4 -5
right_child=1 3 8 9 7 -7 -8 -9 -10 -11
leaf_value=-0.012022446418537598 -0.0065025584763365061 0 0 0.0020327296564550744 -0.0010848644945605835 -9.1018121996339885e-05 0.0028091697764336615 0.00063058863630194848 -0.0025906084683316351 0.0087537782068541018
leaf_weight=95 145 593 99 136 312 209 457 363 114 107
leaf_count=95 145 593 99 136 312 209 457 363 114 107
internal_value=0 0.000710825 -0.0056086 0.00247804 -0.00129329 -0.0034072 0.00141224 0 -0.00147178 0.00603516
internal_weight=2630 2322 308 1293 1029 354 1050 675 213 243
internal_count=2630 2322 308 1293 1029 354 1050 675 213 243
is_linear=0
shrinkage=0.0355277


Tree=112
num_leaves=8
num_cat=0
split_feature=15 0 136 134 15 15 0
split_gain=8.27299 6.06712 3.06836 2.48236 1.82293 1.21798 0.274657
threshold=18.810763000000005 32.745000000000012 -0.15000000000000033 -49.227083333333326 21.563216500000003 24.6633125 33.895000000000003
decision_type=2 2 2 2 2 2 2
left_child=2 3 -1 5 -5 -2 -3
right_child=1 6 -4 4 -6 -7 -8
leaf_value=-0.011066166452581249 -0.0066472645848991542 0.0025523802165635279 0 -0.0015084749142010093 0.001036604905873256 -0.00015485053274713154 0.0081061574109300844
leaf_weight=105 98 303 104 442 1293 189 96
leaf_count=105 98 303 104 442 1293 189 96
internal_value=0 0.000551635 -0.00672027 -0.000135785 0.000255766 -0.00323071 0.00454386
internal_weight=2630 2421 209 2022 1735 287 399
internal_count=2630 2421 209 2022 1735 287 399
is_linear=0
shrinkage=0.0355277


Tree=113
num_leaves=7
num_cat=0
split_feature=131 9 3 131 25 19
split_gain=7.85851 4.59327 2.19687 1.93063 0.851276 0.113352
threshold=-2.4816666666666669 214.18750000000003 59.970000000000006 1.1791666666666638 2.8877650000000004 0.057157477187469427
decision_type=2 2 2 2 2 2
left_child=-1 2 -2 -4 5 -3
right_child=1 4 3 -5 -6 -7
leaf_value=-0.0083006257030343936 -0.0051423316895387334 0 -0.00055817949972594119 0.0023164784320612287 0.0074861770141891899 0.0022434716428266976
leaf_weight=132 105 103 1497 361 93 339
leaf_count=132 105 103 1497 361 93 339
internal_value=0 0.000409595 -0.000283993 0 0.00334699 0.00188578
internal_weight=2630 2498 1963 1858 535 442
internal_count=2630 2498 1963 1858 535 442
is_linear=0
shrinkage=0.0355277


Tree=114
num_leaves=7
num_cat=0
split_feature=15 15 7 15 141 24
split_gain=7.68304 5.4002 3.80107 1.95726 1.19301 0.782008
threshold=17.680213500000004 25.710093000000004 221.91650000000001 20.914680000000001 0.049999999999998941 1.6987062238458319
decision_type=2 2 2 2 2 2
left_child=-1 2 4 -4 -2 -3
right_child=1 5 3 -5 -6 -7
leaf_value=-0.0094638920574659988 -0.0038187884026689646 0.0068331441539191727 -0.00066903562013197985 0.0022360446555375339 -0.00063994770450498807 0
leaf_weight=99 286 167 300 806 870 102
leaf_count=99 286 167 300 806 870 102
internal_value=0 0.000346873 -0.000127836 0.00124581 -0.00163586 0.00507681
internal_weight=2630 2531 2262 1106 1156 269
internal_count=2630 2531 2262 1106 1156 269
is_linear=0
shrinkage=0.0355277


Tree=115
num_leaves=8
num_cat=0
split_feature=0 141 7 83 25 3 132
split_gain=7.41166 4.35115 2.0486 1.20731 1.40271 1.05754 0.446416
threshold=27.145000000000007 2.2750000000000008 275.43750000000006 0.7302947375064518 2.9416235000000008 60.600000000000009 1.0000000180025095e-35
decision_type=2 2 2 2 2 2 2
left_child=-1 2 5 -3 -5 -2 -4
right_child=1 3 6 4 -6 -7 -8
leaf_value=-0.0093909906962669522 -0.0048014208662834224 0 0 0.00067285529334441439 0.0086473550654294906 -0.00049916616904199318 0.0024953892435390199
leaf_weight=97 92 184 113 134 113 1590 307
leaf_count=97 92 184 113 134 113 1590 307
internal_value=0 0.000333997 -0.000236531 0.0035986 0.00532912 -0.000883995 0.00180321
internal_weight=2630 2533 2102 431 247 1682 420
internal_count=2630 2533 2102 431 247 1682 420
is_linear=0
shrinkage=0.0355277


Tree=116
num_leaves=11
num_cat=0
split_feature=15 7 19 135 15 9 15 24 82 83
split_gain=7.07366 5.47919 3.61754 2.17027 1.75281 1.48832 0.961193 0.32609 0.250241 0.195697
threshold=19.561091000000001 210.04150000000001 0.072776995881489823 1.1500000000000006 24.335983000000002 127.12500000000001 23.985156000000007 2.4476182178211503 30.745000000000001 0.68980673621930655
decision_type=2 2 2 2 2 2 2 2 2 2
left_child=2 4 -1 6 5 -2 -3 -6 -4 -5
right_child=1 3 8 9 7 -7 -8 -9 -10 -11
leaf_value=-0.011035235845640007 -0.0060236969239095117 0 0 0.00063112740983574595 0.00052386968233203966 -1.4818862670077735e-05 0.002315102854152385 -0.0010568171766258483 -0.0021657062364662844 0.0066790460591092055
leaf_weight=95 145 540 93 107 416 209 471 259 120 175
leaf_count=95 145 540 93 107 416 209 471 259 120 175
internal_value=0 0.000634413 -0.00504596 0.00223181 -0.00115613 -0.00316095 0.00114907 0 -0.00111989 0.00522746
internal_weight=2630 2322 308 1293 1029 354 1011 675 213 282
internal_count=2630 2322 308 1293 1029 354 1011 675 213 282
is_linear=0
shrinkage=0.0355277


Tree=117
num_leaves=6
num_cat=0
split_feature=131 15 63 3 141
split_gain=6.73844 4.96118 2.97214 1.47458 0.961672
threshold=-2.7408333333333341 25.945313000000002 265.22950000000003 59.210000000000008 0.8000000000000026
decision_type=2 2 2 2 2
left_child=-1 2 3 -2 -4
right_child=1 -3 4 -5 -6
leaf_value=-0.0088646076021559033 -0.0051446892976579209 0.0059575255980886489 0 -0.00042937288389365648 0.0035088611684006804
leaf_weight=99 100 178 287 1670 296
leaf_count=99 100 178 287 1670 296
internal_value=0 0.000323079 -2.12908e-05 -0.000838907 0.00206159
internal_weight=2630 2531 2353 1770 583
internal_count=2630 2531 2353 1770 583
is_linear=0
shrinkage=0.0355277


Tree=118
num_leaves=7
num_cat=0
split_feature=15 15 7 15 134 24
split_gain=6.52217 4.61012 3.13591 1.61273 0.886805 0.629177
threshold=17.680213500000004 25.710093000000004 221.91650000000001 20.914680000000001 -49.227083333333326 1.6987062238458319
decision_type=2 2 2 2 2 2
left_child=-1 2 4 -4 -2 -3
right_child=1 5 3 -5 -6 -7
leaf_value=-0.0087216737002084321 -0.0036248796056069354 0.0062899028176317835 -0.00056401251300744395 0.002028661392711835 -0.00064576866136986546 0
leaf_weight=99 247 167 300 806 909 102
leaf_count=99 247 167 300 806 909 102
internal_value=0 0.000317312 -0.000113973 0.00112327 -0.00149154 0.0046896
internal_weight=2630 2531 2262 1106 1156 269
internal_count=2630 2531 2262 1106 1156 269
is_linear=0
shrinkage=0.0355277


Tree=119
num_leaves=8
num_cat=0
split_feature=84 141 7 42 138 132 18
split_gain=6.34326 3.64093 1.51369 1.32278 0.818277 0.396657 0.185983
threshold=26.845000000000002 2.2750000000000008 275.43750000000006 30.945000000000004 -3.605 1.0000000180025095e-35 3.3733790975127809
decision_type=2 2 2 2 2 2 2
left_child=-1 2 4 6 -2 -4 -3
right_child=1 3 5 -5 -6 -7 -8
leaf_value=-0.0082065199662750745 -0.0021884340555833291 0 0 0.0062307703882879435 -0.00010830676163303307 0.0022208405400990826 0.0017915498372048375
leaf_weight=109 401 152 113 158 1288 307 102
leaf_count=109 401 152 113 158 1288 307 102
internal_value=0 0.000327268 -0.000172233 0.00339049 -0.000741119 0.00156454 0.000654925
internal_weight=2630 2521 2109 412 1689 420 254
internal_count=2630 2521 2109 412 1689 420 254
is_linear=0
shrinkage=0.0355277


Tree=120
num_leaves=8
num_cat=0
split_feature=0 141 7 138 42 3 132
split_gain=6.08835 3.72524 1.57311 1.65152 1.37145 0.291317 0.213962
threshold=27.145000000000007 2.2750000000000008 157.89600000000004 -4.5249999999999977 30.945000000000004 86.855000000000004 -5.0338333333333329
decision_type=2 2 2 2 2 2 2
left_child=-1 2 5 -4 6 -2 -3
right_child=1 4 3 -5 -6 -7 -8
leaf_value=-0.0085136029554494265 -0.0048930689522612789 0 -0.0018518602653873209 0.00077730265081839029 0.0061896846422605659 -0.00059505673521868113 0.0014800033558650552
leaf_weight=97 92 93 362 1385 162 263 176
leaf_count=97 92 93 362 1385 162 263 176
internal_value=0 0.00030025 -0.000220383 9.94512e-05 0.00332457 -0.00239541 0.000683197
internal_weight=2630 2533 2102 1747 431 355 269
internal_count=2630 2533 2102 1747 431 355 269
is_linear=0
shrinkage=0.0355277


Tree=121
num_leaves=12
num_cat=0
split_feature=15 7 18 141 7 15 83 136 19 83 3
split_gain=6.00833 4.58712 3.98972 1.64187 1.04528 0.75224 0.750565 0.531719 0.284015 0.165018 0.151128
threshold=20.801333500000002 210.04150000000001 2.4592123276784634 1.6500000000000041 157.89600000000004 24.6633125 0.50083264004385819 1.9499999999999977 0.049553447898330556 0.25980762113481998 84.75500000000001
decision_type=2 2 2 2 2 2 2 2 2 2 2
left_child=2 4 -1 8 5 -2 -5 9 -3 -4 -6
right_child=1 3 7 6 10 -7 -8 -9 -10 -11 -12
leaf_value=-0.0093042309652926619 -0.004672371564716938 0 0 0 -0.0002278389230665228 -0.00017160521989851337 0.0059398836471616619 0 0.001450110693095398 -0.0023242852299432491 0.0008147963275941982
leaf_weight=116 123 141 92 96 307 282 244 100 608 264 257
leaf_count=116 123 141 92 96 307 282 244 100 608 264 257
internal_value=0 0.000850074 -0.00324699 0.002479 -0.000753104 -0.0021347 0.0047697 -0.00111913 0.00111137 -0.00185829 0
internal_weight=2630 2058 572 1089 969 405 340 456 749 356 564
internal_count=2630 2058 572 1089 969 405 340 456 749 356 564
is_linear=0
shrinkage=0.0355277


Tree=122
num_leaves=6
num_cat=0
split_feature=131 15 7 15 135
split_gain=5.68538 4.16229 2.66679 0.893 0.603351
threshold=-2.7408333333333341 25.945313000000002 259.64600000000002 24.467127999999999 0.84999999999999976
decision_type=2 2 2 2 2
left_child=-1 2 3 -2 -4
right_child=1 -3 4 -5 -6
leaf_value=-0.0081512226253456915 -0.0015293863197825635 0.0054499881047675005 0.00047997830885405658 0 0.0038396793173610957
leaf_weight=99 999 178 455 715 184
leaf_count=99 999 178 455 715 184
internal_value=0 0.000286738 -2.08133e-05 -0.000843352 0.00182332
internal_weight=2630 2531 2353 1714 639
internal_count=2630 2531 2353 1714 639
is_linear=0
shrinkage=0.0355277


Tree=123
num_leaves=8
num_cat=0
split_feature=15 0 58 134 15 15 128
split_gain=5.5451 4.15055 2.97881 1.5562 1.20729 0.937999 0.319511
threshold=18.810763000000005 32.745000000000012 19.764500000000002 -49.227083333333326 23.985156000000007 24.6633125 278.75000000000006
decision_type=2 2 2 2 2 2 2
left_child=2 3 -1 5 -5 -2 -3
right_child=1 6 -4 4 -6 -7 -8
leaf_value=0 -0.005478809268547556 0.0044702564021643406 -0.0092631126489384936 -0.00062933461838302258 0.0011723687009124336 0 0
leaf_weight=95 98 299 114 835 900 189 100
leaf_count=95 98 299 114 835 900 189 100
internal_value=0 0.000441862 -0.00551082 -0.000108364 0.000176499 -0.00256967 0.00374851
internal_weight=2630 2421 209 2022 1735 287 399
internal_count=2630 2421 209 2022 1735 287 399
is_linear=0
shrinkage=0.0355277


Tree=124
num_leaves=6
num_cat=0
split_feature=15 15 7 15 141
split_gain=5.27951 3.78153 2.60703 1.39841 0.843572
threshold=17.680213500000004 25.945313000000002 221.91650000000001 20.914680000000001 0.049999999999998941
decision_type=2 2 2 2 2
left_child=-1 2 4 -4 -2
right_child=1 -3 3 -5 -6
leaf_value=-0.0078544706579286461 -0.00305854082558376 0.0051834818295726512 -0.00042379127332348111 0.0019188215706924315 -0.00040758591985843364
leaf_weight=99 294 179 300 838 920
leaf_count=99 294 179 300 838 920
internal_value=0 0.000276803 -1.29274e-05 0.00110506 -0.00124611
internal_weight=2630 2531 2352 1138 1214
internal_count=2630 2531 2352 1138 1214
is_linear=0
shrinkage=0.0355277


Tree=125
num_leaves=8
num_cat=0
split_feature=131 15 53 9 15 24 141
split_gain=5.07635 3.45862 3.14151 1.87777 0.697949 0.330758 0.260736
threshold=-1.9041666666666683 25.710093000000004 355.72500000000008 220.85400000000001 21.446169000000001 1.6987062238458319 0.8499999999999962
decision_type=2 2 2 2 2 2 2
left_child=2 3 -1 4 -2 -3 -5
right_child=1 5 -4 6 -6 -7 -8
leaf_value=-0.01001275649398878 -0.0016199753000095591 0.00553980758633293 0 0 0 0 0.003130240541373148
leaf_weight=93 530 165 138 193 1200 95 216
leaf_count=93 530 165 138 193 1200 95 216
internal_value=0 0.000437733 -0.00501054 0 -0.000550116 0.00426065 0.00210875
internal_weight=2630 2399 231 2139 1730 260 409
internal_count=2630 2399 231 2139 1730 260 409
is_linear=0
shrinkage=0.0355277


Tree=126
num_leaves=6
num_cat=0
split_feature=88 15 9 15 15
split_gain=4.90968 3.34478 2.44471 1.08652 1.00022
threshold=26.320000000000004 25.945313000000002 179.06250000000003 20.841492000000006 24.038184000000005
decision_type=2 2 2 2 2
left_child=-1 2 4 -4 -2
right_child=1 -3 3 -5 -6
leaf_value=-0.0074321170252040483 -0.002261457792976933 0.0048816708689908188 0 0.0020574438390990146 0
leaf_weight=103 544 179 306 681 817
leaf_count=103 544 179 306 681 817
internal_value=0 0.000269284 0 0.00124385 -0.00106476
internal_weight=2630 2527 2348 987 1361
internal_count=2630 2527 2348 987 1361
is_linear=0
shrinkage=0.0355277


Tree=127
num_leaves=7
num_cat=0
split_feature=131 15 7 141 130 24
split_gain=4.74177 3.16387 1.79 0.770253 0.704981 0.440245
threshold=-2.7408333333333341 25.710093000000004 259.64600000000002 2.2750000000000008 -1.1211333333333344 1.6987062238458319
decision_type=2 2 2 2 2 2
left_child=-1 2 4 -4 -2 -3
right_child=1 5 3 -5 -6 -7
leaf_value=-0.0074507089224346906 0 0.0052121023272172157 0.00023509318432844451 0.0040634662854614608 -0.0015244383896312757 0
leaf_weight=99 827 167 490 127 819 101
leaf_count=99 827 167 490 127 819 101
internal_value=0 0.000253999 -8.59175e-05 0.00141609 -0.000788523 0.00388823
internal_weight=2630 2531 2263 617 1646 268
internal_count=2630 2531 2263 617 1646 268
is_linear=0
shrinkage=0.0355277


Tree=128
num_leaves=6
num_cat=0
split_feature=15 15 9 141 15
split_gain=4.64019 2.98723 2.22189 1.19565 0.618086
threshold=17.680213500000004 26.092053500000002 199.68750000000003 1.0000000180025095e-35 20.998094000000005
decision_type=2 2 2 2 2
left_child=-1 2 3 -2 -4
right_child=1 -3 4 -5 -6
leaf_value=-0.0073654603289335444 -0.0025000343783210029 0.0054039173875653473 0 -3.6163800605960724e-05 0.0022877397049289043
leaf_weight=99 371 129 143 1371 517
leaf_count=99 371 129 143 1371 517
internal_value=0 0.00025726 0 -0.000696583 0.00171409
internal_weight=2630 2531 2402 1742 660
internal_count=2630 2531 2402 1742 660
is_linear=0
shrinkage=0.0355277


Tree=129
num_leaves=6
num_cat=0
split_feature=84 15 9 15 15
split_gain=4.48369 2.77778 2.04745 0.949147 0.780188
threshold=26.845000000000002 25.945313000000002 179.06250000000003 20.841492000000006 24.170858000000006
decision_type=2 2 2 2 2
left_child=-1 2 4 -4 -2
right_child=1 -3 3 -5 -6
leaf_value=-0.0069089293726397353 -0.0019916167438253822 0.0044632042917063276 0 0.0019064638178683008 0
leaf_weight=109 562 179 313 686 781
leaf_count=109 562 179 313 686 781
internal_value=0 0.000264233 0 0.00114466 -0.000969445
internal_weight=2630 2521 2342 999 1343
internal_count=2630 2521 2342 999 1343
is_linear=0
shrinkage=0.0355277


Tree=130
num_leaves=8
num_cat=0
split_feature=0 141 15 24 15 83 24
split_gain=4.2886 3.03574 1.55904 1.41153 1.02291 1.75187 0.852447
threshold=27.145000000000007 2.3000000000000029 24.871904000000004 1.2639710889850295 20.998094000000005 0.70237691685680115 1.6987062238458319
decision_type=2 2 2 2 2 2 2
left_child=-1 2 3 -2 -3 -6 -4
right_child=1 4 6 -5 5 -7 -8
leaf_value=-0.0071578612959973774 0 0 0.0022444576827688302 -0.0020758547399162925 0 0.006814925044698569 0
leaf_weight=97 658 152 343 729 115 153 383
leaf_count=97 658 152 343 729 115 153 383
internal_value=0 0.000237135 -0.000215752 -0.000997176 0.00301682 0.00434361 0.000964958
internal_weight=2630 2533 2113 1387 420 268 726
internal_count=2630 2533 2113 1387 420 268 726
is_linear=0
shrinkage=0.0355277


Tree=131
num_leaves=8
num_cat=0
split_feature=15 131 24 134 15 15 83
split_gain=4.21262 3.2756 2.71346 1.37815 1.06291 0.810869 0.700638
threshold=18.810763000000005 1.7200000000000009 1.2334335439562889 -45.288216666666663 23.985156000000007 24.6633125 0.7302947375064518
decision_type=2 2 2 2 2 2 2
left_child=2 3 -1 5 -5 -2 -3
right_child=1 6 -4 4 -6 -7 -8
leaf_value=0 -0.0048939089828783896 0.0001722114034496444 -0.0092635846665793144 -0.0004602150197100895 0.0011560478943868451 0 0.006019764230842448
leaf_weight=117 104 143 92 862 959 211 142
leaf_count=117 104 143 92 862 959 211 142
internal_value=0 0.00037642 -0.00481106 -1.04634e-06 0.000268474 -0.00223852 0.00392387
internal_weight=2630 2421 209 2136 1821 315 285
internal_count=2630 2421 209 2136 1821 315 285
is_linear=0
shrinkage=0.0355277


Tree=132
num_leaves=6
num_cat=0
split_feature=88 0 7 138 3
split_gain=4.08632 2.56269 1.24668 1.40787 0.792841
threshold=26.320000000000004 33.945000000000007 190.87500000000003 -4.5249999999999977 84.575000000000003
decision_type=2 2 2 2 2
left_child=-1 2 4 -4 -2
right_child=1 -3 3 -5 -6
leaf_value=-0.0067843264427188132 -0.0037135132633746358 0.0055991485865594234 -0.00096298948302712896 0.001169400580087267 -0.0001477388504692191
leaf_weight=103 148 102 444 1311 522
leaf_count=103 148 102 444 1311 522
internal_value=0 0.000240911 0 0.000500416 -0.00129454
internal_weight=2630 2527 2425 1755 670
internal_count=2630 2527 2425 1755 670
is_linear=0
shrinkage=0.0355277


Tree=133
num_leaves=8
num_cat=0
split_feature=15 141 15 24 83 24 25
split_gain=3.97286 2.54005 1.31695 2.28514 1.14914 1.04921 0.801126
threshold=17.680213500000004 2.3000000000000029 24.216803500000001 1.3315197778196308 0.7302947375064518 1.6987062238458319 2.9416235000000008
decision_type=2 2 2 2 2 2 2
left_child=-1 2 3 -2 -3 -4 -6
right_child=1 4 5 -5 6 -7 -8
leaf_value=-0.0068247263848416461 0 0 0.0017306981243391888 -0.004051967020329914 5.018202044290355e-05 -0.00018426827463074899 0.0070391871312047239
leaf_weight=99 762 170 542 254 116 577 110
leaf_count=99 762 170 542 254 116 577 110
internal_value=0 0.000226586 -0.000162408 -0.00116305 0.00285685 0.000546933 0.00451676
internal_weight=2630 2531 2135 1016 396 1119 226
internal_count=2630 2531 2135 1016 396 1119 226
is_linear=0
shrinkage=0.0355277


Tree=134
num_leaves=6
num_cat=0
split_feature=131 15 9 132 75
split_gain=3.86738 2.39142 1.75592 0.965908 0.331573
threshold=-2.7408333333333341 26.092053500000002 220.85400000000001 -8.5193333333333268 0.080950000000000008
decision_type=2 2 2 2 2
left_child=-1 2 3 -2 -4
right_child=1 -3 4 -5 -6
leaf_value=-0.0067330789668069565 -0.0030666348242803232 0.0048296937661943418 0 -0.00010871922111026551 0.0025027453114569386
leaf_weight=99 172 129 103 1788 339
leaf_count=99 172 129 103 1788 339
internal_value=0 0.0002241 0 -0.000491408 0.00197199
internal_weight=2630 2531 2402 1960 442
internal_count=2630 2531 2402 1960 442
is_linear=0
shrinkage=0.0355277


Tree=135
num_leaves=9
num_cat=0
split_feature=15 131 59 7 15 15 48 102
split_gain=3.70041 2.83036 2.81051 1.18111 1.23524 0.728514 0.613737 0.0204668
threshold=19.561091000000001 1.0258333333333314 19.031500000000005 187.64600000000004 24.038184000000005 24.504975000000005 81.180000000000021 86.575000000000003
decision_type=2 2 2 2 2 2 2 2
left_child=2 3 -1 4 -2 -5 -3 -8
right_child=1 6 -4 5 -6 -7 7 -9
leaf_value=0 -0.0051859464597563704 0.0038057048221207812 -0.0064175142930776074 -2.5623263844628574e-06 -0.00025848542848403339 0.0015767931701572151 0 0.00050358784153732507
leaf_weight=125 100 323 183 742 521 441 99 96
leaf_count=125 100 323 183 742 521 441 99 96
internal_value=0 0.000434668 -0.00367151 -0.000114964 -0.00145289 0.000401339 0.00275925 0
internal_weight=2630 2322 308 1804 621 1183 518 195
internal_count=2630 2322 308 1804 621 1183 518 195
is_linear=0
shrinkage=0.0355277


Tree=136
num_leaves=6
num_cat=0
split_feature=88 0 15 7 7
split_gain=3.59208 2.26833 1.27708 1.14651 0.21976
threshold=26.320000000000004 33.945000000000007 25.570419000000005 190.87500000000003 176.41650000000001
decision_type=2 2 2 2 2
left_child=-1 2 3 -2 -4
right_child=1 -3 4 -5 -6
leaf_value=-0.0063686000248311652 -0.0017499563718407841 0.005257484844570645 0 2.3940878233181377e-05 0.0026536156483515103
leaf_weight=103 541 102 93 1561 230
leaf_count=103 541 102 93 1561 230
internal_value=0 0.000216246 0 -0.000329205 0.00205108
internal_weight=2630 2527 2425 2102 323
internal_count=2630 2527 2425 2102 323
is_linear=0
shrinkage=0.0355277


Tree=137
num_leaves=6
num_cat=0
split_feature=136 15 9 3 75
split_gain=3.47434 2.11958 1.54679 0.70805 0.256168
threshold=-3.3999999999999999 26.130525500000001 220.85400000000001 59.210000000000008 0.080950000000000008
decision_type=2 2 2 2 2
left_child=-1 2 3 -2 -4
right_child=1 -3 4 -5 -6
leaf_value=-0.0063506627042941473 -0.0034296488303307599 0.0047278077408508786 0 -0.00015265200010616567 0.0023876385539534752
leaf_weight=100 99 119 102 1884 326
leaf_count=100 99 119 102 1884 326
internal_value=0 0.000213573 0 -0.000439301 0.0019014
internal_weight=2630 2530 2411 1983 428
internal_count=2630 2530 2411 1983 428
is_linear=0
shrinkage=0.0355277


Tree=138
num_leaves=7
num_cat=0
split_feature=131 99 0 132 138 0
split_gain=3.35718 2.85532 1.94408 1.02182 0.620969 0.517246
threshold=-1.9041666666666683 2.9497446993306071 33.945000000000007 2.0474999999999928 -3.605 29.745000000000001
decision_type=2 2 2 2 2 2
left_child=1 -1 3 4 -2 -5
right_child=2 -3 -4 5 -6 -7
leaf_value=0 -0.0013288449853493054 -0.0086531406597280952 0.0050409216468425729 0 0 0.001860543164583499
leaf_weight=136 571 95 102 262 976 488
leaf_count=136 571 95 102 262 976 488
internal_value=0 -0.00408289 0.000346618 2.79037e-05 -0.00038889 0.00118237
internal_weight=2630 231 2399 2297 1547 750
internal_count=2630 231 2399 2297 1547 750
is_linear=0
shrinkage=0.0355277


Tree=139
num_leaves=11
num_cat=0
split_feature=15 16 141 83 7 97 138 24 91 7
split_gain=3.29189 2.83537 2.62435 1.58897 0.974794 0.421136 0.313091 0.280269 0.178069 0.0307766
threshold=20.801333500000002 0.002527263025935565 1.6500000000000041 0.69731109973604988 157.89600000000004 86.756666666666675 -1.2750000000000055 1.2334335439562889 0.90507193826311483 220.12500000000003
decision_type=2 2 2 2 2 2 2 2 2 2
left_child=1 -1 4 9 5 -2 -6 -3 -9 -4
right_child=2 7 3 -5 6 -7 -8 8 -10 -11
leaf_value=-0.0071799987979602048 -0.0039213808975488715 0 0 0.0047623913032418764 0 -1.4941871908524811e-05 0.0008484106245343567 0 -0.0022177298545134143 0.00054071559835671367
leaf_weight=127 98 218 130 263 391 277 772 94 133 127
leaf_count=127 98 218 130 263 391 277 772 94 133 127
internal_value=0 -0.00241678 0.000614712 0.00278965 0 -0.00167274 0.000375396 -0.000481362 -0.00140278 0
internal_weight=2630 572 2058 520 1538 375 1163 445 227 257
internal_count=2630 572 2058 520 1538 375 1163 445 227 257
is_linear=0
shrinkage=0.0355277


Tree=140
num_leaves=6
num_cat=0
split_feature=88 131 15 24 7
split_gain=3.15072 1.96606 1.27588 1.34556 0.871446
threshold=26.320000000000004 2.3708333333333305 24.871904000000004 1.2639710889850295 194.00000000000003
decision_type=2 2 2 2 2
left_child=-1 2 3 -2 -4
right_child=1 -3 4 -5 -6
leaf_value=-0.0059660488068084697 0.00018044485095195065 0.0037899176448717158 0 -0.0016907467989290251 0.0022400452031106927
leaf_weight=103 740 174 396 819 398
leaf_count=103 740 174 396 819 398
internal_value=0 0.000200595 0 -0.000661073 0.00107629
internal_weight=2630 2527 2353 1559 794
internal_count=2630 2527 2353 1559 794
is_linear=0
shrinkage=0.0355277


Tree=141
num_leaves=8
num_cat=0
split_feature=0 141 138 7 83 25 114
split_gain=3.04297 2.33 0.820669 0.871703 0.786997 0.727551 0.563549
threshold=27.345000000000002 2.3000000000000029 -6.8449999999999944 184.43750000000003 0.51638769310760158 2.9416235000000008 400.52000000000004
decision_type=2 2 2 2 2 2 2
left_child=-1 2 6 -4 -3 -6 -2
right_child=1 4 3 -5 5 -7 -8
leaf_value=-0.0051066879608795681 0 0 -0.0011392205978597082 0.00057062955193435674 0.00017564953646286732 0.0055941581728037506 -0.003838363929776779
leaf_weight=136 113 104 504 1341 164 152 116
leaf_count=136 113 104 504 1341 164 152 116
internal_value=0 0.000237703 -0.000152365 0 0.00266911 0.00353727 -0.00214849
internal_weight=2630 2494 2074 1845 420 316 229
internal_count=2630 2494 2074 1845 420 316 229
is_linear=0
shrinkage=0.0355277


Tree=142
num_leaves=12
num_cat=0
split_feature=15 18 141 83 7 100 3 41 138 138 59
split_gain=3.0476 2.53946 2.25426 1.2217 0.734136 0.455999 0.327264 0.305 0.240898 0.106122 0.0167984
threshold=20.273351000000002 2.4592123276784634 1.4000000000000041 0.69731109973604988 157.89600000000004 86.605000000000004 63.930000000000007 30.295000000000005 -1.2750000000000055 -4.4349999999999943 19.764500000000002
decision_type=2 2 2 2 2 2 2 2 2 2 2
left_child=1 -1 4 9 5 -2 10 -5 -6 -4 -3
right_child=2 6 3 7 8 -7 -8 -9 -10 -11 -12
leaf_value=-0.0076004350475025869 -0.0030956670483938595 0.00043152150049006414 0 0.00017890682677059377 -0.00025074626751362989 0 -0.0020454039006529757 0.0052180033151602275 0.00063317413506020317 0.00073767229819506519 0
leaf_weight=105 151 108 119 131 358 215 112 189 757 248 137
leaf_count=105 151 108 119 131 358 215 112 189 757 248 137
internal_value=0 -0.00264738 0.000511001 0.00221106 -0.000131528 -0.00157947 -0.000469651 0.00388767 0.000148303 0.000106063 0
internal_weight=2630 462 2168 687 1481 366 357 320 1115 367 245
internal_count=2630 462 2168 687 1481 366 357 320 1115 367 245
is_linear=0
shrinkage=0.0355277


Tree=143
num_leaves=11
num_cat=0
split_feature=15 19 9 15 19 17 24 24 22 3
split_gain=2.88881 2.78859 2.25795 0.893302 0.776976 0.697031 0.498363 0.187904 0.158207 0.0149222
threshold=20.914680000000001 0.066031066092359522 159.27100000000004 24.038184000000005 0.067143489713215807 29.266698950000009 1.254505595882266 2.4476182178211503 61.903371749999998 64.605000000000004
decision_type=2 2 2 2 2 2 2 2 2 2
left_child=1 -1 3 5 -4 -2 9 -5 -6 -3
right_child=2 6 4 7 8 -7 -8 -9 -10 -11
leaf_value=-0.0079618762418735955 0 0.00014121481449785576 0 0.00050072531072593114 0 -0.0043256022243506236 -0.0026150920769664391 -0.00053927045300743626 0.0028512763847232526 -0.00033417182110349105
leaf_weight=93 108 273 271 612 99 108 115 277 561 113
leaf_count=93 108 273 271 612 99 108 115 277 561 113
internal_value=0 -0.00221574 0.000586037 -0.00033302 0.00191288 -0.00237431 -0.000624267 0 0.00257316 0
internal_weight=2630 594 2036 1105 931 216 501 889 660 386
internal_count=2630 594 2036 1105 931 216 501 889 660 386
is_linear=0
shrinkage=0.0355277


Tree=144
num_leaves=8
num_cat=0
split_feature=15 141 15 29 83 9 25
split_gain=2.79483 1.91139 0.962324 1.82764 0.887137 0.646668 0.609023
threshold=17.680213500000004 2.3000000000000029 24.216803500000001 0.39629156010230188 0.7302947375064518 107.47900000000001 2.9416235000000008
decision_type=2 2 2 2 2 2 2
left_child=-1 2 3 -2 -3 -4 -6
right_child=1 4 5 -5 6 -7 -8
leaf_value=-0.0057311028182138847 0 0 -0.0001007465513014778 -0.0031609186215306399 0 0.0013251972829490396 0.0061203324701011681
leaf_weight=99 687 170 538 329 116 581 110
leaf_count=99 687 170 538 329 116 581 110
internal_value=0 0.000181175 -0.0001436 -0.0010083 0.00246998 0.00044215 0.00392468
internal_weight=2630 2531 2135 1016 396 1119 226
internal_count=2630 2531 2135 1016 396 1119 226
is_linear=0
shrinkage=0.0355277


Tree=145
num_leaves=8
num_cat=0
split_feature=136 141 138 131 114 7 137
split_gain=2.75742 1.74601 0.805794 0.654869 0.594212 0.536258 0.224338
threshold=-3.3999999999999999 2.3000000000000029 -3.605 2.0949999999999993 393.3300000000001 193.39600000000004 -4.1649999999999983
decision_type=2 2 2 2 2 2 2
left_child=-1 2 4 6 -2 -4 -3
right_child=1 3 5 -5 -6 -7 -8
leaf_value=-0.0056628046338227439 0 0 -0.0005123305221189779 0.0042804498014109875 -0.0024763861668040572 0.0007278834743977055 0.0013684723750170603
leaf_weight=100 208 105 604 162 284 1020 147
leaf_count=100 208 105 604 162 284 1020 147
internal_value=0 0.000183714 -0.000132432 0.00231606 -0.00143665 0.000128045 0.000109863
internal_weight=2630 2530 2116 414 492 1624 252
internal_count=2630 2530 2116 414 492 1624 252
is_linear=0
shrinkage=0.0355277


Tree=146
num_leaves=6
num_cat=0
split_feature=88 15 24 15 15
split_gain=2.69184 1.64363 1.33247 1.64122 0.98956
threshold=26.320000000000004 26.092053500000002 1.2821303714326924 23.885631 20.914680000000001
decision_type=2 2 2 2 2
left_child=-1 2 4 -4 -2
right_child=1 -3 3 -5 -6
leaf_value=-0.005515977088544447 0 0.0040018944944243337 -0.0029741732585820417 0 0.0018854036091888106
leaf_weight=103 461 129 319 1025 593
leaf_count=103 461 129 319 1025 593
internal_value=0 0.000183514 0 -0.000770847 0.000911089
internal_weight=2630 2527 2398 1344 1054
internal_count=2630 2527 2398 1344 1054
is_linear=0
shrinkage=0.0355277


Tree=147
num_leaves=10
num_cat=0
split_feature=141 131 141 138 42 114 134 132 137
split_gain=2.59415 1.77214 1.42739 0.886953 0.69847 0.614152 0.288516 0.197713 0.120592
threshold=1.0000000180025095e-35 -2.013333333333335 2.3000000000000029 -3.605 30.945000000000004 400.52000000000004 -19.026416666666645 5.2419999999999982 -4.1649999999999983
decision_type=2 2 2 2 2 2 2 2 2
left_child=1 -1 3 5 8 -2 -5 -3 -4
right_child=2 7 4 6 -6 -7 -8 -9 -10
leaf_value=-0.0062279003496483222 0 -0.0010465159259579007 0 0 0.0043995162557867052 -0.0024751110565784488 0.00085227515365173445 0 0.00098292335065820443
leaf_weight=121 187 291 103 321 159 250 946 93 159
leaf_count=121 187 291 103 321 159 250 946 93 159
internal_value=0 -0.00232413 0.000491566 0 0.00232958 -0.00133754 0.000507039 -0.000440268 0.000162476
internal_weight=2630 505 2125 1704 421 437 1267 384 262
internal_count=2630 505 2125 1704 421 437 1267 384 262
is_linear=0
shrinkage=0.0355277


Tree=148
num_leaves=13
num_cat=0
split_feature=15 12 141 8 83 9 15 3 137 141 135 138
split_gain=2.55186 2.37711 1.94264 1.35151 1.20644 0.633159 0.618693 0.373867 0.137282 0.115042 0.0844709 0.0725291
threshold=20.801333500000002 10.625938621561071 1.4000000000000041 371.77500000000003 0.69731109973604988 162.87500000000003 24.142270000000007 63.930000000000007 -2.7149999999999959 1.9749999999999999 0.22499999999999967 -4.4349999999999943
decision_type=2 2 2 2 2 2 2 2 2 2 2 2
left_child=1 7 5 -3 11 6 -2 10 -7 -6 -1 -4
right_child=2 3 4 -5 9 8 -8 -9 -10 -11 -12 -13
leaf_value=0 -0.0026712034704499533 0 0 -0.0086635987954093632 0 0 0 -0.00154557380527536 0.0009390416470479089 0.0047199592491747478 0.0010871308597029505 0.00061907829214286948
leaf_weight=98 181 92 108 92 92 104 660 178 475 205 112 233
leaf_count=98 181 92 108 92 92 104 660 178 475 205 112 233
internal_value=0 -0.00213715 0.000530874 -0.00545013 0.00216921 -5.29285e-05 -0.000807666 0 0.000654773 0.00387702 0.000389093 0
internal_weight=2630 572 2058 184 638 1420 841 388 579 297 210 341
internal_count=2630 572 2058 184 638 1420 841 388 579 297 210 341
is_linear=0
shrinkage=0.0355277


Tree=149
num_leaves=6
num_cat=0
split_feature=88 0 15 134 24
split_gain=2.44006 1.50745 0.762506 0.747566 0.128125
threshold=26.320000000000004 33.945000000000007 25.570419000000005 -8.3306999999999913 1.8713990568412184
decision_type=2 2 2 2 2
left_child=-1 2 3 -2 -4
right_child=1 -3 4 -5 -6
leaf_value=-0.0052559176791914632 -0.0013625919698898043 0.0042792031591546379 0.0020380650153728843 1.3706257408223204e-05 0
leaf_weight=103 580 102 230 1522 93
leaf_count=103 580 102 230 1522 93
internal_value=0 0.000169158 0 -0.000261779 0.00157713
internal_weight=2630 2527 2425 2102 323
internal_count=2630 2527 2425 2102 323
is_linear=0
shrinkage=0.0355277


Tree=150
num_leaves=7
num_cat=0
split_feature=135 141 3 83 25 7
split_gain=2.42277 1.61107 1.0499 0.600865 0.702027 0.471394
threshold=-3.0249999999999999 2.3000000000000029 60.405000000000008 0.51638769310760158 2.9416235000000008 184.43750000000003
decision_type=2 2 2 2 2 2
left_child=-1 2 -2 -3 -5 -4
right_child=1 3 5 4 -6 -7
leaf_value=-0.0054433880055135718 -0.0036615038157599422 0 -0.00083123814864252763 0 0.0048457384991026382 0.00037432413407496515
leaf_weight=95 96 104 558 165 152 1460
leaf_count=95 96 104 558 165 152 1460
internal_value=0 0.00016519 -0.000138209 0.00219805 0.00295579 0
internal_weight=2630 2535 2114 421 317 2018
internal_count=2630 2535 2114 421 317 2018
is_linear=0
shrinkage=0.0355277


Tree=151
num_leaves=12
num_cat=0
split_feature=15 12 141 7 66 25 44 138 138 0 24
split_gain=2.36223 2.42192 1.66837 0.511095 0.455377 0.458683 0.374621 0.188228 0.135761 0.0686782 0.0486018
threshold=20.273351000000002 10.625938621561071 1.4000000000000041 157.89600000000004 221.39600000000004 2.7582170000000006 86.855000000000004 -1.2750000000000055 -3.605 31.245000000000001 1.23310625094135
decision_type=2 2 2 2 2 2 2 2 2 2 2
left_child=1 9 3 6 8 -6 -2 -5 -4 10 -1
right_child=2 -3 4 7 5 -7 -8 -9 -10 -11 -12
leaf_value=0 -0.0031280019546250392 -0.0057809312859193147 0 -0.00019320412202003263 0 0.0039966949589383231 0 0.00056023382334394255 0.00093930581491677228 6.4372606334633285e-05 -0.0012094822196158004
leaf_weight=95 108 162 150 358 102 223 258 757 212 110 95
leaf_count=95 108 162 150 358 102 223 258 757 212 110 95
internal_value=0 -0.00233595 0.000444064 -8.82706e-05 0.00190822 0.00304949 -0.00131318 0.000117339 0.000238144 0 -0.000663423
internal_weight=2630 462 2168 1481 687 325 366 1115 362 300 190
internal_count=2630 462 2168 1481 687 325 366 1115 362 300 190
is_linear=0
shrinkage=0.0355277


Tree=152
num_leaves=8
num_cat=0
split_feature=140 141 15 9 103 15 83
split_gain=2.31782 1.45741 0.815633 0.746559 0.725138 0.568184 0.83382
threshold=216.04000000000002 2.3000000000000029 21.207455500000005 154.52100000000004 5.78130330740031 20.998094000000005 0.70237691685680115
decision_type=2 2 2 2 2 2 2
left_child=1 2 4 -4 -1 -3 -7
right_child=-2 5 3 -5 -6 6 -8
leaf_value=0 -0.0041105097343235196 0 -0.00029953078491208693 0.0011370195334753606 -0.0037542766515837682 0 0.00485734134751386
leaf_weight=335 160 148 884 712 128 111 152
leaf_count=335 160 148 884 712 128 111 152
internal_value=0 0.000222943 -6.06484e-05 0.000202342 -0.00143946 0.00216561 0.00315259
internal_weight=2630 2470 2059 1596 463 411 263
internal_count=2630 2470 2059 1596 463 411 263
is_linear=0
shrinkage=0.0355277


Tree=153
num_leaves=8
num_cat=0
split_feature=129 141 15 11 42 9 137
split_gain=2.21396 1.35167 0.876653 0.910899 0.581478 0.431174 0.085532
threshold=222.47699999999992 2.3000000000000029 24.216803500000001 28.839500000000005 30.945000000000004 107.47900000000001 -4.1649999999999983
decision_type=2 2 2 2 2 2 2
left_child=1 2 3 -1 6 -4 -3
right_child=-2 4 5 -5 -6 -7 -8
leaf_value=0 -0.0048472861239123137 0 0 -0.0025719695321673973 0.0038870894485539954 0.0011724887677434449 0.00080921679359427707
leaf_weight=726 110 100 505 301 159 570 159
leaf_count=726 110 100 505 301 159 570 159
internal_value=0 0.000168921 -9.9992e-05 -0.000923131 0.00203603 0.000478449 0
internal_weight=2630 2520 2102 1027 418 1075 259
internal_count=2630 2520 2102 1027 418 1075 259
is_linear=0
shrinkage=0.0355277


Tree=154
num_leaves=6
num_cat=0
split_feature=88 15 24 15 15
split_gain=2.20297 1.29327 1.10493 1.37967 0.784086
threshold=26.320000000000004 26.130525500000001 1.2789544914145285 23.885631 20.914680000000001
decision_type=2 2 2 2 2
left_child=-1 2 4 -4 -2
right_child=1 -3 3 -5 -6
leaf_value=-0.0049946802676504726 0 0.0036866714887792426 -0.0026487043499806261 0 0.0017455016998543136
leaf_weight=103 457 119 333 1050 568
leaf_count=103 457 119 333 1050 568
internal_value=0 0.000159883 0 -0.000676658 0.000857925
internal_weight=2630 2527 2408 1383 1025
internal_count=2630 2527 2408 1383 1025
is_linear=0
shrinkage=0.0355277


Tree=155
num_leaves=7
num_cat=0
split_feature=135 141 137 42 7 137
split_gain=2.15316 1.32864 0.899085 0.469777 0.330727 0.0821791
threshold=-3.0249999999999999 2.3000000000000029 -9.1649999999999938 30.945000000000004 184.43750000000003 -4.1649999999999983
decision_type=2 2 2 2 2 2
left_child=-1 2 -2 5 -4 -3
right_child=1 3 4 -5 -6 -7
leaf_value=-0.0051367371869441925 -0.0034142051913762959 0 -0.0006843160177670126 0.003732164558171016 0.00032403595461013771 0.00079524942368918892
leaf_weight=95 94 103 556 159 1464 159
leaf_count=95 94 103 556 159 1464 159
internal_value=0 0.000148822 -0.000117541 0.00199798 0 4.47927e-05
internal_weight=2630 2535 2114 421 2020 262
internal_count=2630 2535 2114 421 2020 262
is_linear=0
shrinkage=0.0355277


Tree=156
num_leaves=10
num_cat=0
split_feature=141 83 15 141 138 83 15 103 7
split_gain=2.0848 1.26996 1.33987 0.950906 0.706428 0.517916 0.6008 0.495525 0.276112
threshold=1.0000000180025095e-35 0.72514366392633656 23.856547500000001 2.3000000000000029 -4.1900000000000039 0.51638769310760158 20.998094000000005 5.1822465651655181 210.52100000000004
decision_type=2 2 2 2 2 2 2 2 2
left_child=1 -1 -3 4 7 -5 -7 -2 -6
right_child=3 2 -4 5 8 6 -8 -9 -10
leaf_value=0 0 -0.0064470550271957848 0 0 0 0 0.0038649257673855557 -0.0031843057688336496 0.00092477862379064686
leaf_weight=265 258 127 113 104 621 121 196 118 707
leaf_count=265 258 127 113 104 621 121 196 118 707
internal_value=0 -0.00208853 -0.00394753 0.000434939 0 0.00193807 0.002644 -0.00128498 0.000442467
internal_weight=2630 505 240 2125 1704 421 317 376 1328
internal_count=2630 505 240 2125 1704 421 317 376 1328
is_linear=0
shrinkage=0.0355277


Tree=157
num_leaves=6
num_cat=0
split_feature=136 15 24 15 15
split_gain=2.02388 1.1717 0.806873 1.10431 0.622294
threshold=-3.3999999999999999 25.823931000000005 1.2639710889850295 23.885631 20.914680000000001
decision_type=2 2 2 2 2
left_child=-1 2 4 -4 -2
right_child=1 -3 3 -5 -6
leaf_value=-0.0048609770168412912 0 0.0026101459430188214 -0.0021588630936572656 0 0.0016567970460978434
leaf_weight=100 451 219 410 997 453
leaf_count=100 451 219 410 997 453
internal_value=0 0.000144626 0 -0.000620706 0.000721854
internal_weight=2630 2530 2311 1407 904
internal_count=2630 2530 2311 1407 904
is_linear=0
shrinkage=0.0355277


Tree=158
num_leaves=6
num_cat=0
split_feature=88 0 138 134 11
split_gain=1.97687 1.13855 0.553798 0.613388 0.534621
threshold=26.320000000000004 33.945000000000007 -3.605 -9.9477500000000116 21.772500000000004
decision_type=2 2 2 2 2
left_child=-1 2 4 -4 -2
right_child=1 -3 3 -5 -6
leaf_value=-0.0047355181842832009 0 0.0037178504361441082 -0.00039813049397881533 0.00082792821894324474 -0.0017272835134264947
leaf_weight=103 201 102 608 1215 401
leaf_count=103 201 102 608 1215 401
internal_value=0 0.000145851 0 0.000295718 -0.000941723
internal_weight=2630 2527 2425 1823 602
internal_count=2630 2527 2425 1823 602
is_linear=0
shrinkage=0.0355277


Tree=159
num_leaves=11
num_cat=0
split_feature=15 57 141 83 134 41 132 138 59 102
split_gain=1.93686 2.24445 1.3442 0.744861 0.383315 0.340183 0.154356 0.0458269 0.0225571 0.0206447
threshold=20.319066500000005 21.608000000000004 1.4000000000000041 0.69731109973604988 -61.526900000000005 30.295000000000005 2.0474999999999928 -5.0749999999999948 19.031500000000005 90.075000000000003
decision_type=2 2 2 2 2 2 2 2 2 2
left_child=1 8 4 7 9 -5 -6 -4 -1 -2
right_child=2 -3 3 5 6 -7 -8 -9 -10 -11
leaf_value=0 -0.0021016739690118582 -0.0053439304026462403 0 0 -0.0001114963491495403 0.0041884219132391556 0.00059550765670301998 0.00046731927590618701 -0.00042739778970525707 0
leaf_weight=156 111 167 105 129 751 188 517 259 150 97
leaf_count=156 111 167 105 129 751 188 517 259 150 97
internal_value=0 -0.00209596 0.000397106 0.00171974 -6.53134e-05 0.00303378 1.11622e-06 0 0 -0.00151388
internal_weight=2630 473 2157 681 1476 317 1268 364 306 208
internal_count=2630 473 2157 681 1476 317 1268 364 306 208
is_linear=0
shrinkage=0.0355277


Tree=160
num_leaves=8
num_cat=0
split_feature=140 135 7 132 138 118 130
split_gain=1.88571 1.19397 0.643309 0.713446 0.43843 0.175628 0.139665
threshold=216.04000000000002 -1.0000000180025095e-35 211.72900000000001 -8.2046666666666628 0.39499999999999963 365.31500000000005 5.1208666666666725
decision_type=2 2 2 2 2 2 2
left_child=1 4 -3 -4 5 -1 -6
right_child=-2 2 3 -5 6 -7 -8
leaf_value=0 -0.0037153721359890319 0 0 0.0020771899137004154 0.00050292422607648758 -0.0016142210189096704 -0.00052060744886120751
leaf_weight=101 160 482 122 691 403 408 263
leaf_count=101 160 482 122 691 403 408 263
internal_value=0 0.000191244 0.000997457 0.0016038 -0.000506833 -0.00128996 0
internal_weight=2630 2470 1295 813 1175 509 666
internal_count=2630 2470 1295 813 1175 509 666
is_linear=0
shrinkage=0.0355277


Tree=161
num_leaves=6
num_cat=0
split_feature=15 131 15 130 24
split_gain=1.85936 1.13998 0.780224 1.08777 0.566122
threshold=17.680213500000004 2.3149999999999999 24.626838500000005 1.6445166666666646 1.6686054622137341
decision_type=2 2 2 2 2
left_child=-1 2 3 -2 -4
right_child=1 -3 4 -5 -6
leaf_value=-0.0046846766056556953 0 0.0028648068324192435 0.0016082892935973668 -0.0019807636755985016 0
leaf_weight=99 897 175 448 478 533
leaf_count=99 897 175 448 478 533
internal_value=0 0.000133903 0 -0.000616844 0.000682285
internal_weight=2630 2531 2356 1375 981
internal_count=2630 2531 2356 1375 981
is_linear=0
shrinkage=0.0355277


Tree=162
num_leaves=11
num_cat=0
split_feature=141 131 141 138 80 25 114 7 132 3
split_gain=1.80639 1.31337 0.82264 0.573542 0.430621 0.556499 0.421787 0.212462 0.127679 0.0382835
threshold=1.0000000180025095e-35 -2.013333333333335 2.3000000000000029 -4.1900000000000039 0.0021433333333333447 2.9416235000000008 400.52000000000004 210.04150000000001 5.2419999999999982 86.40000000000002
decision_type=2 2 2 2 2 2 2 2 2 2
left_child=1 -1 3 6 5 -4 -2 -5 9 -3
right_child=2 8 4 7 -6 -7 -8 -9 -10 -11
leaf_value=-0.0053077800431655378 0 -0.001067503842583382 0 0 0 0.0041567014472583541 -0.0021682561841663349 0.00081378229498440798 0 0
leaf_weight=121 159 199 179 614 96 146 217 714 93 92
leaf_count=121 159 199 179 614 96 146 217 714 93 92
internal_value=0 -0.0019489 0.000399256 0 0.00179673 0.00240991 -0.00116174 0.000395413 -0.000247997 -0.000789706
internal_weight=2630 505 2125 1704 421 325 376 1328 384 291
internal_count=2630 505 2125 1704 421 325 376 1328 384 291
is_linear=0
shrinkage=0.0355277


Tree=163
num_leaves=6
num_cat=0
split_feature=88 15 24 15 15
split_gain=1.76413 1.00408 0.95 1.08997 0.519885
threshold=26.320000000000004 26.1771645 1.2933322602560986 23.885631 20.998094000000005
decision_type=2 2 2 2 2
left_child=-1 2 4 -4 -2
right_child=1 -3 3 -5 -6
leaf_value=-0.0044740036278815591 0 0.0033834044520632462 -0.0026320325432264984 0 0.0014036282843525268
leaf_weight=103 496 109 278 1008 636
leaf_count=103 496 109 278 1008 636
internal_value=0 0.00013703 0 -0.000676216 0.000731209
internal_weight=2630 2527 2418 1286 1132
internal_count=2630 2527 2418 1286 1132
is_linear=0
shrinkage=0.0355277


Tree=164
num_leaves=6
num_cat=0
split_feature=129 0 137 7 55
split_gain=1.7137 1.07291 0.628033 0.65656 0.335645
threshold=229.98350000000002 33.945000000000007 -5.1749999999999963 166.83350000000004 275.10500000000008
decision_type=2 2 2 2 2
left_child=1 2 4 -4 -1
right_child=-2 -3 3 -5 -6
leaf_value=0 -0.0044747179780369878 0.003616243760990507 -0.0008016794076181014 0.00062421225237235204 -0.0020686355540805146
leaf_weight=99 100 101 436 1638 256
leaf_count=99 100 101 436 1638 256
internal_value=0 0.000130639 0 0.000214593 -0.00138971
internal_weight=2630 2530 2429 2074 355
internal_count=2630 2530 2429 2074 355
is_linear=0
shrinkage=0.0355277


Tree=165
num_leaves=11
num_cat=0
split_feature=15 115 24 15 128 22 24 11 44 3
split_gain=1.68496 1.93064 1.19959 0.662402 0.368028 0.293323 0.268872 0.264977 0.137265 0.07045
threshold=20.914680000000001 80.833819859393188 1.3315197778196308 24.284724000000001 269.47500000000008 50.79737475000001 1.254505595882266 39.964500000000008 83.625000000000014 63.930000000000007
decision_type=2 2 2 2 2 2 2 2 2 2
left_child=1 6 4 7 5 -2 9 -4 -5 -1
right_child=2 -3 3 8 -6 -7 -8 -9 -10 -11
leaf_value=0.0005458438013596522 0 -0.006405789105187929 0 -0.00013519413907809346 0 0.0020849444640479936 -0.0017029707595944351 -0.0026618298949274886 0.0005058792633991072 -0.00035833762491990014
leaf_weight=228 101 95 93 255 124 617 127 161 685 144
leaf_count=228 101 95 93 255 124 617 127 161 685 144
internal_value=0 -0.00170706 0.000430683 -0.000129318 0.00148623 0.00179694 -0.000301697 -0.00180628 9.37406e-05 0
internal_weight=2630 594 2036 1194 842 718 499 254 940 372
internal_count=2630 594 2036 1194 842 718 499 254 940 372
is_linear=0
shrinkage=0.0355277


Tree=166
num_leaves=7
num_cat=0
split_feature=135 141 3 83 18 7
split_gain=1.67421 0.998731 0.665847 0.457699 0.32447 0.250536
threshold=-3.0249999999999999 2.2250000000000001 60.600000000000009 0.51638769310760158 2.8319309104824408 184.43750000000003
decision_type=2 2 2 2 2 2
left_child=-1 2 -2 -3 -5 -4
right_child=1 3 5 4 -6 -7
leaf_value=-0.0045390673880371969 -0.0028907874090232382 0 -0.00060679168591477558 0 0.0030988457785427032 0.00027772496692524845
leaf_weight=95 98 119 552 106 229 1431
leaf_count=95 98 119 552 106 229 1431
internal_value=0 0.000117432 -0.000114867 0.0016606 0.00232704 0
internal_weight=2630 2535 2081 454 335 1983
internal_count=2630 2535 2081 454 335 1983
is_linear=0
shrinkage=0.0355277


Tree=167
num_leaves=11
num_cat=0
split_feature=141 131 141 138 83 131 12 130 138 3
split_gain=1.60735 1.11921 0.715556 0.484973 0.429729 0.348844 0.211853 0.200231 0.0665938 0.0302004
threshold=1.0000000180025095e-35 -1.9775000000000025 2.3000000000000029 -4.1900000000000039 0.51638769310760158 2.3149999999999999 10.625938621561071 -0.36234999999999923 6.0649999999999986 86.190000000000012
decision_type=2 2 2 2 2 2 2 2 2 2
left_child=1 -1 3 6 -4 -6 -2 -5 9 -3
right_child=2 8 4 7 5 -7 -8 -9 -10 -11
leaf_value=-0.0048978470905132803 0 -0.00083563557202190016 0 0.00088539600086010885 7.7897599234560928e-05 0.0042922426096414293 -0.0021800376049579285 0 0 0
leaf_weight=125 233 191 104 536 205 112 143 792 97 92
leaf_count=125 233 191 104 536 205 112 143 792 97 92
internal_value=0 -0.00184657 0.000366912 0 0.0016697 0.00231644 -0.00107354 0.000359144 -0.000199087 -0.000586456
internal_weight=2630 505 2125 1704 421 317 376 1328 380 283
internal_count=2630 505 2125 1704 421 317 376 1328 380 283
is_linear=0
shrinkage=0.0355277


Tree=168
num_leaves=9
num_cat=0
split_feature=15 12 9 15 82 4 3 6
split_gain=1.56654 1.68919 0.977656 0.610036 0.402739 0.454678 0.301135 0.0666668
threshold=20.563695000000003 10.625938621561071 113.89600000000002 24.335983000000002 34.395000000000003 4139.3890880168065 63.930000000000007 0.087150000000000019
decision_type=2 2 2 2 2 2 2 2
left_child=1 6 3 -2 5 -4 7 -1
right_child=2 -3 4 -5 -6 -7 -8 -9
leaf_value=0 -0.0030275231416366775 -0.0045541443561337236 0.0012850253024622711 0 0.0037461918793705784 0 -0.0014681309010496171 0.0011088027412348427
leaf_weight=97 100 178 623 569 92 718 144 109
leaf_count=97 100 178 623 569 92 718 144 109
internal_value=0 -0.00177463 0.000374738 -0.000544884 0.000961301 0.000587284 0 0.000519026
internal_weight=2630 528 2102 669 1433 1341 350 206
internal_count=2630 528 2102 669 1433 1341 350 206
is_linear=0
shrinkage=0.0355277


Tree=169
num_leaves=6
num_cat=0
split_feature=136 15 24 15 25
split_gain=1.50872 0.878522 0.617812 0.919767 0.479725
threshold=-3.3999999999999999 26.1771645 1.2789544914145285 23.856547500000001 2.7104935000000006
decision_type=2 2 2 2 2
left_child=-1 2 4 -4 -2
right_child=1 -3 3 -5 -6
leaf_value=-0.0042042161976890867 0 0.0031530456032973966 -0.0021649970204211345 0 0.0013636611790798839
leaf_weight=100 502 109 322 1060 537
leaf_count=100 502 109 322 1060 537
internal_value=0 0.000114223 0 -0.000520384 0.000621799
internal_weight=2630 2530 2421 1382 1039
internal_count=2630 2530 2421 1382 1039
is_linear=0
shrinkage=0.0355277


Tree=170
num_leaves=6
num_cat=0
split_feature=88 15 24 15 15
split_gain=1.48864 0.823108 0.740465 0.848823 0.416325
threshold=26.320000000000004 26.059708500000003 1.2639710889850295 23.885631 20.914680000000001
decision_type=2 2 2 2 2
left_child=-1 2 4 -4 -2
right_child=1 -3 3 -5 -6
leaf_value=-0.0041165109033274279 0 0.0027216868098832781 -0.0018780695235874857 0 0.0014833527807267661
leaf_weight=103 427 139 415 1076 470
leaf_count=103 427 139 415 1076 470
internal_value=0 0.000116152 0 -0.000525308 0.000760056
internal_weight=2630 2527 2388 1491 897
internal_count=2630 2527 2388 1491 897
is_linear=0
shrinkage=0.0355277


Tree=171
num_leaves=9
num_cat=0
split_feature=141 15 132 114 141 83 130 9
split_gain=1.45827 1.0342 0.74304 0.708848 0.656909 0.438983 0.173278 0.0242488
threshold=1.0000000180025095e-35 22.273101 -11.144499999999995 359.06500000000005 2.2250000000000001 0.70237691685680115 -0.36234999999999923 74.291500000000013
decision_type=2 2 2 2 2 2 2 2
left_child=1 3 -2 -1 6 -6 -4 -3
right_child=2 7 4 -5 5 -7 -8 -9
leaf_value=0 -0.0021379039229947488 -0.00046285701468712175 0.00056661412690066056 -0.00621309710593818 0 0.002953669778945258 -1.6336594061412893e-05 0
leaf_weight=92 101 137 738 92 178 232 876 184
leaf_count=92 101 137 738 92 178 232 876 184
internal_value=0 -0.00175741 0.000351215 -0.00389684 0.000592366 0.0019125 0.000112057 0
internal_weight=2630 505 2125 184 2024 410 1614 321
internal_count=2630 505 2125 184 2024 410 1614 321
is_linear=0
shrinkage=0.0355277


Tree=172
num_leaves=6
num_cat=0
split_feature=129 0 138 137 141
split_gain=1.41763 0.87884 0.587682 0.485333 0.427225
threshold=229.98350000000002 33.945000000000007 -2.8950000000000027 -7.075000000000002 0.40000000000000041
decision_type=2 2 2 2 2
left_child=1 2 3 -1 -4
right_child=-2 -3 4 -5 -6
leaf_value=-0.0025613952365419143 -0.0040771087252726929 0.0032644488519500388 -0.00014497092229971112 0 0.00080558667567530266
leaf_weight=173 100 101 636 537 1083
leaf_count=173 100 101 636 537 1083
internal_value=0 0.000107955 0 -0.000885173 0.00032383
internal_weight=2630 2530 2429 710 1719
internal_count=2630 2530 2429 710 1719
is_linear=0
shrinkage=0.0355277


Tree=173
num_leaves=10
num_cat=0
split_feature=15 19 11 11 15 19 3 90 97
split_gain=1.38247 1.83276 1.10412 1.02487 0.47991 0.384005 0.131635 0.130032 0.0712209
threshold=21.563216500000003 0.06486712871129223 24.021000000000004 41.885500000000008 24.284724000000001 0.067143489713215807 63.930000000000007 31.895000000000007 84.140000000000001
decision_type=2 2 2 2 2 2 2 2 2
left_child=1 -1 6 5 -5 -2 -3 -7 -6
right_child=3 2 -4 4 8 7 -8 -9 -10
leaf_value=-0.0059755245572160947 0 0.00078469619430921009 -0.0030711282210661513 -0.0019759781667216484 -0.00012443908547574191 0 0 0.0020780488248164117 0.00036030786424373905
leaf_weight=96 207 278 146 152 259 92 217 528 655
leaf_count=96 207 278 146 152 259 92 217 528 655
internal_value=0 -0.0013587 -0.000270636 0.000443558 -9.96263e-05 0.00141032 0.000131325 0.00184967 0
internal_weight=2630 737 641 1893 1066 827 495 620 914
internal_count=2630 737 641 1893 1066 827 495 620 914
is_linear=0
shrinkage=0.0355277


Tree=174
num_leaves=8
num_cat=0
split_feature=135 141 138 132 61 7 89
split_gain=1.35997 0.791521 0.541842 0.606485 0.392022 0.208179 0.175774
threshold=-3.0249999999999999 2.2250000000000001 -6.6850000000000014 -7.0491666666666637 31.068500000000004 191.50000000000003 29.532500000000002
decision_type=2 2 2 2 2 2 2
left_child=-1 2 3 -2 6 -4 -3
right_child=1 4 5 -5 -6 -7 -8
leaf_value=-0.004098143477399052 -0.0035788351928079647 0 -0.00040228416943988827 0 0 0.00036226493827973727 0.0030227191739278575
leaf_weight=95 109 93 614 126 179 1232 182
leaf_count=95 109 93 614 126 179 1232 182
internal_value=0 9.41802e-05 -0.00010217 -0.00171168 0.0014745 0 0.00230685
internal_weight=2630 2535 2081 235 454 1846 275
internal_count=2630 2535 2081 235 454 1846 275
is_linear=0
shrinkage=0.0355277


Tree=175
num_leaves=7
num_cat=0
split_feature=15 15 130 15 17 111
split_gain=1.31231 0.756715 0.55829 0.502402 0.471895 0.361726
threshold=17.680213500000004 25.570419000000005 -1.3184499999999983 22.621362000000008 35.401131150000005 4.7787278052886153
decision_type=2 2 2 2 2 2
left_child=-1 2 5 -4 -3 -2
right_child=1 4 3 -5 -6 -7
leaf_value=-0.0039468071527398287 0 0.0040025625856367607 -0.0016847195139196717 0 0 0.0011665137483471968
leaf_weight=99 440 92 391 871 247 490
leaf_count=99 440 92 391 871 247 490
internal_value=0 9.49544e-05 -5.1231e-05 -0.000623115 0.00167904 0.000482832
internal_weight=2630 2531 2192 1262 339 930
internal_count=2630 2531 2192 1262 339 930
is_linear=0
shrinkage=0.0355277


Tree=176
num_leaves=6
num_cat=0
split_feature=88 15 24 15 136
split_gain=1.28783 0.71166 0.694187 0.768148 0.360054
threshold=26.320000000000004 26.1771645 1.2933322602560986 23.885631 2.5500000000000029
decision_type=2 2 2 2 2
left_child=-1 2 4 -4 -2
right_child=1 -3 3 -5 -6
leaf_value=-0.0038350302621901712 0.00012998386168718105 0.0028341093413082243 -0.0022414980745590891 0 0.0025686959004322689
leaf_weight=103 1008 109 278 1008 124
leaf_count=103 1008 109 278 1008 124
internal_value=0 9.80707e-05 0 -0.000594553 0.000607221
internal_weight=2630 2527 2418 1286 1132
internal_count=2630 2527 2418 1286 1132
is_linear=0
shrinkage=0.0355277


Tree=177
num_leaves=7
num_cat=0
split_feature=141 83 15 132 131 132
split_gain=1.26977 0.97442 0.937793 0.641505 0.635692 0.307729
threshold=1.0000000180025095e-35 0.72858309981267311 23.856547500000001 -11.144499999999995 2.3149999999999999 2.9469999999999961
decision_type=2 2 2 2 2 2
left_child=1 -1 -3 -2 5 -5
right_child=3 2 -4 4 -6 -7
leaf_value=0 -0.0019657980456710034 -0.005367117096259884 0 0 0.0028787675017676096 0.00098983347594852611
leaf_weight=266 101 126 113 1378 153 493
leaf_count=266 101 126 113 1378 153 493
internal_value=0 -0.00164649 -0.00326782 0.000319708 0.000550231 0.000231232
internal_weight=2630 505 239 2125 2024 1871
internal_count=2630 505 239 2125 2024 1871
is_linear=0
shrinkage=0.0355277


Tree=178
num_leaves=6
num_cat=0
split_feature=140 0 138 130 59
split_gain=1.22924 0.730618 0.478939 0.47375 0.292568
threshold=216.04000000000002 33.945000000000007 -0.29499999999999454 1.6445166666666646 19.031500000000005
decision_type=2 2 2 2 2
left_child=1 2 4 -4 -1
right_child=-2 -3 3 -5 -6
leaf_value=0 -0.0030126876912006362 0.0030533086300894696 0.0012277278825784039 0 -0.00085049202889804889
leaf_weight=155 160 98 583 694 940
leaf_count=155 160 98 583 694 940
internal_value=0 0.000136485 0 0.000475151 -0.00053483
internal_weight=2630 2470 2372 1277 1095
internal_count=2630 2470 2372 1277 1095
is_linear=0
shrinkage=0.0355277


Tree=179
num_leaves=10
num_cat=0
split_feature=15 115 9 97 48 131 3 98 88
split_gain=1.22058 1.50256 0.851164 0.492606 0.267294 0.361632 0.176501 0.092892 0.0550225
threshold=20.801333500000002 80.833819859393188 113.89600000000002 85.161666666666662 81.180000000000021 1.2083333333333341 63.930000000000007 84.830000000000013 29.195000000000004
decision_type=2 2 2 2 2 2 2 2 2
left_child=1 6 3 -2 5 -4 8 -6 -1
right_child=2 -3 4 -5 7 -7 -8 -9 -10
leaf_value=0.00071760390345289684 -0.0022162999932094545 -0.0056979363554573855 0.00049959160167757524 0 -0.00050630779565873877 0.0028874369417283474 -0.0010961165171715721 0.00062090656186037459 0
leaf_weight=129 154 92 833 515 175 203 191 178 160
leaf_count=129 154 92 833 515 175 203 191 178 160
internal_value=0 -0.00149676 0.000345278 -0.000492191 0.00091072 0.0011976 -0.000168207 0 0
internal_weight=2630 572 2058 669 1389 1036 480 353 289
internal_count=2630 572 2058 669 1389 1036 480 353 289
is_linear=0
shrinkage=0.0355277


Tree=180
num_leaves=5
num_cat=0
split_feature=38 141 138 7
split_gain=1.17468 0.7737 0.463446 0.348763
threshold=27.145000000000007 3.274999999999999 -11.304999999999998 210.04150000000001
decision_type=2 2 2 2
left_child=-1 2 -2 -4
right_child=1 -3 3 -5
leaf_value=-0.0037688692925487485 -0.0020606304907803139 0.0023556827739158789 -0.00034501780239665648 0.00050770232713965679
leaf_weight=97 131 174 955 1273
leaf_count=97 131 174 955 1273
internal_value=0 9.21211e-05 0 4.12764e-05
internal_weight=2630 2533 2359 2228
internal_count=2630 2533 2359 2228
is_linear=0
shrinkage=0.0355277


Tree=181
num_leaves=7
num_cat=0
split_feature=141 83 50 132 87 7
split_gain=1.15989 0.897733 1.00439 0.594772 0.559295 0.32338
threshold=1.0000000180025095e-35 0.72858309981267311 312.81500000000005 -9.8608333333333338 1.7668359956680992 211.72900000000001
decision_type=2 2 2 2 2 2
left_child=1 -1 -3 -2 5 -5
right_child=3 2 -4 4 -6 -7
leaf_value=0 -0.0016091693768100429 0 -0.0048985351982360785 -3.1530655046371872e-05 0.0033128276697239859 0.00071312855046573684
leaf_weight=266 130 92 147 825 100 1070
leaf_count=266 130 92 147 825 100 1070
internal_value=0 -0.00157498 -0.00313094 0.000303894 0.00054564 0.000271177
internal_weight=2630 505 239 2125 1995 1895
internal_count=2630 505 239 2125 1995 1895
is_linear=0
shrinkage=0.0355277


Tree=182
num_leaves=12
num_cat=0
split_feature=15 57 11 123 15 128 6 141 132 11 24
split_gain=1.15586 1.54696 0.809677 0.783911 0.556025 0.200438 0.159177 0.157158 0.0677114 0.124032 0.0470081
threshold=21.446169000000001 22.854500000000005 34.062500000000007 57.406227933094399 24.266088000000007 260.62500000000006 0.082650000000000015 1.500000000000002 -7.5523333333333253 16.954000000000004 1.4247179771205192
decision_type=2 2 2 2 2 2 2 2 2 2 2
left_child=1 8 5 -3 10 6 -2 -6 -1 -10 -4
right_child=2 3 4 -5 7 -7 -8 -9 9 -11 -12
leaf_value=-0.0008269663765141308 0 0 0 -0.005237306453460302 0 0 0.0020509776359919499 0.00094241913456727009 0.0010522680392302953 0 -0.0021661729608617132
leaf_weight=107 101 94 113 144 771 96 414 288 143 216 143
leaf_count=107 101 94 113 144 771 96 414 288 143 216 143
internal_value=0 -0.0012831 0.000387626 -0.00357759 0 0.00145853 0.00173352 0.000242519 0 0.000150641 -0.00156234
internal_weight=2630 704 1926 238 1315 611 515 1059 466 359 256
internal_count=2630 704 1926 238 1315 611 515 1059 466 359 256
is_linear=0
shrinkage=0.0355277


Tree=183
num_leaves=6
num_cat=0
split_feature=88 15 24 15 136
split_gain=1.1116 0.615503 0.574324 0.65516 0.328309
threshold=26.320000000000004 26.059708500000003 1.2933322602560986 23.885631 2.5500000000000029
decision_type=2 2 2 2 2
left_child=-1 2 4 -4 -2
right_child=1 -3 3 -5 -6
leaf_value=-0.0035650374328042708 6.6635342384180904e-05 0.0023445799884299588 -0.002084594364870618 0 0.0023680484952233551
leaf_weight=103 1002 139 278 984 124
leaf_count=103 1002 139 278 984 124
internal_value=0 8.76138e-05 0 -0.000566299 0.000530321
internal_weight=2630 2527 2388 1262 1126
internal_count=2630 2527 2388 1262 1126
is_linear=0
shrinkage=0.0355277


Tree=184
num_leaves=8
num_cat=0
split_feature=15 57 7 44 135 83 4
split_gain=1.09782 1.65074 0.630033 0.441997 0.376163 0.362747 0.0276544
threshold=20.319066500000005 21.608000000000004 166.83350000000004 86.035000000000011 -1.0000000180025095e-35 0.68495309761187895 4139.7087690495746
decision_type=2 2 2 2 2 2 2
left_child=1 -1 3 -2 6 -6 -4
right_child=2 -3 4 -5 5 -7 -8
leaf_value=0 -0.0024036394586200408 -0.0043688214776514637 0.00025715690678234136 0 0.00024941734949120772 0.0023710953236735057 -0.00015862106691069659
leaf_weight=306 125 167 390 346 666 289 341
leaf_count=306 125 167 390 346 666 289 341
internal_value=0 -0.00159343 0.000280226 -0.000644669 0.000673265 0.00113678 0
internal_weight=2630 473 2157 471 1686 955 731
internal_count=2630 473 2157 471 1686 955 731
is_linear=0
shrinkage=0.0355277


Tree=185
num_leaves=5
num_cat=0
split_feature=129 82 132 130
split_gain=1.06594 0.658099 0.53972 0.356457
threshold=229.98350000000002 34.545000000000009 -10.878166666666653 1.6445166666666646
decision_type=2 2 2 2
left_child=1 2 -1 -4
right_child=-2 -3 3 -5
leaf_value=-0.0024707994564892736 -0.0035390125266004887 0.0028889308665792225 0.00053539662198219095 -0.00028890030713896934
leaf_weight=103 100 96 1328 1003
leaf_count=103 100 96 1328 1003
internal_value=0 8.77107e-05 0 8.43541e-05
internal_weight=2630 2530 2434 2331
internal_count=2630 2530 2434 2331
is_linear=0
shrinkage=0.0355277


Tree=186
num_leaves=7
num_cat=0
split_feature=135 141 61 3 72 130
split_gain=1.05838 0.605212 0.38521 0.363912 0.30361 0.143999
threshold=-3.0249999999999999 2.2250000000000001 31.068500000000004 60.600000000000009 10.125000000000002 2.6167166666666728
decision_type=2 2 2 2 2 2
left_child=-1 3 4 -2 -3 -5
right_child=1 2 -4 5 -6 -7
leaf_value=-0.0036157138060303982 -0.0021307725029895744 0.0034225139655783398 0 0.00027243338593771011 0 -0.00034237924839175359
leaf_weight=95 98 134 179 1205 141 778
leaf_count=95 98 134 179 1205 141 778
internal_value=0 8.23578e-05 0.00129307 -7.6582e-05 0.00211394 0
internal_weight=2630 2535 454 2081 275 1983
internal_count=2630 2535 454 2081 275 1983
is_linear=0
shrinkage=0.0355277


Tree=187
num_leaves=5
num_cat=0
split_feature=92 136 100 7
split_gain=1.03997 0.66384 0.511917 0.342138
threshold=25.795000000000005 2.5500000000000029 56.690000000000005 175.85400000000001
decision_type=2 2 2 2
left_child=-1 2 -2 -4
right_child=1 -3 3 -5
leaf_value=-0.0034468103003588617 -0.002313011758325368 0.002176991519556117 -0.00059539928636678633 0.00037927440816230807
leaf_weight=103 114 175 531 1707
leaf_count=103 114 175 531 1707
internal_value=0 8.72241e-05 0 4.65423e-05
internal_weight=2630 2527 2352 2238
internal_count=2630 2527 2352 2238
is_linear=0
shrinkage=0.0355277


Tree=188
num_leaves=10
num_cat=0
split_feature=15 18 11 11 15 19 3 25 97
split_gain=1.01234 1.39916 0.741878 0.585799 0.334876 0.273481 0.188103 0.13378 0.0781199
threshold=21.563216500000003 2.3382171263725771 41.885500000000008 24.583500000000004 24.335983000000002 0.067143489713215807 63.930000000000007 2.6187470000000004 84.140000000000001
decision_type=2 2 2 2 2 2 2 2 2
left_child=1 -1 5 6 -4 -2 -3 -7 -6
right_child=2 3 4 -5 8 7 -8 -9 -10
leaf_value=-0.0052803101861532802 0 0.0009264489559164446 -0.0015938862623211972 -0.0023501238693918115 -0.00015909499616224815 0 -0.0001713734654408876 0.0018181564810662793 0.00037481883582446814
leaf_weight=93 207 262 162 132 255 108 250 512 649
leaf_count=93 207 262 162 132 255 108 250 512 649
internal_value=0 -0.0011675 0.000373727 -0.000184174 -5.93425e-05 0.00119926 0 0.00157018 0
internal_weight=2630 737 1893 644 1066 827 512 620 904
internal_count=2630 737 1893 644 1066 827 512 620 904
is_linear=0
shrinkage=0.0355277


Tree=189
num_leaves=7
num_cat=0
split_feature=141 15 132 87 114 9
split_gain=0.977404 0.812424 0.481767 0.544084 0.481439 0.239147
threshold=1.0000000180025095e-35 22.273101 -9.8608333333333338 1.7668359956680992 359.06500000000005 175.45850000000004
decision_type=2 2 2 2 2 2
left_child=1 4 -2 5 -1 -4
right_child=2 -3 3 -5 -6 -7
leaf_value=0 -0.0014123547426970831 0 0 0.0031975904679439416 -0.0052638549054209857 0.00071562450216519473
leaf_weight=92 130 321 1123 100 92 772
leaf_count=92 130 321 1123 100 92 772
internal_value=0 -0.00145302 0.000269809 0.000495975 -0.00332891 0.000225318
internal_weight=2630 505 2125 1995 184 1895
internal_count=2630 505 2125 1995 184 1895
is_linear=0
shrinkage=0.0355277


Tree=190
num_leaves=5
num_cat=0
split_feature=92 141 138 7
split_gain=0.951953 0.618867 0.487676 0.311672
threshold=25.795000000000005 3.274999999999999 -11.304999999999998 175.85400000000001
decision_type=2 2 2 2
left_child=-1 2 -2 -4
right_child=1 -3 3 -5
leaf_value=-0.0033034743891427721 -0.0021326353305374281 0.0022874867832777153 -0.00054855444373317166 0.00037169739849117272
leaf_weight=103 128 146 530 1723
leaf_count=103 128 146 530 1723
internal_value=0 7.30421e-05 0 5.4497e-05
internal_weight=2630 2527 2381 2253
internal_count=2630 2527 2381 2253
is_linear=0
shrinkage=0.0355277


Tree=191
num_leaves=7
num_cat=0
split_feature=136 15 130 111 15 11
split_gain=0.935413 0.558849 0.52959 0.428218 0.423878 0.243798
threshold=-3.3999999999999999 25.570419000000005 -1.1211333333333344 4.7787278052886153 22.621362000000008 44.95600000000001
decision_type=2 2 2 2 2 2
left_child=-1 2 3 -2 -4 -3
right_child=1 5 4 -5 -6 -7
leaf_value=-0.0033225091793723212 0 0.0031975729375727699 -0.0016434599486785171 0.0011471735410661396 0 0
leaf_weight=100 447 94 370 551 825 243
leaf_count=100 447 94 370 551 825 243
internal_value=0 6.88554e-05 -4.29263e-05 0.000437716 -0.000632342 0.00144242
internal_weight=2630 2530 2193 998 1195 337
internal_count=2630 2530 2193 998 1195 337
is_linear=0
shrinkage=0.0355277


Tree=192
num_leaves=6
num_cat=0
split_feature=129 0 132 130 134
split_gain=0.922064 0.577959 0.478729 0.329546 0.31712
threshold=229.98350000000002 33.945000000000007 2.0474999999999928 -1.1211333333333344 -44.125533333333316
decision_type=2 2 2 2 2
left_child=1 2 3 -1 -4
right_child=-2 -3 4 -5 -6
leaf_value=0 -0.00329890852603586 0.0026336276656486889 0 -0.0010186097582128792 0.0010314185155922068
leaf_weight=875 100 101 214 661 679
leaf_count=875 100 101 214 661 679
internal_value=0 6.79775e-05 0 -0.000423057 0.000604351
internal_weight=2630 2530 2429 1536 893
internal_count=2630 2530 2429 1536 893
is_linear=0
shrinkage=0.0355277


Tree=193
num_leaves=8
num_cat=0
split_feature=141 96 132 87 7 111 97
split_gain=0.904096 0.764701 0.456121 0.516913 0.234981 0.060848 0.0962626
threshold=1.0000000180025095e-35 26.745000000000001 -9.8608333333333338 1.7668359956680992 211.72900000000001 6.3276221942775752 82.081666666666663
decision_type=2 2 2 2 2 2 2
left_child=1 -1 -2 4 -4 6 -3
right_child=2 5 3 -5 -6 -7 -8
leaf_value=-0.0044128933269037638 -0.0013791740122763641 -0.0011004540005042152 -1.8027714489594393e-05 0.0031088604680512507 0.000594333600221668 0 0
leaf_weight=95 130 162 825 100 1070 118 130
leaf_count=95 130 162 825 100 1070 118 130
internal_value=0 -0.00140189 0.000253712 0.000476579 0.000209843 -0.000109416 -0.000523984
internal_weight=2630 505 2125 1995 1895 410 292
internal_count=2630 505 2125 1995 1895 410 292
is_linear=0
shrinkage=0.0355277


Tree=194
num_leaves=8
num_cat=0
split_feature=15 57 29 15 31 21 135
split_gain=0.899081 1.29979 0.537033 0.696825 0.220864 0.177958 0.0936583
threshold=20.563695000000003 22.181500000000003 0.48382352941176471 23.941908000000005 0.93225468035816128 191.24507460000004 -1.0000000180025095e-35
decision_type=2 2 2 2 2 2 2
left_child=1 -1 4 -4 5 -2 -5
right_child=2 -3 3 6 -6 -7 -8
leaf_value=0 0.0016922698601713805 -0.0038478667512362014 -0.002170956467946082 0 0 0 0.00046649725008795736
leaf_weight=356 456 172 177 531 109 208 621
leaf_count=356 456 172 177 531 109 208 621
internal_value=0 -0.00136375 0.000259501 -1.96754e-05 0.00102562 0.00128032 0.000125378
internal_weight=2630 528 2102 1329 773 664 1152
internal_count=2630 528 2102 1329 773 664 1152
is_linear=0
shrinkage=0.0355277


Tree=195
num_leaves=6
num_cat=0
split_feature=92 136 15 4 11
split_gain=0.86069 0.563643 0.439559 0.777405 0.201244
threshold=25.795000000000005 2.5500000000000029 25.047301999999998 4136.345744979174 60.314500000000002
decision_type=2 2 2 2 2
left_child=-1 2 3 -2 -4
right_child=1 -3 4 -5 -6
leaf_value=-0.0031440951737894212 9.7597517763907097e-06 0.0019974630831707534 0.0011819042236304541 -0.0013867682174011934 0
leaf_weight=103 1068 175 396 633 255
leaf_count=103 1068 175 396 633 255
internal_value=0 6.34376e-05 0 -0.000380767 0.000684038
internal_weight=2630 2527 2352 1701 651
internal_count=2630 2527 2352 1701 651
is_linear=0
shrinkage=0.0355277


Tree=196
num_leaves=6
num_cat=0
split_feature=38 141 15 4 24
split_gain=0.865657 0.559709 0.368142 0.687699 0.153685
threshold=27.145000000000007 3.274999999999999 24.871904000000004 4134.786598889531 2.4476182178211503
decision_type=2 2 2 2 2
left_child=-1 2 3 -2 -4
right_child=1 -3 4 -5 -6
leaf_value=-0.0032430502286606645 0 0.0019968915088400601 0.00080636325677170008 -0.0013399335677937087 0
leaf_weight=97 955 174 636 612 156
leaf_count=97 955 174 636 612 156
internal_value=0 6.50954e-05 0 -0.000391685 0.000529113
internal_weight=2630 2533 2359 1567 792
internal_count=2630 2533 2359 1567 792
is_linear=0
shrinkage=0.0355277


Tree=197
num_leaves=8
num_cat=0
split_feature=135 141 61 138 114 43 130
split_gain=0.856729 0.470436 0.375903 0.325354 0.379936 0.221217 0.146511
threshold=-3.0249999999999999 2.2250000000000001 31.068500000000004 -3.605 393.3300000000001 30.095000000000002 -1.1211333333333344
decision_type=2 2 2 2 2 2 2
left_child=-1 3 5 4 -2 -3 -5
right_child=1 2 -4 6 -6 -7 -8
leaf_value=-0.0032570175133250019 0 0 0 0.00057533950395346903 -0.0017671067064297236 0.0028368376688214692 -1.0892651652233446e-05
leaf_weight=95 200 113 179 569 280 162 1032
leaf_count=95 200 113 179 569 280 162 1032
internal_value=0 6.68815e-05 0.00113961 -6.16103e-05 -0.000922086 0.00195339 5.84224e-05
internal_weight=2630 2535 454 2081 480 275 1601
internal_count=2630 2535 454 2081 480 275 1601
is_linear=0
shrinkage=0.0355277


Tree=198
num_leaves=10
num_cat=0
split_feature=15 94 11 11 15 19 87 6 38
split_gain=0.85441 1.2098 0.805746 0.63609 0.257813 0.207505 0.128784 0.117382 0.07032
threshold=21.563216500000003 31.445000000000004 24.021000000000004 41.885500000000008 24.335983000000002 0.067143489713215807 0.98600317986782204 0.082650000000000015 30.845000000000002
decision_type=2 2 2 2 2 2 2 2 2
left_child=1 -1 6 5 -5 -2 -3 -7 -6
right_child=3 2 -4 4 8 7 -8 -9 -10
leaf_value=-0.0044984444846520961 0 0 -0.0024749886244534876 -0.0013978560940749727 0.00032774380756486662 0 0.00099097840924952186 0.0016571404732248999 -0.00024649290437560642
leaf_weight=112 207 275 155 162 704 106 195 514 200
leaf_count=112 207 275 155 162 704 106 195 514 200
internal_value=0 -0.00107671 -6.98597e-05 0.000338242 -4.92079e-05 0.00110532 0.000270056 0.00142979 0
internal_weight=2630 737 625 1893 1066 827 470 620 904
internal_count=2630 737 625 1893 1066 827 470 620 904
is_linear=0
shrinkage=0.0355277


Tree=199
num_leaves=9
num_cat=0
split_feature=15 57 141 48 25 29 15 42
split_gain=0.805679 1.32572 0.527902 0.237745 0.506012 0.122124 0.339741 0.0815316
threshold=20.319066500000005 21.608000000000004 1.4000000000000041 80.945000000000007 2.7582170000000006 0.48382352941176471 24.142270000000007 31.995000000000005
decision_type=2 2 2 2 2 2 2 2
left_child=1 -1 5 4 -4 7 -7 -2
right_child=2 -3 3 -5 -6 6 -8 -9
leaf_value=0 0 -0.0038606453528004297 0 0 0.0025098020317601962 -0.0017750258027817232 0 0.00071061073831642859
leaf_weight=306 268 167 133 281 267 171 788 249
leaf_count=306 268 167 133 281 267 171 788 249
internal_value=0 -0.00137334 0.000229358 0.00106566 0.00163134 -6.97594e-06 -0.000364838 0.000222086
internal_weight=2630 473 2157 681 400 1476 959 517
internal_count=2630 473 2157 681 400 1476 959 517
is_linear=0
shrinkage=0.0355277


Tree=200
num_leaves=6
num_cat=0
split_feature=88 15 24 38 65
split_gain=0.790277 0.460312 0.472369 0.48338 0.198566
threshold=26.320000000000004 26.1771645 1.2933322602560986 29.745000000000001 214.02100000000004
decision_type=2 2 2 2 2
left_child=-1 2 4 -4 -2
right_child=1 -3 3 -5 -6
leaf_value=-0.0030096795871435308 0 0.0022709250135445318 0 -0.0012123010837120903 0.00077725065504738011
leaf_weight=103 273 109 656 630 859
leaf_count=103 273 109 656 630 859
internal_value=0 6.69897e-05 0 -0.000501097 0.000488785
internal_weight=2630 2527 2418 1286 1132
internal_count=2630 2527 2418 1286 1132
is_linear=0
shrinkage=0.0355277


Tree=201
num_leaves=11
num_cat=0
split_feature=135 96 137 4 19 88 7 95 135 4
split_gain=0.781747 1.52685 0.487396 0.307859 0.245964 0.222917 0.208181 0.205781 0.199092 0.13509
threshold=-1.0000000180025095e-35 26.095000000000002 -2.9100000000000033 4138.7023091473657 0.067505744071001808 31.795000000000005 211.72900000000001 1.2398767390561287 2.3750000000000004 4135.0252124833669
decision_type=2 2 2 2 2 2 2 2 2 2
left_child=1 -1 8 7 -4 -5 -6 -3 9 -2
right_child=2 3 4 5 6 -7 -8 -9 -10 -11
leaf_value=-0.0044958305300591833 0 0 0 -0.0014476526459630422 0 0 0.0021794087526934404 0.00095344372628080102 0.00067399390109591187 -0.0012773629992082558
leaf_weight=119 179 418 350 311 175 125 325 294 115 219
leaf_count=119 179 418 350 311 175 125 325 294 115 219
internal_value=0 -0.000688631 0.000529043 -7.76453e-05 0.00108002 -0.000930629 0.00160848 0.000133813 0 -0.000697337
internal_weight=2630 1267 1363 1148 850 436 500 712 513 398
internal_count=2630 1267 1363 1148 850 436 500 712 513 398
is_linear=0
shrinkage=0.0355277


Tree=202
num_leaves=12
num_cat=0
split_feature=15 115 11 130 120 97 7 3 25 48 24
split_gain=0.773444 1.1381 0.558493 0.555002 0.369048 0.281066 0.271613 0.181277 0.174352 0.26823 0.118341
threshold=21.563216500000003 85.984096364553594 41.885500000000008 -0.93738333333333379 240.31500000000003 83.956666666666663 235.25000000000003 64.765000000000015 2.6187470000000004 80.740000000000023 2.4476182178211503
decision_type=2 2 2 2 2 2 2 2 2 2 2
left_child=1 3 8 7 -5 6 -4 -1 -2 -10 -7
right_child=2 -3 5 4 -6 10 -8 -9 9 -11 -12
leaf_value=0.0010480369684836568 0 -0.0047014014685873139 -0.0017001408976840577 0 -0.0028457485429040463 0.00058878042398107856 0 0 0.0017187140678153353 0 0
leaf_weight=239 246 94 232 120 134 456 101 150 489 92 277
leaf_count=239 246 94 232 120 134 456 101 150 489 92 277
internal_value=0 -0.00102293 0.000323676 -9.98996e-05 -0.00160193 -2.53183e-05 -0.00100859 0.000318855 0.00104136 0.00138347 0.000120562
internal_weight=2630 737 1893 643 254 1066 333 389 827 581 733
internal_count=2630 737 1893 643 254 1066 333 389 827 581 733
is_linear=0
shrinkage=0.0355277


Tree=203
num_leaves=8
num_cat=0
split_feature=132 135 7 138 1 126 11
split_gain=0.757892 0.732286 0.413736 0.376687 0.310487 0.211538 0.0224533
threshold=-11.144499999999995 -1.0000000180025095e-35 211.72900000000001 0.39499999999999963 8.4671000000000003 473.23000000000008 27.477000000000004
decision_type=2 2 2 2 2 2 2
left_child=-1 3 -3 5 -4 -2 -5
right_child=1 2 4 6 -6 -7 -8
leaf_value=-0.0028539605022159203 0 0 0.001698684717483864 0.00032338421878490037 0 -0.0015567295609307434 -3.0912803463858771e-05
leaf_weight=110 127 506 553 261 227 399 447
leaf_count=110 127 506 553 261 227 399 447
internal_value=0 7.14066e-05 0.000735315 -0.000438761 0.00124633 -0.00115876 0
internal_weight=2630 2520 1286 1234 780 526 708
internal_count=2630 2520 1286 1234 780 526 708
is_linear=0
shrinkage=0.0355277


Tree=204
num_leaves=6
num_cat=0
split_feature=135 0 4 15 15
split_gain=0.735779 0.423164 0.380249 0.56164 0.377092
threshold=-3.0249999999999999 33.945000000000007 4138.4922476074926 24.747566500000001 22.554823500000001
decision_type=2 2 2 2 2
left_child=-1 2 4 -4 -2
right_child=1 -3 3 -5 -6
leaf_value=-0.0030195439956836895 0 0.0022440038092819453 -0.0015743969137402036 0 0.00095679559000707724
leaf_weight=95 766 102 411 572 684
leaf_count=95 766 102 411 572 684
internal_value=0 5.96629e-05 0 -0.000572746 0.000326892
internal_weight=2630 2535 2433 983 1450
internal_count=2630 2535 2433 983 1450
is_linear=0
shrinkage=0.0355277


Tree=205
num_leaves=8
num_cat=0
split_feature=132 15 141 83 50 89 4
split_gain=0.725874 1.40353 0.550742 0.287822 0.319388 0.262524 0.242665
threshold=-7.4006666666666687 18.810763000000005 0.40000000000000041 0.71297283226216479 299.48000000000008 28.689642857142861 4136.2172607363382
decision_type=2 2 2 2 2 2 2
left_child=1 -1 3 -2 -5 -4 -7
right_child=2 -3 5 4 -6 6 -8
leaf_value=-0.0046551986935248098 0 0 0 0 -0.0022435779116854017 0.0015600507270282574 8.4163507757489443e-05
leaf_weight=116 483 148 358 101 184 481 759
leaf_count=116 483 148 358 101 184 481 759
internal_value=0 -0.00179488 0.00014048 -0.000494575 -0.00137833 0.000587017 0.000842363
internal_weight=2630 264 2366 768 285 1598 1240
internal_count=2630 264 2366 768 285 1598 1240
is_linear=0
shrinkage=0.0355277


Tree=206
num_leaves=11
num_cat=0
split_feature=15 94 24 24 60 25 44 7 87 105
split_gain=0.708849 1.10504 0.609523 0.495653 0.322438 0.265566 0.171118 0.109846 0.10887 0.0252363
threshold=21.563216500000003 31.445000000000004 1.2721263277272052 1.6686054622137341 44.568500000000007 2.7449520000000005 86.035000000000011 166.83350000000004 1.2445356477100711 84.970000000000013
decision_type=2 2 2 2 2 2 2 2 2 2
left_child=1 -1 8 4 5 -2 7 -5 -3 -6
right_child=3 2 -4 6 9 -7 -8 -9 -10 -11
leaf_value=-0.0042315512204953477 5.0395183288407676e-06 0 -0.0023547999169184512 -0.0018160723799510868 -0.00034368918390131404 0.0019597258693403838 0 0 0.0010868824744538898 0.00021541139936774147
leaf_weight=112 455 371 130 112 201 388 467 116 124 154
leaf_count=112 455 371 130 112 201 388 467 116 124 154
internal_value=0 -0.000981591 -7.71849e-06 0.000306991 0.000800001 0.00117775 -0.000220582 -0.0010341 0.000178708 0
internal_weight=2630 737 625 1893 1198 843 695 228 495 355
internal_count=2630 737 625 1893 1198 843 695 228 495 355
is_linear=0
shrinkage=0.0355277


Tree=207
num_leaves=6
num_cat=0
split_feature=129 0 132 4 134
split_gain=0.687278 0.449697 0.379421 0.270141 0.253447
threshold=229.98350000000002 33.945000000000007 2.0474999999999928 4133.5303085151418 -61.526900000000005
decision_type=2 2 2 2 2
left_child=1 2 3 -1 -4
right_child=-2 -3 4 -5 -6
leaf_value=0 -0.0028459772716361454 0.0023248974406130094 0 -0.00086004909411875456 0.00088998367353229017
leaf_weight=790 100 101 162 746 731
leaf_count=790 100 101 162 746 731
internal_value=0 6.28464e-05 0 -0.000373564 0.000541683
internal_weight=2630 2530 2429 1536 893
internal_count=2630 2530 2429 1536 893
is_linear=0
shrinkage=0.0355277


Tree=208
num_leaves=7
num_cat=0
split_feature=136 9 86 38 14 89
split_gain=0.684334 0.393646 0.327676 0.249925 0.384485 0.135247
threshold=-3.3999999999999999 219.41650000000001 34.545000000000009 30.795000000000005 53.187500000000007 28.689642857142861
decision_type=2 2 2 2 2 2
left_child=-1 3 -3 5 -5 -2
right_child=1 2 -4 4 -6 -7
leaf_value=-0.0028396408529501203 0 0 0.0025683103332340366 0 -0.0013117789324011478 0.00051747407923711467
leaf_weight=100 491 326 133 404 447 729
leaf_count=100 491 326 133 404 447 729
internal_value=0 6.31535e-05 0.00103958 -4.69738e-05 -0.000585729 0.000145833
internal_weight=2630 2530 459 2071 851 1220
internal_count=2630 2530 459 2071 851 1220
is_linear=0
shrinkage=0.0355277


Tree=209
num_leaves=10
num_cat=0
split_feature=15 94 24 24 60 25 97 39 105
split_gain=0.672562 1.02315 0.552981 0.465942 0.291335 0.230335 0.221126 0.101185 0.0219129
threshold=21.563216500000003 31.445000000000004 1.2721263277272052 1.6686054622137341 44.568500000000007 2.7449520000000005 85.161666666666662 29.995000000000001 84.970000000000013
decision_type=2 2 2 2 2 2 2 2 2
left_child=1 -1 7 4 5 -2 -5 -3 -6
right_child=3 2 -4 6 8 -7 -8 -9 -10
leaf_value=-0.0040853369980086464 1.7051533648876317e-06 0.00097283487474653606 -0.0022466190309139529 -0.0013693405381253012 -0.0003066660820456045 0.0018796673811120759 0 0 0.00022653750320037513
leaf_weight=112 455 142 130 158 201 388 537 353 154
leaf_count=112 455 142 130 158 201 388 537 353 154
internal_value=0 -0.000953762 -2.26627e-06 0.000301983 0.000780371 0.0011388 -0.000200433 0.00015623 0
internal_weight=2630 737 625 1893 1198 843 695 495 355
internal_count=2630 737 625 1893 1198 843 695 495 355
is_linear=0
shrinkage=0.0355277


Tree=210
num_leaves=7
num_cat=0
split_feature=132 141 83 67 2 138
split_gain=0.66264 0.682462 0.423832 0.293699 0.291091 0.0384634
threshold=-11.144499999999995 0.40000000000000041 1.2456580066333873 198.41650000000001 1.5804000000000002 7.0799999999999992
decision_type=2 2 2 2 2 2
left_child=-1 2 5 -3 -5 -2
right_child=1 3 -4 4 -6 -7
leaf_value=-0.0026664565077217121 -0.00029027623234045022 0 -0.0029212612317612938 0 0.0011327403363940738 0
leaf_weight=110 571 574 99 177 970 129
leaf_count=110 571 574 99 177 970 129
internal_value=0 7.05836e-05 -0.000668788 0.000545573 0.000876016 -9.03857e-06
internal_weight=2630 2520 799 1721 1147 700
internal_count=2630 2520 799 1721 1147 700
is_linear=0
shrinkage=0.0355277


Tree=211
num_leaves=6
num_cat=0
split_feature=38 141 15 130 24
split_gain=0.65118 0.444009 0.30144 0.543702 0.192979
threshold=27.145000000000007 3.274999999999999 23.985156000000007 1.6445166666666646 1.6987062238458319
decision_type=2 2 2 2 2
left_child=-1 2 3 -2 -4
right_child=1 -3 4 -5 -6
leaf_value=-0.0028121956556446683 0 0.0017783764183066399 0.00071414530931870521 -0.0016739889193083217 0
leaf_weight=97 755 174 685 336 583
leaf_count=97 755 174 685 336 583
internal_value=0 5.75691e-05 0 -0.00049772 0.000292198
internal_weight=2630 2533 2359 1091 1268
internal_count=2630 2533 2359 1091 1268
is_linear=0
shrinkage=0.0355277


Tree=212
num_leaves=8
num_cat=0
split_feature=132 15 141 83 83 57 2
split_gain=0.638358 1.26745 0.467339 0.243642 0.218862 0.357609 0.196081
threshold=-7.4006666666666687 18.810763000000005 1.0500000000000027 0.47696960070802991 0.70237691685680115 22.510500000000004 4.7255000000000011
decision_type=2 2 2 2 2 2 2
left_child=1 -1 4 -4 -2 -6 -5
right_child=2 -3 3 6 5 -7 -8
leaf_value=-0.0044047051133868694 0 0 0 0 0 -0.001681375807267508 0.0016063724666834517
leaf_weight=116 1019 148 364 185 94 265 439
leaf_count=116 1019 148 364 185 94 265 439
internal_value=0 -0.00168322 0.000131721 0.000772387 -0.000165958 -0.00092822 0.00119566
internal_weight=2630 264 2366 988 1378 359 624
internal_count=2630 264 2366 988 1378 359 624
is_linear=0
shrinkage=0.0355277


Tree=213
num_leaves=6
num_cat=0
split_feature=140 15 88 39 128
split_gain=0.621135 0.397499 0.245668 0.403312 0.0390678
threshold=216.04000000000002 26.059708500000003 31.995000000000005 30.745000000000001 279.79000000000002
decision_type=2 2 2 2 2
left_child=1 2 3 -1 -4
right_child=-2 -3 4 -5 -6
leaf_value=0.00013739609111886804 -0.0021460571422609043 0.0019111640255536748 0.0013726286676685737 -0.00076344741991402889 0
leaf_weight=1167 160 137 160 910 96
leaf_count=1167 160 137 160 910 96
internal_value=0 9.00967e-05 0 -0.000150037 0.00100254
internal_weight=2630 2470 2333 2077 256
internal_count=2630 2470 2333 2077 256
is_linear=0
shrinkage=0.0355277


Tree=214
num_leaves=8
num_cat=0
split_feature=88 9 86 3 24 4 24
split_gain=0.598921 0.368747 0.389301 0.355692 0.416542 0.225389 0.118271
threshold=26.320000000000004 177.54150000000001 34.945000000000007 83.810000000000016 1.3315197778196308 4132.4014826673747 2.3080135205219574
decision_type=2 2 2 2 2 2 2
left_child=-1 3 5 4 -2 -3 -5
right_child=1 2 -4 6 -6 -7 -8
leaf_value=-0.0026161130485763289 0 0.00085100388040026357 0.0028602984298037215 0.0006220602615613208 -0.0015741386759356144 -1.5048280850796074e-06 0
leaf_weight=103 356 411 104 420 402 530 304
leaf_count=103 356 411 104 420 402 530 304
internal_value=0 6.55368e-05 0.000635858 -0.000185933 -0.000796733 0.000135592 0.00014577
internal_weight=2630 2527 1045 1482 758 941 724
internal_count=2630 2527 1045 1482 758 941 724
is_linear=0
shrinkage=0.0355277


Tree=215
num_leaves=11
num_cat=0
split_feature=15 18 130 4 17 108 25 44 14 0
split_gain=0.590575 3.46748 0.41612 0.383359 0.363496 0.247127 0.163523 0.0759224 0.0457142 0.0379176
threshold=23.985156000000007 2.1488957047265944 -0.93738333333333379 4129.3346861568434 35.029663350000007 65.015000000000015 2.6128385000000001 83.625000000000014 64.625 28.495000000000001
decision_type=2 2 2 2 2 2 2 2 2 2
left_child=1 -1 5 -4 6 -3 -2 -6 -8 -9
right_child=4 2 3 -5 7 -7 8 9 -10 -11
leaf_value=-0.0067811066912848647 0 0.0010313243958501479 0 -0.001900658188097487 -0.00046931956515109503 0 0.002114130387704697 0 0 0.00048002435303721791
leaf_weight=99 100 486 327 215 224 153 223 312 93 398
leaf_count=99 100 486 327 215 224 153 223 312 93 398
internal_value=0 -0.000588554 0 -0.000757054 0.000470397 0.000572332 0.00134117 0 0.00173172 0.000251277
internal_weight=2630 1280 1181 542 1350 639 416 934 316 710
internal_count=2630 1280 1181 542 1350 639 416 934 316 710
is_linear=0
shrinkage=0.0355277


Tree=216
num_leaves=11
num_cat=0
split_feature=15 115 130 24 30 120 65 25 44 7
split_gain=0.580894 1.01824 0.487452 0.395669 0.274528 0.264668 0.181387 0.138006 0.130061 0.0874643
threshold=21.479134500000004 84.881876266176505 -0.93738333333333379 1.6686054622137341 -0.833548052892222 240.62500000000003 214.02100000000004 2.7449520000000005 86.035000000000011 166.83350000000004
decision_type=2 2 2 2 2 2 2 2 2 2
left_child=1 2 6 4 -2 -4 -1 -6 9 -5
right_child=3 -3 5 8 7 -7 -8 -9 -10 -11
leaf_value=0 0 -0.0043071847145131695 0 -0.0015814223817262843 0 -0.0026043120416563812 0.0011319600844173722 0.0015461130224215032 0 0
leaf_weight=158 267 95 116 112 479 125 221 474 467 116
leaf_count=158 267 95 116 112 479 125 221 474 467 116
internal_value=0 -0.00090164 0 0.00027681 0.000714831 -0.0014974 0.00040053 0.0010073 -0.000169804 -0.000887903
internal_weight=2630 715 620 1915 1220 241 379 953 695 228
internal_count=2630 715 620 1915 1220 241 379 953 695 228
is_linear=0
shrinkage=0.0355277


Tree=217
num_leaves=8
num_cat=0
split_feature=132 15 141 83 83 57 2
split_gain=0.564944 1.14522 0.417198 0.222287 0.189074 0.325791 0.180304
threshold=-7.4006666666666687 18.810763000000005 1.0500000000000027 0.47696960070802991 0.70237691685680115 22.510500000000004 4.7255000000000011
decision_type=2 2 2 2 2 2 2
left_child=1 -1 4 -4 -2 -6 -5
right_child=2 -3 3 6 5 -7 -8
leaf_value=-0.0041700829417924334 0 0 0 0 0 -0.0015828551030908104 0.0015329201274507428
leaf_weight=116 1019 148 364 185 94 265 439
leaf_count=116 1019 148 364 185 94 265 439
internal_value=0 -0.00158001 0.000128851 0.000735204 -0.000144173 -0.000856107 0.00113945
internal_weight=2630 264 2366 988 1378 359 624
internal_count=2630 264 2366 988 1378 359 624
is_linear=0
shrinkage=0.0355277


Tree=218
num_leaves=5
num_cat=0
split_feature=92 136 100 4
split_gain=0.55564 0.40713 0.275592 0.187706
threshold=25.795000000000005 2.5500000000000029 56.690000000000005 4138.3571352092722
decision_type=2 2 2 2
left_child=-1 2 -2 -4
right_child=1 -3 3 -5
leaf_value=-0.0025193972275235382 -0.0016999188193124034 0.0017024426365220605 0.00039411731288383682 -0.00021013247677871086
leaf_weight=103 114 175 1245 993
leaf_count=103 114 175 1245 993
internal_value=0 6.38344e-05 0 2.56399e-05
internal_weight=2630 2527 2352 2238
internal_count=2630 2527 2352 2238
is_linear=0
shrinkage=0.0355277


Tree=219
num_leaves=9
num_cat=0
split_feature=141 3 131 137 4 4 25 25
split_gain=0.53937 0.633881 0.287582 0.301597 0.176582 0.12578 0.050027 0.0408541
threshold=1.0000000180025095e-35 70.645000000000024 2.3708333333333305 -2.9100000000000033 4143.3501756461183 4138.7023091473657 2.8215790000000003 6.3573310000000012
decision_type=2 2 2 2 2 2 2 2
left_child=1 -1 3 4 -2 -5 -3 -8
right_child=2 6 -4 5 -6 -7 7 -9
leaf_value=-0.0034375889862491549 0 0 0.0015662574243644517 0.00063731506233476512 -0.0016296602334992913 0 -0.0009434810765099038 0
leaf_weight=112 373 172 178 793 159 622 123 98
leaf_count=112 373 172 178 793 159 622 123 98
internal_value=0 -0.00107716 0.000203292 0 -0.000632192 0.00034151 0 -0.000527575
internal_weight=2630 505 2125 1947 532 1415 393 221
internal_count=2630 505 2125 1947 532 1415 393 221
is_linear=0
shrinkage=0.0355277


Tree=220
num_leaves=5
num_cat=0
split_feature=96 141 138 4
split_gain=0.533278 0.381837 0.223012 0.270346
threshold=25.795000000000005 3.274999999999999 -11.304999999999998 4079.5266477339364
decision_type=2 2 2 2
left_child=-1 2 -2 -4
right_child=1 -3 3 -5
leaf_value=-0.0018566278291571104 -0.0014670034404809964 0.0019051649460918231 0.0018494358801528334 0
leaf_weight=183 120 133 97 2097
leaf_count=183 120 133 97 2097
internal_value=0 9.48717e-05 0 6.94544e-05
internal_weight=2630 2447 2314 2194
internal_count=2630 2447 2314 2194
is_linear=0
shrinkage=0.0355277


Tree=221
num_leaves=6
num_cat=0
split_feature=38 141 15 4 24
split_gain=0.528537 0.381397 0.226804 0.582308 0.10831
threshold=27.145000000000007 3.274999999999999 24.871904000000004 4134.786598889531 2.4476182178211503
decision_type=2 2 2 2 2
left_child=-1 2 3 -2 -4
right_child=1 -3 4 -5 -6
leaf_value=-0.0025307094897328271 3.0931443199953475e-05 0.0016500643793631892 0.00065405632706630739 -0.0011951051403555971 0
leaf_weight=97 955 174 636 612 156
leaf_count=97 955 174 636 612 156
internal_value=0 5.72413e-05 0 -0.000307167 0.000415695
internal_weight=2630 2533 2359 1567 792
internal_count=2630 2533 2359 1567 792
is_linear=0
shrinkage=0.0355277


Tree=222
num_leaves=11
num_cat=0
split_feature=15 94 24 24 48 25 44 39 7 104
split_gain=0.517826 0.901721 0.426476 0.383777 0.301179 0.128466 0.116301 0.0944609 0.0763238 0.0364991
threshold=21.563216500000003 31.445000000000004 1.2721263277272052 1.6504729652417292 81.180000000000021 2.6187470000000004 86.035000000000011 29.995000000000001 166.83350000000004 82.115000000000023
decision_type=2 2 2 2 2 2 2 2 2 2
left_child=1 -1 7 4 5 -2 8 -3 -5 -6
right_child=3 2 -4 6 9 -7 -8 -9 -10 -11
leaf_value=-0.0037454736020979583 0 0.00095586405028271089 -0.0019609142684482678 -0.0014842500372320294 -0.00050664327457849772 0.0013689127254603989 0 0 0 3.4240336920243872e-05
leaf_weight=112 270 142 130 112 173 607 475 353 128 128
leaf_count=112 270 142 130 112 173 607 475 353 128 128
internal_value=0 -0.000832895 0 0.00026985 0.000715553 0.00105696 -0.000151413 0.000178015 -0.000815031 0
internal_weight=2630 737 625 1893 1178 877 715 495 240 301
internal_count=2630 737 625 1893 1178 877 715 495 240 301
is_linear=0
shrinkage=0.0355277


Tree=223
num_leaves=7
num_cat=0
split_feature=132 141 67 2 15 57
split_gain=0.511414 0.519385 0.270901 0.248331 0.24074 0.45844
threshold=-11.144499999999995 0.40000000000000041 198.41650000000001 1.5804000000000002 23.856547500000001 22.854500000000005
decision_type=2 2 2 2 2 2
left_child=-1 4 -3 -4 5 -2
right_child=1 2 3 -5 -6 -7
leaf_value=-0.0023409319411833171 0 0 0 0.0010452637675411171 0 -0.0024944413529610185
leaf_weight=110 204 574 177 970 418 177
leaf_count=110 204 574 177 970 418 177
internal_value=0 6.46896e-05 0.000487751 0.000808051 -0.000563227 -0.00120226
internal_weight=2630 2520 1721 1147 799 381
internal_count=2630 2520 1721 1147 799 381
is_linear=0
shrinkage=0.0355277


Tree=224
num_leaves=10
num_cat=0
split_feature=18 99 9 44 130 132 115 4 138
split_gain=0.497376 1.99081 0.349621 0.267735 0.249928 0.245549 0.168813 0.0580085 0.0152088
threshold=2.1488957047265944 2.4359924187461379 177.54150000000001 83.625000000000014 -0.2046666666666663 3.5303333333333389 20.330321471839465 4165.5672426363753 -1.2750000000000055
decision_type=2 2 2 2 2 2 2 2 2
left_child=1 -1 3 5 6 -2 -4 -6 -5
right_child=2 -3 4 8 7 -7 -8 -9 -10
leaf_value=0 -0.0010381841178967179 -0.0053366599375091776 0 0 -2.7054860516502647e-05 0 0.0016473452160965624 0.00067538764950715493 0.00065252107959213213
leaf_weight=493 543 101 111 113 399 145 385 154 186
leaf_count=493 543 101 111 113 399 145 385 154 186
internal_value=0 -0.000940604 0.000218041 -7.90375e-05 0.000710275 -0.000637109 0.0012996 0 0.000452766
internal_weight=2630 594 2036 987 1049 688 496 553 299
internal_count=2630 594 2036 987 1049 688 496 553 299
is_linear=0
shrinkage=0.0355277


Tree=225
num_leaves=6
num_cat=0
split_feature=129 0 138 130 59
split_gain=0.479862 0.352805 0.287714 0.237839 0.233611
threshold=229.98350000000002 33.945000000000007 -0.29499999999999454 0.48431666666666123 19.031500000000005
decision_type=2 2 2 2 2
left_child=1 2 4 -4 -1
right_child=-2 -3 3 -5 -6
leaf_value=0 -0.0023762574642585245 0.0020593600048336188 0.00092667790698768634 0 -0.0007292712146084536
leaf_weight=155 100 101 505 798 971
leaf_count=155 100 101 505 798 971
internal_value=0 5.58239e-05 0 0.000325287 -0.000445523
internal_weight=2630 2530 2429 1303 1126
internal_count=2630 2530 2429 1303 1126
is_linear=0
shrinkage=0.0355277


Tree=226
num_leaves=7
num_cat=0
split_feature=137 136 141 134 93 24
split_gain=0.469109 0.902265 0.476546 0.149319 0.0837335 0.0665437
threshold=-3.6849999999999947 -0.40000000000000385 2.2000000000000015 -61.526900000000005 30.66416666666667 1.2526001269099198
decision_type=2 2 2 2 2 2
left_child=1 -1 3 -2 -5 -3
right_child=2 5 -4 4 -6 -7
leaf_value=-0.0030770188711066767 -0.00083998192234572796 0.00046044132131851213 0.0016788083678875197 0 0.00040647354188587349 -0.00042982464444343377
leaf_weight=167 220 190 241 778 810 224
leaf_count=167 220 190 241 778 810 224
internal_value=0 -0.000921048 0.00021418 0 0.000135139 0
internal_weight=2630 581 2049 1808 1588 414
internal_count=2630 581 2049 1808 1588 414
is_linear=0
shrinkage=0.0355277


Tree=227
num_leaves=9
num_cat=0
split_feature=135 132 83 25 138 41 130 130
split_gain=0.478345 1.24878 0.285593 0.220836 0.0900908 0.107646 0.0758947 0.0202946
threshold=-0.9250000000000006 -1.5458333333333198 0.84606934309979198 2.9416235000000008 -2.7099999999999969 31.795000000000005 1.6445166666666646 5.1208666666666725
decision_type=2 2 2 2 2 2 2 2
left_child=1 -1 4 -4 5 -2 -6 -3
right_child=2 7 3 -5 6 -7 -8 -9
leaf_value=-0.0042929150088247773 -0.00070129349997751942 1.4649724812847228e-05 0 0.001988895875753416 0.00050795932836380879 0 0 -0.00035316351479237781
leaf_weight=107 399 294 177 181 561 185 527 199
leaf_count=107 399 294 177 181 561 185 527 199
internal_value=0 -0.000911896 0.000221591 0.00112491 0 -0.000327445 0.000214797 0
internal_weight=2630 600 2030 358 1672 584 1088 493
internal_count=2630 600 2030 358 1672 584 1088 493
is_linear=0
shrinkage=0.0355277


Tree=228
num_leaves=8
num_cat=0
split_feature=96 24 15 98 24 87 4
split_gain=0.466523 0.316719 0.4588 0.308298 0.149298 0.123616 0.118823
threshold=25.795000000000005 1.2639710889850295 23.856547500000001 70.485000000000014 1.3785845839578295 0.59741493375082688 4138.3571352092722
decision_type=2 2 2 2 2 2 2
left_child=-1 3 4 -2 -3 -5 -4
right_child=1 2 6 5 -6 -7 -8
leaf_value=-0.0017326474882989591 0 0 0.0005560785064582847 0 -0.0023156062323862305 0.0015993202758157832 0
leaf_weight=183 374 252 518 92 137 368 706
leaf_count=183 374 252 518 92 137 368 706
internal_value=0 9.44089e-05 -8.05956e-05 0.000699644 -0.00120946 0.00131064 9.88248e-05
internal_weight=2630 2447 1613 834 389 460 1224
internal_count=2630 2447 1613 834 389 460 1224
is_linear=0
shrinkage=0.0355277


Tree=229
num_leaves=8
num_cat=0
split_feature=132 141 83 4 90 15 2
split_gain=0.461104 0.456773 0.341522 0.259182 0.326333 0.251657 0.013939
threshold=-11.144499999999995 0.40000000000000041 1.2456580066333873 4136.2172607363382 31.095000000000002 25.945313000000002 9.2319000000000013
decision_type=2 2 2 2 2 2 2
left_child=-1 2 6 4 -3 -5 -2
right_child=1 3 -4 5 -6 -7 -8
leaf_value=-0.0022232397602845477 -0.00017632981217109822 0 -0.0024871689091541028 -0.0002150021048229247 0.0015550963443093303 0.0013586860186668916 0
leaf_weight=110 560 361 99 761 452 147 140
leaf_count=110 560 361 99 761 452 147 140
internal_value=0 6.07019e-05 -0.000519997 0.00046177 0.00092151 0 0
internal_weight=2630 2520 799 1721 813 908 700
internal_count=2630 2520 799 1721 813 908 700
is_linear=0
shrinkage=0.0355277


Tree=230
num_leaves=11
num_cat=0
split_feature=15 18 130 17 124 87 15 44 0 82
split_gain=0.447607 2.78656 0.36992 0.293227 0.189491 0.163713 0.125987 0.0581517 0.033549 0.0289647
threshold=23.985156000000007 2.1488957047265944 1.9068500000000059 35.029663350000007 203.12500000000003 1.4620796581677198 25.482101500000002 84.575000000000003 28.495000000000001 30.895000000000007
decision_type=2 2 2 2 2 2 2 2 2 2
left_child=1 -1 5 6 -4 -3 -2 9 -9 -5
right_child=3 2 4 7 -6 -7 -8 8 -10 -11
leaf_value=-0.0060650876859067154 0 0 0 0 -0.0015209231761319918 0.0015476027818070238 0.0026810848361249829 0 0.00047370582294789873 -0.00062508829865890716
leaf_weight=99 317 710 93 98 247 131 99 309 344 183
leaf_count=99 317 710 93 98 247 131 99 309 344 183
internal_value=0 -0.000514446 0 0.000407063 -0.000999838 0.000378253 0.00118739 0 0.000234279 -0.000360287
internal_weight=2630 1280 1181 1350 340 841 416 934 653 281
internal_count=2630 1280 1181 1350 340 841 416 934 653 281
is_linear=0
shrinkage=0.0355277


Tree=231
num_leaves=6
num_cat=0
split_feature=96 141 4 15 15
split_gain=0.432675 0.295668 0.192357 0.489477 0.178557
threshold=25.020000000000007 3.274999999999999 4138.4922476074926 24.747566500000001 22.554823500000001
decision_type=2 2 2 2 2
left_child=-1 2 4 -4 -2
right_child=1 -3 3 -5 -6
leaf_value=-0.0019524943197927959 0 0.0016497660837742597 -0.0013089432857247999 0 0.00067364862635599485
leaf_weight=134 654 136 445 576 685
leaf_count=134 654 136 445 576 685
internal_value=0 7.18761e-05 0 -0.000388087 0.000256003
internal_weight=2630 2496 2360 1021 1339
internal_count=2630 2496 2360 1021 1339
is_linear=0
shrinkage=0.0355277


Tree=232
num_leaves=11
num_cat=0
split_feature=135 15 137 7 19 135 47 102 97 4
split_gain=0.429855 0.667702 0.312425 0.207291 0.13472 0.118844 0.117465 0.161469 0.153422 0.0736374
threshold=-1.0000000180025095e-35 18.810763000000005 -2.9100000000000033 211.72900000000001 0.067143489713215807 2.5250000000000008 72.290000000000006 76.085000000000022 84.618333333333354 4135.0252124833669
decision_type=2 2 2 2 2 2 2 2 2 2
left_child=1 -1 5 -4 -5 9 7 -3 -8 -2
right_child=2 6 3 4 -6 -7 8 -9 -10 -11
leaf_value=-0.0033734903349993332 0 0 0 0 0.0017743659309615693 0.00050234674741968157 -0.00090657517935322039 0.0011349999347883704 0 -0.00095804445249656194
leaf_weight=96 184 274 371 152 327 99 411 155 331 230
leaf_count=96 184 274 371 152 327 99 411 155 331 230
internal_value=0 -0.000501888 0.000402665 0.000848578 0.00134562 0 -5.91635e-05 8.87245e-05 -0.000446299 -0.000542444
internal_weight=2630 1267 1363 850 479 513 1171 429 742 414
internal_count=2630 1267 1363 850 479 513 1171 429 742 414
is_linear=0
shrinkage=0.0355277


Tree=233
num_leaves=6
num_cat=0
split_feature=135 135 61 137 4
split_gain=0.421815 0.278463 0.229884 0.213477 0.0964351
threshold=-3.0249999999999999 1.7999999999999992 31.269000000000002 -9.1649999999999938 4136.345744979174
decision_type=2 2 2 2 2
left_child=-1 3 -3 -2 -5
right_child=1 2 -4 4 -6
leaf_value=-0.0022792682077146182 -0.0015245973209112385 0.0019796849643347754 0 0.00031278778365266319 -0.00010445476797285447
leaf_weight=95 110 160 94 1122 1049
leaf_count=95 110 160 94 1122 1049
internal_value=0 5.75406e-05 0.00117682 0 7.82575e-06
internal_weight=2630 2535 254 2281 2171
internal_count=2630 2535 254 2281 2171
is_linear=0
shrinkage=0.0355277


Tree=234
num_leaves=8
num_cat=0
split_feature=85 129 88 38 24 13 19
split_gain=0.425087 0.864718 0.307944 0.35839 0.46297 0.196087 0.0353472
threshold=27.966428571428576 13.723666666666704 31.995000000000005 30.795000000000005 1.3315197778196308 51.53914359015409 0.057562645891725765
decision_type=2 2 2 2 2 2 2
left_child=1 -1 3 5 -5 -2 -4
right_child=2 -3 6 4 -6 -7 -8
leaf_value=0 0.00071445873532263618 -0.0038051672510152454 0 0 -0.0017618721723092453 0 0.0015377194120810582
leaf_weight=95 802 105 93 739 275 334 187
leaf_count=95 802 105 93 739 275 334 187
internal_value=0 -0.00157983 9.66211e-05 0 -0.000530938 0.000379984 0.00119969
internal_weight=2630 200 2430 2150 1014 1136 280
internal_count=2630 200 2430 2150 1014 1136 280
is_linear=0
shrinkage=0.0355277


Tree=235
num_leaves=10
num_cat=0
split_feature=15 57 22 24 30 2 44 7 130
split_gain=0.421443 0.781657 0.913126 0.322955 0.264816 0.0911915 0.0812785 0.0629323 0.0173123
threshold=21.563216500000003 22.854500000000005 125.7675962 1.6611938539493256 -0.85206963063867713 1.8832000000000002 86.035000000000011 166.83350000000004 -2.5251499999999978
decision_type=2 2 2 2 2 2 2 2 2
left_child=1 8 -3 4 -2 -6 7 -5 -1
right_child=3 2 -4 6 5 -7 -8 -9 -10
leaf_value=0.00027409095230013339 0 -0.0048906231430383192 0 -0.0012798285861062449 0 0.0011238694060959286 0 0 -9.8386456745481812e-05
leaf_weight=255 254 101 154 112 179 755 471 122 227
leaf_count=255 254 101 154 112 179 755 471 122 227
internal_value=0 -0.000749117 -0.00231951 0.000246174 0.000654667 0.000948713 -0.000124598 -0.000688265 0
internal_weight=2630 737 255 1893 1188 934 705 234 482
internal_count=2630 737 255 1893 1188 934 705 234 482
is_linear=0
shrinkage=0.0355277


Tree=236
num_leaves=9
num_cat=0
split_feature=43 130 93 44 111 116 141 132
split_gain=0.407595 0.280387 0.39481 0.360698 0.269481 0.130044 0.0400802 0.0297548
threshold=27.145000000000007 -0.93738333333333379 30.455833333333334 66.555000000000021 4.6713423071317557 281.35500000000008 0.87500000000000011 -4.0756666666666765
decision_type=2 2 2 2 2 2 2 2
left_child=-1 2 7 5 -4 -3 -5 -2
right_child=1 3 4 6 -6 -7 -8 -9
leaf_value=-0.0022108145820113911 -0.00047584568091127026 0 0 -8.7045090956054311e-05 0.0016717292022300392 -0.0025438483193693218 0.00029249783676070935 0
leaf_weight=98 160 123 146 688 409 96 524 386
leaf_count=98 160 123 146 688 409 96 524 386
internal_value=0 5.17734e-05 0.000538472 -0.000166377 0.00120861 -0.00148376 0 0
internal_weight=2630 2532 1101 1431 555 219 1212 546
internal_count=2630 2532 1101 1431 555 219 1212 546
is_linear=0
shrinkage=0.0355277


Tree=237
num_leaves=12
num_cat=0
split_feature=135 96 83 25 4 88 48 7 137 96 130
split_gain=0.396562 1.02701 0.369022 0.237996 0.196856 0.162436 0.0874065 0.0757928 0.0261312 0.0664997 0.0248212
threshold=-1.0000000180025095e-35 26.095000000000002 0.68980673621930655 2.9416235000000008 4139.1611814432054 31.795000000000005 80.945000000000007 152.12500000000003 -2.9100000000000033 27.045000000000005 -3.6267500000000008
decision_type=2 2 2 2 2 2 2 2 2 2 2
left_child=1 -1 8 -4 7 -6 -5 -3 10 -10 -2
right_child=2 4 3 6 5 -7 -8 -9 9 -11 -12
leaf_value=-0.0035815950215428642 0 0 0 0.0031519091932297222 -0.0011799919436898429 0 0 0.00047870188544968232 0 0.00045431066247310711 -0.00058866740047455138
leaf_weight=119 149 202 209 102 302 124 103 520 202 444 154
leaf_count=119 149 202 209 102 302 124 103 520 202 444 154
internal_value=0 -0.000489872 0.00037752 0.0012546 0 -0.000719611 0.00213511 0.000184728 0 0.000116942 -0.000279152
internal_weight=2630 1267 1363 414 1148 426 205 722 949 646 303
internal_count=2630 1267 1363 414 1148 426 205 722 949 646 303
is_linear=0
shrinkage=0.0355277


Tree=238
num_leaves=6
num_cat=0
split_feature=132 131 15 24 4
split_gain=0.412727 0.408744 0.202201 0.516058 0.147293
threshold=-11.144499999999995 2.3149999999999999 24.106119500000005 1.3785845839578295 4138.4922476074926
decision_type=2 2 2 2 2
left_child=-1 2 3 -2 -4
right_child=1 -3 4 -5 -6
leaf_value=-0.0021044049976278816 0 0.0018157179100640104 0.00071258312473555666 -0.0020252618556001589 0
leaf_weight=110 930 153 507 197 733
leaf_count=110 930 153 507 197 733
internal_value=0 5.56858e-05 0 -0.000399403 0.000244543
internal_weight=2630 2520 2367 1127 1240
internal_count=2630 2520 2367 1127 1240
is_linear=0
shrinkage=0.0355277


Tree=239
num_leaves=7
num_cat=0
split_feature=132 141 83 4 90 0
split_gain=0.385037 0.382265 0.277038 0.240709 0.288844 0.168446
threshold=-11.144499999999995 0.40000000000000041 1.2456580066333873 4136.2172607363382 31.095000000000002 33.695000000000007
decision_type=2 2 2 2 2 2
left_child=-1 2 -2 4 -3 -5
right_child=1 3 -4 5 -6 -7
leaf_value=-0.0020334260758997805 0 0 -0.0022404765456214872 -0.00016208448677215034 0.0014638208773616621 0.0012490271755950832
leaf_weight=110 700 361 99 791 452 117
leaf_count=110 700 361 99 791 452 117
internal_value=0 5.23086e-05 -0.00046858 0.000425528 0.000867694 0
internal_weight=2630 2520 799 1721 813 908
internal_count=2630 2520 799 1721 813 908
is_linear=0
shrinkage=0.0355277


Tree=240
num_leaves=12
num_cat=0
split_feature=15 115 17 17 83 6 25 112 44 81 81
split_gain=0.396472 1.17443 0.411794 0.271862 0.199843 0.180927 0.107596 0.0490068 0.0455716 0.0293035 0.0214716
threshold=23.856547500000001 98.059078158094948 15.883200000000002 35.029663350000007 0.29297326385413019 0.086050000000000001 2.6128385000000001 69.735000000000014 84.405000000000015 30.82833333333334 28.428333333333338
decision_type=2 2 2 2 2 2 2 2 2 2 2
left_child=1 2 5 6 -4 -1 -2 -8 9 -5 -10
right_child=3 -3 4 8 -6 -7 7 -9 10 -11 -12
leaf_value=0 0 -0.0041591360931850421 0 0 -0.0013109226314954006 0.00091390493431452906 0.0017630119305550014 0 0 -0.00068572405594241397 0.00036087216918453794
leaf_weight=229 109 98 124 136 379 400 228 107 297 147 376
leaf_count=229 109 98 124 136 379 400 228 107 297 147 376
internal_value=0 -0.000504332 0 0.000363824 -0.00089669 0.00041742 0.00108464 0.0013968 0 -0.000347554 0.000182571
internal_weight=2630 1230 1132 1400 503 629 444 335 956 283 673
internal_count=2630 1230 1132 1400 503 629 444 335 956 283 673
is_linear=0
shrinkage=0.0355277


Tree=241
num_leaves=9
num_cat=0
split_feature=15 94 47 24 15 88 39 119
split_gain=0.383752 0.746124 0.294418 0.289873 0.223927 0.0952728 0.0890082 0.0463041
threshold=21.563216500000003 31.445000000000004 72.50500000000001 1.2721263277272052 26.206834500000006 31.795000000000005 29.995000000000001 41.112876282317181
decision_type=2 2 2 2 2 2 2 2
left_child=1 -1 7 6 5 -4 -3 -2
right_child=2 3 4 -5 -6 -7 -8 -9
leaf_value=-0.0033584744840047774 0 0.00091801534285272884 -0.00033162446952183773 -0.0016132779699535172 0.0016093550844384844 0.00012135618465440462 0 0.0013574450259363656
leaf_weight=112 105 142 1234 130 96 178 353 280
leaf_count=112 105 142 1234 130 96 178 353 280
internal_value=0 -0.000722416 0.000225653 0 0 -0.00011517 0.0001565 0.00109459
internal_weight=2630 737 1893 625 1508 1412 495 385
internal_count=2630 737 1893 625 1508 1412 495 385
is_linear=0
shrinkage=0.0355277


Tree=242
num_leaves=11
num_cat=0
split_feature=15 18 130 17 108 15 119 44 84 82
split_gain=0.364924 1.64273 0.300326 0.24945 0.148915 0.105165 0.0665152 0.0437634 0.0472285 0.0171485
threshold=23.856547500000001 2.2313799107805452 2.6990666666666709 35.029663350000007 62.430000000000007 25.482101500000002 73.160218466751999 84.845000000000013 29.445000000000004 28.545000000000005
decision_type=2 2 2 2 2 2 2 2 2 2
left_child=1 -1 4 5 -3 -2 -4 8 -5 -9
right_child=3 2 6 7 -6 -7 -8 9 -10 -11
leaf_value=-0.0048119667357494969 0 0.00062635183789967025 -0.0013986730603111092 0 0 0.0024373247039766203 0 0 -0.00062178409969421925 0.00032688408945497787
leaf_weight=96 345 607 204 92 231 99 92 208 227 429
leaf_count=96 345 607 204 92 231 99 92 208 227 429
internal_value=0 -0.000480425 0 0.000353184 0.000249365 0.00104389 -0.00104017 0 -0.00030599 0.000196497
internal_weight=2630 1230 1134 1400 838 444 296 956 319 637
internal_count=2630 1230 1134 1400 838 444 296 956 319 637
is_linear=0
shrinkage=0.0355277


Tree=243
num_leaves=9
num_cat=0
split_feature=132 93 57 112 100 88 9 2
split_gain=0.351515 0.787674 0.268204 0.270745 0.217578 0.163656 0.147521 0.123097
threshold=-7.4006666666666687 30.455833333333334 22.181500000000003 55.025000000000013 71.070000000000007 31.745000000000001 113.89600000000002 5.2416000000000009
decision_type=2 2 2 2 2 2 2 2
left_child=1 -1 3 7 5 -4 -6 -2
right_child=2 -3 4 -5 6 -7 -8 -9
leaf_value=-0.0036882471123424495 0 0 -0.0011957929334451094 0 -5.1840170355531153e-05 0 0.00049541672750440236 0.0024894824346077039
leaf_weight=98 93 166 321 285 638 94 802 133
leaf_count=98 93 166 321 285 638 94 802 133
internal_value=0 -0.0012456 0.000102634 0.000838635 0 -0.000787229 9.77207e-05 0.00174403
internal_weight=2630 264 2366 511 1855 415 1440 226
internal_count=2630 264 2366 511 1855 415 1440 226
is_linear=0
shrinkage=0.0355277


Tree=244
num_leaves=10
num_cat=0
split_feature=135 83 83 25 4 48 44 25 137
split_gain=0.351354 0.553147 0.345144 0.2122 0.0923391 0.0767756 0.0703864 0.0465954 0.0166016
threshold=-1.0000000180025095e-35 1.4300346974603444 0.68980673621930655 2.9416235000000008 4139.9336164745364 80.945000000000007 70.565000000000012 2.7724625000000009 -2.9100000000000033
decision_type=2 2 2 2 2 2 2 2 2
left_child=1 4 8 -4 6 -5 -1 -6 -2
right_child=2 -3 3 5 7 -7 -8 -9 -10
leaf_value=-0.00010941187708526272 -0.00022918123001800168 -0.0030603974287296922 0 0.0030097041959630576 0 0 0.00041530570761758295 -0.00086784769230301671 8.5199479039945361e-05
leaf_weight=300 303 97 209 102 153 103 488 229 646
leaf_count=300 303 97 209 102 153 103 488 229 646
internal_value=0 -0.000457819 0.000359279 0.00120765 -3.60299e-05 0.00204307 0 -0.000551753 0
internal_weight=2630 1267 1363 414 1170 205 788 382 949
internal_count=2630 1267 1363 414 1170 205 788 382 949
is_linear=0
shrinkage=0.0355277


Tree=245
num_leaves=8
num_cat=0
split_feature=85 129 88 38 56 13 19
split_gain=0.34191 0.778454 0.256238 0.354875 0.375682 0.176899 0.0235765
threshold=27.966428571428576 13.723666666666704 31.995000000000005 30.795000000000005 21.939500000000006 51.53914359015409 0.057562645891725765
decision_type=2 2 2 2 2 2 2
left_child=1 -1 3 5 -5 -2 -4
right_child=2 -3 6 4 -6 -7 -8
leaf_value=0 0.00069078099797977889 -0.0035501509922683857 0 0 -0.0010000304246001925 0 0.0013850923355030451
leaf_weight=95 802 105 93 260 754 334 187
leaf_count=95 802 105 93 260 754 334 187
internal_value=0 -0.00141937 8.31092e-05 0 -0.000529295 0.000376906 0.00109099
internal_weight=2630 200 2430 2150 1014 1136 280
internal_count=2630 200 2430 2150 1014 1136 280
is_linear=0
shrinkage=0.0355277


Tree=246
num_leaves=9
num_cat=0
split_feature=15 57 30 103 15 15 4 134
split_gain=0.350286 0.746702 0.641081 0.278656 0.0866713 0.0850501 0.130917 0.0132485
threshold=21.479134500000004 22.854500000000005 0.1670500785599974 5.6939458082358803 23.035443000000001 26.059708500000003 4137.6897309478782 21.357500000000034
decision_type=2 2 2 2 2 2 2 2
left_child=1 7 -3 5 -5 6 -2 -1
right_child=3 2 -4 4 -6 -7 -8 -9
leaf_value=0 0.00016415007940042193 0 -0.00383455296420377 0 0.0020738910006880122 0.00088826378907825904 -0.00041021423289146225 0.00036163539756875755
leaf_weight=350 700 106 137 98 123 130 864 122
leaf_count=350 700 106 137 98 123 130 864 122
internal_value=0 -0.000695802 -0.00227805 0.000220197 0.00140032 0 -9.81114e-06 0
internal_weight=2630 715 243 1915 221 1694 1564 472
internal_count=2630 715 243 1915 221 1694 1564 472
is_linear=0
shrinkage=0.0355277


Tree=247
num_leaves=10
num_cat=0
split_feature=135 96 83 115 4 88 9 141 137
split_gain=0.342068 0.872924 0.330534 0.223979 0.161653 0.13675 0.0735146 0.0347709 0.0140345
threshold=-1.0000000180025095e-35 26.095000000000002 0.68980673621930655 23.646489526517755 4139.1611814432054 31.795000000000005 72.500000000000014 2.7500000000000022 -2.9100000000000033
decision_type=2 2 2 2 2 2 2 2 2
left_child=1 -1 8 -4 6 -6 -3 -5 -2
right_child=2 4 3 7 5 -7 -8 -9 -10
leaf_value=-0.0032907270373698006 -0.00020034853025943124 0 0 0 -0.0010731914941422809 0 0.00046869293381613547 0.002669152287636747 9.0312943010950657e-05
leaf_weight=119 303 205 93 197 302 124 517 124 646
leaf_count=119 303 205 93 197 302 124 517 124 646
internal_value=0 -0.000443488 0.000364046 0.00119404 0 -0.000649126 0.000174123 0.00164204 0
internal_weight=2630 1267 1363 414 1148 426 722 321 949
internal_count=2630 1267 1363 414 1148 426 722 321 949
is_linear=0
shrinkage=0.0355277


Tree=248
num_leaves=7
num_cat=0
split_feature=9 137 86 134 100 132
split_gain=0.328636 1.10091 0.191525 0.144479 0.303725 0.103604
threshold=219.41650000000001 -10.369999999999996 34.545000000000009 -45.288216666666663 82.425000000000011 2.6688333333333323
decision_type=2 2 2 2 2 2
left_child=1 -1 -2 4 -3 -5
right_child=2 3 -4 5 -6 -7
leaf_value=-0.0034212357147965409 0 -0.0022824147565474683 0.0019681891983122143 0 0 0.00061728709488139929
leaf_weight=121 338 98 139 1313 219 402
leaf_count=121 338 98 139 1313 219 402
internal_value=0 -0.000210187 0.00081335 0 -0.000698926 0.00011967
internal_weight=2630 2153 477 2032 317 1715
internal_count=2630 2153 477 2032 317 1715
is_linear=0
shrinkage=0.0355277


Tree=249
num_leaves=11
num_cat=0
split_feature=141 3 4 94 15 9 86 127 98 56
split_gain=0.332173 0.489047 0.228097 0.323822 0.306979 0.322957 0.192345 0.177455 0.0426101 0.013498
threshold=0.22500000000000145 70.645000000000024 4134.3256871612639 32.295000000000009 24.626838500000005 235.81250000000003 33.695000000000007 61.401030936726862 75.995000000000019 27.921000000000003
decision_type=2 2 2 2 2 2 2 2 2 2
left_child=1 -1 3 8 5 -4 -6 -5 -2 -3
right_child=2 9 4 7 6 -7 -8 -9 -10 -11
leaf_value=-0.0024426104879589267 -0.00042940118800486357 0 -0.0014426221879762632 0 0 0 0.0014667055980818334 0.0018438970496884037 0.00026663228752302534 -0.00021347351963870614
leaf_weight=153 181 153 340 137 488 111 142 291 266 368
leaf_count=153 181 153 340 137 488 111 142 291 266 368
internal_value=0 -0.000697302 0.000212636 0.000653872 0 -0.000826599 0.000344154 0.0013454 0 0
internal_weight=2630 674 1956 875 1081 451 630 428 447 521
internal_count=2630 674 1956 875 1081 451 630 428 447 521
is_linear=0
shrinkage=0.0355277


Tree=250
num_leaves=6
num_cat=0
split_feature=135 132 15 88 39
split_gain=0.320298 0.961589 0.209969 0.153051 0.117855
threshold=-0.9250000000000006 -1.5458333333333198 26.059708500000003 31.995000000000005 30.745000000000001
decision_type=2 2 2 2 2
left_child=1 -1 3 4 -2
right_child=2 -3 -4 -5 -6
leaf_value=-0.003695153646348572 7.5907497502611444e-05 0 0.0017032627907735765 0.00091239629166490555 -0.00045036724675426613
leaf_weight=107 992 493 112 226 700
leaf_count=107 992 493 112 226 700
internal_value=0 -0.000735072 0.000194375 0 -9.77243e-06
internal_weight=2630 600 2030 1918 1692
internal_count=2630 600 2030 1918 1692
is_linear=0
shrinkage=0.0355277


Tree=251
num_leaves=6
num_cat=0
split_feature=132 131 132 83 134
split_gain=0.309512 0.350548 0.159123 0.244308 0.162953
threshold=-11.144499999999995 2.3149999999999999 3.0941666666666667 1.0822428870121168 -61.526900000000005
decision_type=2 2 2 2 2
left_child=-1 2 3 -2 -4
right_child=1 -3 4 -5 -6
leaf_value=-0.0018096159892759644 0 0.0016899445672703501 0 -0.0016112334416913108 0.00074510764280581396
leaf_weight=110 1510 153 143 147 567
leaf_count=110 1510 153 143 147 567
internal_value=0 6.67133e-05 0 -0.000230677 0.000396186
internal_weight=2630 2520 2367 1657 710
internal_count=2630 2520 2367 1657 710
is_linear=0
shrinkage=0.0355277


Tree=252
num_leaves=11
num_cat=0
split_feature=135 96 83 115 25 4 88 9 130 130
split_gain=0.306054 0.795224 0.311919 0.216841 0.176254 0.147205 0.122802 0.0727638 0.0138559 0.0104404
threshold=-1.0000000180025095e-35 26.095000000000002 0.68980673621930655 23.646489526517755 2.8256360000000007 4139.1611814432054 31.795000000000005 72.500000000000014 -3.701566666666666 6.9119333333333328
decision_type=2 2 2 2 2 2 2 2 2 2
left_child=1 -1 8 -4 -5 7 -7 -3 -2 -10
right_child=2 5 3 4 -6 6 -8 -9 9 -11
leaf_value=-0.0031295035704964344 0.00017780163497792579 0 0 0 0.0022604496502285675 -0.0010167381040218672 0 0.00046774029560567684 -0.00020727668439119096 0
leaf_weight=119 327 205 93 120 201 302 124 517 463 159
leaf_count=119 327 205 93 120 201 302 124 517 463 159
internal_value=0 -0.000414958 0.000349421 0.00115575 0.00159786 0 -0.000614837 0.000176012 0 -0.000105333
internal_weight=2630 1267 1363 414 321 1148 426 722 949 622
internal_count=2630 1267 1363 414 321 1148 426 722 949 622
is_linear=0
shrinkage=0.0355277


Tree=253
num_leaves=10
num_cat=0
split_feature=18 15 9 130 38 21 115 98 15
split_gain=0.306196 2.03488 0.267156 0.226515 0.202639 0.202208 0.150194 0.0930431 0.0506548
threshold=2.1488957047265944 23.941908000000005 177.54150000000001 -0.2046666666666663 30.795000000000005 -56.283777599999993 20.330321471839465 76.195000000000007 25.327107000000005
decision_type=2 2 2 2 2 2 2 2 2
left_child=1 -1 4 6 7 -6 -4 -2 -5
right_child=2 -3 3 8 5 -7 -8 -9 -10
leaf_value=-0.0053994940779368526 0 0 0 -2.8040132019059007e-05 0 -0.0015830840078275908 0.0015031600825696594 0.00055341492770233196 0.00080595175378841966
leaf_weight=93 147 501 111 461 243 196 385 401 92
leaf_count=93 147 501 111 461 243 196 385 401 92
internal_value=0 -0.000723443 0.000188477 0.000621665 -4.56932e-05 -0.000750661 0.00117559 0.000113774 0
internal_weight=2630 594 2036 1049 987 439 496 548 553
internal_count=2630 594 2036 1049 987 439 496 548 553
is_linear=0
shrinkage=0.0355277


Tree=254
num_leaves=9
num_cat=0
split_feature=15 57 30 103 15 15 4 134
split_gain=0.297153 0.65878 0.599387 0.242458 0.0732609 0.0654991 0.110229 0.0116796
threshold=21.479134500000004 22.854500000000005 0.1670500785599974 5.6939458082358803 23.035443000000001 26.059708500000003 4137.6897309478782 21.357500000000034
decision_type=2 2 2 2 2 2 2 2
left_child=1 7 -3 5 -5 6 -2 -1
right_child=3 2 -4 4 -6 -7 -8 -9
leaf_value=0 0.00014766076145510641 0 -0.0036250559003570969 0 0.0019384773790729517 0.00078006008962407884 -0.00037716717338971874 0.00033954915029940928
leaf_weight=350 700 106 137 98 123 130 864 122
leaf_count=350 700 106 137 98 123 130 864 122
internal_value=0 -0.00063354 -0.00212223 0.000211268 0.00131411 0 0 0
internal_weight=2630 715 243 1915 221 1694 1564 472
internal_count=2630 715 243 1915 221 1694 1564 472
is_linear=0
shrinkage=0.0355277


Tree=255
num_leaves=11
num_cat=0
split_feature=141 81 4 94 31 0 137 127 132 98
split_gain=0.293804 0.465921 0.222175 0.337853 0.290076 0.318749 0.193908 0.15037 0.0184589 0.0172845
threshold=0.22500000000000145 28.011666666666674 4131.6351659333222 32.295000000000009 0.13300977955191609 33.645000000000003 -0.60499999999999676 61.401030936726862 5.9315000000000007 75.995000000000019
decision_type=2 2 2 2 2 2 2 2 2 2
left_child=1 -1 3 9 5 -4 -6 -5 -3 -2
right_child=2 8 4 7 6 -7 -8 -9 -10 -11
leaf_value=-0.0029323944297657183 -0.00030754314812833069 -0.00023335447743227681 0 0 -0.0018645661195911035 0.0021204659415474149 0 0.0019268466410727102 0 0.0001426503404318864
leaf_weight=96 179 422 794 133 159 92 134 258 156 207
leaf_count=96 179 422 794 133 159 92 134 258 156 207
internal_value=0 -0.00065069 0.000205675 0.000681339 0 0.000205642 -0.00104828 0.00141077 0 0
internal_weight=2630 674 1956 777 1179 886 293 391 578 386
internal_count=2630 674 1956 777 1179 886 293 391 578 386
is_linear=0
shrinkage=0.0355277


Tree=256
num_leaves=11
num_cat=0
split_feature=15 115 130 24 30 3 124 13 44 7
split_gain=0.284662 0.647851 0.339022 0.237957 0.214597 0.186894 0.132221 0.0909322 0.0536464 0.0410272
threshold=21.479134500000004 84.881876266176505 -0.93738333333333379 1.6504729652417292 -0.80392051724781066 64.765000000000015 215.62500000000003 78.199295395266901 86.035000000000011 166.83350000000004
decision_type=2 2 2 2 2 2 2 2 2 2
left_child=1 2 5 4 -2 -1 -4 -6 9 -5
right_child=3 -3 6 8 7 -7 -8 -9 -10 -11
leaf_value=0.0011420578613618043 0 -0.0032893809765825069 0 -0.0010203965120353523 0.0010143306256239157 0 -0.0018722914491699006 0 0 0
leaf_weight=239 284 95 101 112 741 140 140 175 475 128
leaf_count=239 284 95 101 112 741 140 140 175 475 128
internal_value=0 -0.000616131 0 0.000211165 0.000563411 0.000465727 -0.00118121 0.000842051 -6.68897e-05 -0.000537146
internal_weight=2630 715 620 1915 1200 379 241 916 715 240
internal_count=2630 715 620 1915 1200 379 241 916 715 240
is_linear=0
shrinkage=0.0355277


Tree=257
num_leaves=7
num_cat=0
split_feature=132 141 4 127 83 0
split_gain=0.280579 0.296422 0.2378 0.29548 0.206335 0.126725
threshold=-11.144499999999995 0.45000000000000112 4134.3256871612639 59.050478541975686 1.2456580066333873 33.695000000000007
decision_type=2 2 2 2 2 2
left_child=-1 4 3 -3 -2 -4
right_child=1 2 5 -5 -6 -7
leaf_value=-0.001726298992984868 0 0 -0.00013293723004108567 0.0012788013753751329 -0.0018781747281021244 0.0010832230837347393
leaf_weight=110 740 169 821 573 99 118
leaf_count=110 740 169 821 573 99 118
internal_value=0 5.92137e-05 0.000402677 0.000875835 -0.00035998 0
internal_weight=2630 2520 1681 742 839 939
internal_count=2630 2520 1681 742 839 939
is_linear=0
shrinkage=0.0355277


Tree=258
num_leaves=9
num_cat=0
split_feature=85 129 130 15 4 111 80 15
split_gain=0.286009 0.688313 0.223523 0.338256 0.423949 0.289411 0.329027 0.0833215
threshold=27.966428571428576 13.723666666666704 -1.1211333333333344 23.035443000000001 4129.3346861568434 4.6971713174638614 8.4999999999994815e-05 25.570419000000005
decision_type=2 2 2 2 2 2 2 2
left_child=1 -1 5 4 -4 -2 -7 -5
right_child=2 -3 3 7 -6 6 -8 -9
leaf_value=0 0 -0.0033077121867939735 0 0 -0.0026549788681777811 0.0016345708160003208 0 0.00069270938354963228
leaf_weight=95 490 105 312 702 131 394 170 231
leaf_count=95 490 105 312 702 131 394 170 231
internal_value=0 -0.00129302 8.30879e-05 -8.99593e-05 -0.000978357 0.00052107 0.00107051 9.5092e-05
internal_weight=2630 200 2430 1376 443 1054 564 933
internal_count=2630 200 2430 1376 443 1054 564 933
is_linear=0
shrinkage=0.0355277


Tree=259
num_leaves=7
num_cat=0
split_feature=43 88 4 3 141 135
split_gain=0.273411 0.217034 0.295315 0.345446 0.188208 0.0170674
threshold=27.145000000000007 31.995000000000005 4137.004481652757 83.625000000000014 0.97499999999999976 -0.27499999999999852
decision_type=2 2 2 2 2 2
left_child=-1 2 4 -4 -2 -3
right_child=1 5 3 -5 -6 -7
leaf_value=-0.0018077208028099796 0 0 -0.001067563529223887 0 0.00075655442273327167 0.0013199264878714762
leaf_weight=98 723 113 620 333 576 167
leaf_count=98 723 113 620 333 576 167
internal_value=0 4.73206e-05 0 -0.000537737 0.000270512 0.000989026
internal_weight=2630 2532 2252 953 1299 280
internal_count=2630 2532 2252 953 1299 280
is_linear=0
shrinkage=0.0355277


Tree=260
num_leaves=8
num_cat=0
split_feature=15 18 4 0 24 4 15
split_gain=0.289952 1.2307 0.268835 0.321298 0.173412 0.182611 0.0821086
threshold=23.856547500000001 2.2313799107805452 4081.5416069707808 31.095000000000002 1.6987062238458319 4140.2573763721566 25.570419000000005
decision_type=2 2 2 2 2 2 2
left_child=1 -1 -3 -4 5 -2 -7
right_child=4 2 3 -5 -6 6 -8
leaf_value=-0.0041693105542808147 0.0017985555308528028 0.0012353821510985316 -0.0011294534659512766 0 0 0 0.00073115553895126311
leaf_weight=96 179 158 382 594 626 407 188
leaf_count=96 179 158 382 594 626 407 188
internal_value=0 -0.000419371 0 -0.000301476 0.000325147 0.000686477 0
internal_weight=2630 1230 1134 976 1400 774 595
internal_count=2630 1230 1134 976 1400 774 595
is_linear=0
shrinkage=0.0355277


Tree=261
num_leaves=7
num_cat=0
split_feature=9 137 90 9 44 38
split_gain=0.271636 0.924044 0.157294 0.0876357 0.251689 0.125018
threshold=219.41650000000001 -10.369999999999996 34.945000000000007 86.312500000000014 86.035000000000011 29.445000000000004
decision_type=2 2 2 2 2 2
left_child=1 -1 -2 4 -3 -5
right_child=2 3 -4 5 -6 -7
leaf_value=-0.0031326348385168875 0 -0.0017198730342395082 0.0017013565507560441 0.00064265628054170751 0 0
leaf_weight=121 323 131 154 433 349 1119
leaf_count=121 323 131 154 433 349 1119
internal_value=0 -0.000190871 0.000739714 0 -0.000423548 0.000122701
internal_weight=2630 2153 477 2032 480 1552
internal_count=2630 2153 477 2032 480 1552
is_linear=0
shrinkage=0.0355277


Tree=262
num_leaves=11
num_cat=0
split_feature=135 132 137 7 141 24 130 56 56 111
split_gain=0.265581 0.483981 0.200657 0.170672 0.117122 0.0727901 0.0406283 0.0270911 0.0312122 0.0284691
threshold=-1.0000000180025095e-35 -5.4783333333333379 -2.9100000000000033 211.72900000000001 1.6500000000000041 1.2348522706312317 -4.9099999999999993 25.327000000000002 55.519000000000013 5.9559190600843221
decision_type=2 2 2 2 2 2 2 2 2 2
left_child=1 -1 5 -4 -5 -2 -7 9 -9 -3
right_child=2 7 3 4 -6 6 -8 8 -10 -11
leaf_value=-0.0023466437875496998 0.00023806792138335078 0 0 0 0.001906770168291706 0 -0.00077700095829910253 -0.00042200017726488871 0 0.00039500961665035945
leaf_weight=140 146 134 371 276 203 150 217 406 361 226
leaf_count=140 146 134 371 276 203 150 217 406 361 226
internal_value=0 -0.000388747 0.000323054 0.000680327 0.00112307 0 -0.000472571 0 -0.000209589 2.58564e-05
internal_weight=2630 1267 1363 850 479 513 367 1127 767 360
internal_count=2630 1267 1363 850 479 513 367 1127 767 360
is_linear=0
shrinkage=0.0355277


Tree=263
num_leaves=11
num_cat=0
split_feature=15 59 53 12 24 30 3 3 7 3
split_gain=0.258813 0.601229 0.656348 0.757522 0.198488 0.162855 0.139113 0.0669535 0.0279413 0.0254964
threshold=20.563695000000003 19.031500000000005 341.35500000000008 10.41117939393707 1.6611938539493256 -0.90149333598846371 77.320000000000007 86.710000000000022 175.85400000000001 63.790000000000006
decision_type=2 2 2 2 2 2 2 2 2 2
left_child=1 9 3 -3 5 -2 -7 8 -6 -1
right_child=4 2 -4 -5 7 6 -8 -9 -10 -11
leaf_value=0.00050365392840142763 0 0 0 -0.0052846059976068291 -0.00096370446172710838 8.824697722124214e-05 0.001428471087809334 0 0 0
leaf_weight=121 212 100 119 95 133 858 322 449 128 93
leaf_count=121 212 100 119 95 133 858 322 449 128 93
internal_value=0 -0.000715649 -0.00179647 -0.00304362 0.000158951 0.000459075 0.000649435 -0.000113312 -0.000592551 0
internal_weight=2630 528 314 195 2102 1392 1180 710 261 214
internal_count=2630 528 314 195 2102 1392 1180 710 261 214
is_linear=0
shrinkage=0.0355277


Tree=264
num_leaves=8
num_cat=0
split_feature=88 132 103 57 44 112 9
split_gain=0.253829 0.64153 0.518364 0.212245 0.435457 0.253165 0.0381079
threshold=31.795000000000005 -7.4006666666666687 5.8744734174096722 22.181500000000003 81.640000000000015 55.025000000000013 177.18750000000003
decision_type=2 2 2 2 2 2 2
left_child=1 2 -1 5 -5 -3 -2
right_child=6 3 -4 4 -6 -7 -8
leaf_value=0 0 0.0015833006193829546 -0.0037525325073026225 -0.00090060826206070236 0.00016351459389188328 0 0.0010943265322732264
leaf_weight=106 96 212 102 693 895 270 256
leaf_count=106 96 212 102 693 895 270 256
internal_value=0 -0.000155028 -0.00201069 0 -0.000160954 0.000681534 0.000861331
internal_weight=2630 2278 208 2070 1588 482 352
internal_count=2630 2278 208 2070 1588 482 352
is_linear=0
shrinkage=0.0355277


Tree=265
num_leaves=7
num_cat=0
split_feature=131 3 125 7 3 130
split_gain=0.249294 0.610135 0.373334 0.112355 0.245843 0.142918
threshold=2.3149999999999999 59.210000000000008 356.77100000000007 221.91650000000001 84.575000000000003 0.082233333333334727
decision_type=2 2 2 2 2 2
left_child=1 -1 -2 4 -3 -5
right_child=2 3 -4 5 -6 -7
leaf_value=-0.002736623751880041 0.0027371210857132741 -0.00075987661094449913 0 0.00072055973837351463 0 0
leaf_weight=101 95 632 93 503 670 536
leaf_count=101 95 632 93 503 670 536
internal_value=0 -0.000111099 0.0012113 0 -0.000210594 0.000283221
internal_weight=2630 2442 188 2341 1302 1039
internal_count=2630 2442 188 2341 1302 1039
is_linear=0
shrinkage=0.0355277


Tree=266
num_leaves=9
num_cat=0
split_feature=135 132 83 112 137 130 138 141
split_gain=0.252373 0.769483 0.184623 0.132266 0.0602094 0.0970585 0.0289417 0.0250862
threshold=-0.9250000000000006 -1.5458333333333198 0.84113019206256412 55.370000000000012 0.24500000000000458 -2.5849500000000023 -1.2750000000000055 2.0500000000000029
decision_type=2 2 2 2 2 2 2 2
left_child=1 -1 4 -4 5 -2 -6 -5
right_child=2 -3 3 7 6 -7 -8 -9
leaf_value=-0.0032957742227930943 0 0 0 0 0 -0.00052550300011743121 0.00042285796770617101 0.0018122364483562604
leaf_weight=107 450 493 124 97 203 530 481 145
leaf_count=107 450 493 124 97 203 530 481 145
internal_value=0 -0.0006484 0.000177067 0.000893482 0 -0.00016074 0.000270627 0.00136793
internal_weight=2630 600 2030 366 1664 980 684 242
internal_count=2630 600 2030 366 1664 980 684 242
is_linear=0
shrinkage=0.0355277


Tree=267
num_leaves=9
num_cat=0
split_feature=96 4 15 88 31 86 86 4
split_gain=0.24758 0.192881 0.362745 0.339147 0.267786 0.320137 0.164131 0.0254643
threshold=25.020000000000007 4133.9244288314576 24.626838500000005 31.795000000000005 0.82392300575755406 29.245000000000001 33.695000000000007 4082.553675312161
decision_type=2 2 2 2 2 2 2 2
left_child=-1 4 3 -3 5 -2 -4 -6
right_child=1 2 6 -5 7 -7 -8 -9
leaf_value=-0.0014640487456712788 0 -0.0014676364111902097 0 0 0 0.001382654283705065 0.0011250224252481119 -0.00032154805240270311
leaf_weight=134 205 398 601 166 131 510 180 305
leaf_count=134 205 398 601 166 131 510 180 305
internal_value=0 7.12569e-05 -9.44441e-05 -0.000880528 0.00045936 0.000898623 0.000188902 0
internal_weight=2630 2496 1345 564 1151 715 781 436
internal_count=2630 2496 1345 564 1151 715 781 436
is_linear=0
shrinkage=0.0355277


Tree=268
num_leaves=9
num_cat=0
split_feature=141 96 4 90 31 131 126 137
split_gain=0.248597 0.415242 0.20515 0.242147 0.237069 0.246292 0.165415 0.156371
threshold=0.22500000000000145 26.745000000000001 4131.6351659333222 31.095000000000002 0.13300977955191609 1.7200000000000009 421.04500000000002 -0.60499999999999676
decision_type=2 2 2 2 2 2 2 2
left_child=1 -1 3 -2 5 -4 -5 -6
right_child=2 -3 4 6 7 -7 -8 -9
leaf_value=-0.0024369592809830387 0 0 0 0 -0.0016887761112662728 0.0017061607599041146 0.0015062685322551181 0
leaf_weight=123 300 551 776 110 159 110 367 134
leaf_count=123 300 551 776 110 159 110 367 134
internal_value=0 -0.000595612 0.000192367 0.000650769 0 0.00017209 0.00114873 -0.000955431
internal_weight=2630 674 1956 777 1179 886 477 293
internal_count=2630 674 1956 777 1179 886 477 293
is_linear=0
shrinkage=0.0355277


Tree=269
num_leaves=9
num_cat=0
split_feature=135 83 83 134 48 132 83 4
split_gain=0.239576 0.452896 0.267711 0.174759 0.0815562 0.0726157 0.127876 0.0353746
threshold=-1.0000000180025095e-35 1.4300346974603444 0.68980673621930655 -0.3100666666666711 69.735000000000014 0.9238333333333274 0.25980762113481998 4139.3890880168065
decision_type=2 2 2 2 2 2 2 2
left_child=1 5 -2 -4 -5 6 -1 -7
right_child=2 -3 3 4 -6 7 -8 -9
leaf_value=0 0 -0.0026815787345232209 0 0 0.0019426458608165107 0.00033592134057439327 -0.00078466946319997175 0
leaf_weight=140 949 97 96 113 205 407 402 221
leaf_count=140 949 97 96 113 205 407 402 221
internal_value=0 -0.000363351 0.000313282 0.00106056 0.00146263 0 -0.000404672 5.53037e-05
internal_weight=2630 1267 1363 414 318 1170 542 628
internal_count=2630 1267 1363 414 318 1170 542 628
is_linear=0
shrinkage=0.0355277


Tree=270
num_leaves=8
num_cat=0
split_feature=85 129 134 44 86 4 88
split_gain=0.242141 0.610517 0.208543 0.27817 0.210243 0.338522 0.198349
threshold=27.966428571428576 12.083499999999988 -9.9477500000000116 81.975000000000009 34.945000000000007 4132.5778935722201 31.595000000000002
decision_type=2 2 2 2 2 2 2
left_child=1 -1 3 6 5 -4 -2
right_child=2 -3 4 -5 -6 -7 -8
leaf_value=0 -0.0018318098338351747 -0.0030752762768966016 0.00069879505404417993 0 0.0020854063197531941 -0.00020069116262128359 0
leaf_weight=94 192 106 836 311 101 884 106
leaf_count=94 192 106 836 311 101 884 106
internal_value=0 -0.00118146 8.66258e-05 -0.00031876 0.000346257 0.000106696 -0.00116665
internal_weight=2630 200 2430 609 1821 1720 298
internal_count=2630 200 2430 609 1821 1720 298
is_linear=0
shrinkage=0.0355277


Tree=271
num_leaves=9
num_cat=0
split_feature=15 24 112 94 19 112 140 44
split_gain=0.234241 0.590448 0.281562 0.211983 0.12245 0.059958 0.0783668 0.0523573
threshold=22.554823500000001 1.3342524912613458 69.975000000000009 31.445000000000004 0.086465285027484629 50.320000000000007 36.039999999999985 84.695000000000007
decision_type=2 2 2 2 2 2 2 2
left_child=1 3 5 -1 -5 -2 -7 -4
right_child=2 -3 7 4 -6 6 -8 -9
leaf_value=-0.0014352347795077653 0 -0.0028827461494232388 -0.00038842949872518716 0.00075742976985348912 0 0.0013761150431634652 0 5.0484796953305134e-05
leaf_weight=120 108 108 421 278 419 324 198 654
leaf_count=120 108 108 421 278 419 324 198 654
internal_value=0 -0.000464664 0.000235242 0 0.000108639 0.000841312 0.000997993 0
internal_weight=2630 925 1705 817 697 630 522 1075
internal_count=2630 925 1705 817 697 630 522 1075
is_linear=0
shrinkage=0.0355277


Tree=272
num_leaves=8
num_cat=0
split_feature=22 15 135 132 96 103 3
split_gain=0.230476 0.365159 0.348448 0.17497 0.172996 0.161607 0.126814
threshold=53.980633150000003 22.139544000000004 2.0500000000000029 2.4215000000000022 26.320000000000004 5.006124058220788 77.805000000000021
decision_type=2 2 2 2 2 2 2
left_child=1 -1 3 4 -2 -4 -5
right_child=2 -3 5 6 -6 -7 -8
leaf_value=-0.0024971870578137756 -0.0012855483157869657 0 0 0 0 0.0026225046355857384 0.00082666172878120641
leaf_weight=110 179 210 96 289 1230 92 424
leaf_count=110 179 210 96 289 1230 92 424
internal_value=0 -0.00089603 0.000112446 0 -0.000248198 0.00155554 0.000431248
internal_weight=2630 320 2310 2122 1409 188 713
internal_count=2630 320 2310 2122 1409 188 713
is_linear=0
shrinkage=0.0355277


Tree=273
num_leaves=7
num_cat=0
split_feature=141 3 131 137 108 44
split_gain=0.223244 0.395013 0.152396 0.104821 0.157641 0.0706621
threshold=1.0000000180025095e-35 70.645000000000024 2.3708333333333305 -0.60499999999999676 57.315000000000005 74.325000000000003
decision_type=2 2 2 2 2 2
left_child=1 -1 3 4 -2 -5
right_child=2 -3 -4 5 -6 -7
leaf_value=-0.0024963866807734001 -0.0013611616373348033 0 0.0011381811451117603 0 0 0.00052417903442854785
leaf_weight=112 125 393 178 389 791 642
leaf_count=112 125 393 178 389 791 642
internal_value=0 -0.000679601 0.000146663 0 -0.000217195 0.000292679
internal_weight=2630 505 2125 1947 916 1031
internal_count=2630 505 2125 1947 916 1031
is_linear=0
shrinkage=0.0355277


Tree=274
num_leaves=7
num_cat=0
split_feature=19 96 0 4 31 15
split_gain=0.222916 0.237821 0.191401 0.337536 0.393327 0.220966
threshold=0.038839733134201977 27.145000000000007 33.945000000000007 4151.6098769712398 -0.32533003375364639 22.621362000000008
decision_type=2 2 2 2 2 2
left_child=1 -1 3 5 -5 -2
right_child=2 -3 -4 4 -6 -7
leaf_value=-0.0023708485162239009 0 0 0.0015482691022688845 0 -0.002329976432053623 0.00061248484909333953
leaf_weight=95 853 92 101 344 146 999
leaf_count=95 853 92 101 344 146 999
internal_value=0 -0.00117612 7.71752e-05 0 -0.000813294 0.000229736
internal_weight=2630 187 2443 2342 490 1852
internal_count=2630 187 2443 2342 490 1852
is_linear=0
shrinkage=0.0355277


Tree=275
num_leaves=7
num_cat=0
split_feature=88 132 13 38 57 9
split_gain=0.218589 0.580379 0.367524 0.290474 0.117237 0.0284681
threshold=31.795000000000005 -9.8608333333333338 50.334553809348797 29.895000000000007 22.510500000000004 176.54150000000001
decision_type=2 2 2 2 2 2
left_child=1 -1 3 -3 -4 -2
right_child=5 2 4 -5 -6 -7
leaf_value=-0.0026898549249309541 0 0.00094081171397428903 0 0 -0.00084144785031559641 0.0010001643123171483
leaf_weight=102 94 575 123 828 650 258
leaf_count=102 94 575 123 828 650 258
internal_value=0 -0.000144802 0 0.000323564 -0.00063736 0.000798227
internal_weight=2630 2278 2176 1403 773 352
internal_count=2630 2278 2176 1403 773 352
is_linear=0
shrinkage=0.0355277


Tree=276
num_leaves=6
num_cat=0
split_feature=136 131 4 15 7
split_gain=0.216944 0.174238 0.236444 0.48511 0.106161
threshold=-3.3999999999999999 2.3708333333333305 4136.345744979174 24.690565500000002 211.47900000000001
decision_type=2 2 2 2 2
left_child=-1 2 4 -4 -2
right_child=1 -3 3 -5 -6
leaf_value=-0.0015903382958394317 0 0.0011086701148142915 -0.0013226390872710331 0 0.00063764633897361021
leaf_weight=100 655 178 451 648 598
leaf_count=100 655 178 451 648 598
internal_value=0 4.89411e-05 0 -0.000411308 0.000297649
internal_weight=2630 2530 2352 1099 1253
internal_count=2630 2530 2352 1099 1253
is_linear=0
shrinkage=0.0355277


Tree=277
num_leaves=8
num_cat=0
split_feature=96 130 111 15 80 117 135
split_gain=0.220862 0.190583 0.396354 0.355679 0.344059 0.270546 0.0602651
threshold=25.020000000000007 -0.87755000000000283 4.6971713174638614 23.968801500000005 8.4999999999994815e-05 286.63642857142861 0.44999999999999757
decision_type=2 2 2 2 2 2 2
left_child=-1 2 -2 5 -4 -3 -5
right_child=1 3 4 6 -6 -7 -8
leaf_value=-0.0013869353509165698 0 0 0.0017498377717558905 0 0 -0.0014169691572331936 0.00059695308199240907
leaf_weight=134 552 121 377 631 176 386 253
leaf_count=134 552 121 377 631 176 386 253
internal_value=0 6.23593e-05 0.000462624 -9.47393e-05 0.00114917 -0.000931806 0.000134844
internal_weight=2630 2496 1105 1391 553 507 884
internal_count=2630 2496 1105 1391 553 507 884
is_linear=0
shrinkage=0.0355277


Tree=278
num_leaves=7
num_cat=0
split_feature=9 137 25 7 44 4
split_gain=0.216811 0.593737 0.203309 0.0841252 0.225698 0.137804
threshold=214.18750000000003 -10.369999999999996 2.8877650000000004 156.12500000000003 86.035000000000011 4082.553675312161
decision_type=2 2 2 2 2 2
left_child=1 -1 -2 4 -3 -5
right_child=2 3 -4 5 -6 -7
leaf_value=-0.0026102904349932675 0 -0.0019123828037035187 0.0021639963984765214 0.0010260257248595735 0 0
leaf_weight=114 445 98 93 170 301 1409
leaf_count=114 445 98 93 170 301 1409
internal_value=0 -0.000179112 0.000615982 0 -0.00048436 8.4068e-05
internal_weight=2630 2092 538 1978 399 1579
internal_count=2630 2092 538 1978 399 1579
is_linear=0
shrinkage=0.0355277


Tree=279
num_leaves=8
num_cat=0
split_feature=43 130 15 56 93 80 15
split_gain=0.209931 0.183217 0.355906 0.29164 0.28741 0.185513 0.0548915
threshold=27.145000000000007 -0.93738333333333379 22.621362000000008 21.939500000000006 30.385000000000002 0.0017966666666666619 25.710093000000004
decision_type=2 2 2 2 2 2 2
left_child=-1 4 3 -3 -2 -6 -4
right_child=1 2 6 -5 5 -7 -8
leaf_value=-0.0015779460546061521 0 0 0 -0.0018832654680596677 0.0013310432054040987 0 0.00062436983977282262
leaf_weight=98 533 149 876 228 457 111 178
leaf_count=98 533 149 876 228 457 111 178
internal_value=0 5.00578e-05 -0.000100462 -0.00109771 0.000448972 0.00101042 4.75186e-05
internal_weight=2630 2532 1431 377 1101 568 1054
internal_count=2630 2532 1431 377 1101 568 1054
is_linear=0
shrinkage=0.0355277


Tree=280
num_leaves=9
num_cat=0
split_feature=141 81 4 94 111 31 0 137
split_gain=0.207366 0.384842 0.189121 0.276424 0.265098 0.218893 0.230392 0.142641
threshold=0.22500000000000145 28.011666666666674 4131.6351659333222 32.295000000000009 4.7116353036360614 0.13300977955191609 33.645000000000003 0.034999999999996596
decision_type=2 2 2 2 2 2 2 2
left_child=1 -1 3 -2 -5 6 -4 -7
right_child=2 -3 5 4 -6 7 -8 -9
leaf_value=-0.0026049961904714308 0 0 0 0 0.0018063711782729873 -0.0015428131586276851 0.0017782948265489945 0
leaf_weight=96 386 578 794 97 294 178 92 115
leaf_count=96 386 578 794 97 294 178 92 115
internal_value=0 -0.000549807 0.000169292 0.000613794 0.00127371 0 0.000144732 -0.000928414
internal_weight=2630 674 1956 777 391 1179 886 293
internal_count=2630 674 1956 777 391 1179 886 293
is_linear=0
shrinkage=0.0355277


Tree=281
num_leaves=9
num_cat=0
split_feature=132 135 15 24 130 3 66 4
split_gain=0.208711 0.881274 0.196919 0.181038 0.140246 0.236833 0.16352 0.133537
threshold=2.4215000000000022 -1.6249999999999998 23.100147500000002 4.2730998294342895 -1.1211333333333344 63.930000000000007 290.6665000000001 4151.9305777202217
decision_type=2 2 2 2 2 2 2 2
left_child=1 -1 -2 7 5 -3 -6 -4
right_child=2 4 3 -5 6 -7 -8 -9
leaf_value=-0.0033851060313609864 0 0.001252140858642816 0.0015376463493984806 0 -0.00072128154118109987 0 0 0
leaf_weight=100 259 223 336 92 616 689 142 173
leaf_count=100 259 223 336 92 616 689 142 173
internal_value=0 -0.000238202 0.000433448 0.000823184 0 0.000255451 -0.000391578 0.00111469
internal_weight=2630 1770 860 601 1670 912 758 509
internal_count=2630 1770 860 601 1670 912 758 509
is_linear=0
shrinkage=0.0355277


Tree=282
num_leaves=8
num_cat=0
split_feature=132 13 7 103 88 52 3
split_gain=0.209807 0.23234 0.292047 0.214729 0.20626 0.119805 0.0443829
threshold=-11.144499999999995 50.334553809348797 212.06250000000003 4.6029535025202462 31.795000000000005 499.17000000000002 84.575000000000003
decision_type=2 2 2 2 2 2 2
left_child=-1 2 6 -4 5 -3 -2
right_child=1 4 3 -5 -6 -7 -8
leaf_value=-0.0014940639754863702 -0.00032773928624901886 -0.0010130391970549499 0 0.001739142142540122 0.00012191712929583648 0 0.00016565326771776778
leaf_weight=110 424 456 489 283 194 321 353
leaf_count=110 424 456 489 283 194 321 353
internal_value=0 4.94653e-05 0.000387978 0.000880217 -0.000258736 -0.0006421 0
internal_weight=2630 2520 1549 772 971 777 777
internal_count=2630 2520 1549 772 971 777 777
is_linear=0
shrinkage=0.0355277


Tree=283
num_leaves=9
num_cat=0
split_feature=15 94 47 15 24 92 85 119
split_gain=0.206794 0.551276 0.180638 0.123705 0.114884 0.0465523 0.039581 0.029791
threshold=21.563216500000003 31.445000000000004 72.50500000000001 26.206834500000006 1.2713490498414817 29.045000000000005 32.923571428571442 41.112876282317181
decision_type=2 2 2 2 2 2 2 2
left_child=1 -1 7 6 5 -3 -4 -2
right_child=2 4 3 -5 -6 -7 -8 -9
leaf_value=-0.0027553645827133994 0 0.00049165213563824464 -0.00021347188115358588 0.0011999868132208597 -0.00098388386553602486 0 0 0.0010705227171388058
leaf_weight=112 105 285 1298 96 132 208 114 280
leaf_count=112 105 285 1298 96 132 208 114 280
internal_value=0 -0.000517597 0.000180697 0 0 0.000152157 -8.16721e-05 0.000861369
internal_weight=2630 737 1893 1508 625 493 1412 385
internal_count=2630 737 1893 1508 625 493 1412 385
is_linear=0
shrinkage=0.0355277


Tree=284
num_leaves=9
num_cat=0
split_feature=3 7 3 47 4 4 94 24
split_gain=0.207341 0.226422 0.200869 0.304186 0.13246 0.0670786 0.0637962 0.0553317
threshold=58.475000000000001 221.91650000000001 83.810000000000016 72.050000000000026 4139.3890880168065 4164.8274385238601 31.445000000000004 4.8111984296165877
decision_type=2 2 2 2 2 2 2 2
left_child=-1 2 3 -2 6 -6 -3 -4
right_child=1 4 7 -5 5 -7 -8 -9
leaf_value=-0.001413574039766419 0 0 0.00034207216140625789 -0.0014821830056133587 -0.00015666775267288288 0.00053397644618860638 0.001078380549558764 0
leaf_weight=121 321 98 591 297 390 257 436 119
leaf_count=121 321 98 591 297 390 257 436 119
internal_value=0 5.71211e-05 -0.000144544 -0.000671619 0.000473529 0 0.000895907 8.90041e-07
internal_weight=2630 2509 1328 618 1181 647 534 710
internal_count=2630 2509 1328 618 1181 647 534 710
is_linear=0
shrinkage=0.0355277


Tree=285
num_leaves=9
num_cat=0
split_feature=135 96 83 115 25 4 88 24
split_gain=0.206512 0.554904 0.226287 0.184523 0.136988 0.103522 0.0837854 0.0374399
threshold=-1.0000000180025095e-35 26.095000000000002 0.68980673621930655 23.646489526517755 2.8256360000000007 4139.1611814432054 31.795000000000005 1.7315745925456743
decision_type=2 2 2 2 2 2 2 2
left_child=1 -1 -2 -4 -5 7 -7 -3
right_child=2 5 3 4 -6 6 -8 -9
leaf_value=-0.0026062620089426286 0 0.00037240865796223739 0 0 0.0019718553914077064 -0.00084328089443838432 0 0
leaf_weight=119 949 461 93 120 201 302 124 261
leaf_count=119 949 461 93 120 201 302 124 261
internal_value=0 -0.000340714 0.00028719 0.000974253 0.00138988 0 -0.000511919 0.00015502
internal_weight=2630 1267 1363 414 321 1148 426 722
internal_count=2630 1267 1363 414 321 1148 426 722
is_linear=0
shrinkage=0.0355277


Tree=286
num_leaves=8
num_cat=0
split_feature=15 18 130 3 112 25 14
split_gain=0.201546 0.897513 0.179828 0.127449 0.12335 0.0593745 0.0789243
threshold=23.856547500000001 2.2313799107805452 2.6990666666666709 64.765000000000015 70.985000000000014 2.6187470000000004 64.166500000000013
decision_type=2 2 2 2 2 2 2
left_child=1 -1 3 -3 5 -2 -7
right_child=4 2 -4 -5 -6 6 -8
leaf_value=-0.0035458519612463798 0 0.00077218356045797632 -0.00079578060522054474 0 0 0.0013905309321786074 0
leaf_weight=96 97 324 296 514 949 220 134
leaf_count=96 97 324 296 514 949 220 134
internal_value=0 -0.000345964 0 0.000206028 0.000275199 0.000757521 0.000967867
internal_weight=2630 1230 1134 838 1400 451 354
internal_count=2630 1230 1134 838 1400 451 354
is_linear=0
shrinkage=0.0355277


Tree=287
num_leaves=11
num_cat=0
split_feature=15 126 136 103 4 120 127 15 88 57
split_gain=0.193801 0.507271 0.571061 0.783775 0.246069 0.326777 0.178836 0.159599 0.19875 0.0236885
threshold=22.554823500000001 465.72500000000008 -0.37499999999999994 5.1402183826764558 4136.2172607363382 374.16500000000002 59.050478541975686 25.945313000000002 31.795000000000005 59.867000000000004
decision_type=2 2 2 2 2 2 2 2 2 2
left_child=1 6 3 -3 5 9 -1 8 -6 -2
right_child=4 2 -4 -5 7 -7 -8 -9 -10 -11
leaf_value=0 0.0019719218119985914 0 0 -0.0044694654699392235 -0.00067488879901377442 0 0.001235005690030885 0.00083096331845103984 0 0
leaf_weight=226 207 95 338 120 713 285 146 175 232 93
leaf_count=226 207 95 338 120 713 285 146 175 232 93
internal_value=0 -0.000427159 -0.0011996 -0.0026277 0.000209052 0.000807589 0.000124988 0 -0.000283753 0.00161506
internal_weight=2630 925 553 215 1705 585 372 1120 945 300
internal_count=2630 925 553 215 1705 585 372 1120 945 300
is_linear=0
shrinkage=0.0355277


Tree=288
num_leaves=9
num_cat=0
split_feature=3 7 3 47 4 127 4 24
split_gain=0.185643 0.208689 0.183303 0.262674 0.122618 0.147756 0.0630783 0.0583363
threshold=58.475000000000001 221.91650000000001 84.575000000000003 72.050000000000026 4140.4174718175937 62.774855354898797 4164.8274385238601 4.8111984296165877
decision_type=2 2 2 2 2 2 2 2
left_child=-1 2 3 -2 5 -3 -6 -4
right_child=1 4 7 -5 6 -7 -8 -9
leaf_value=-0.001336364513316507 0 0 0.00036221191404685912 -0.0013173297809002053 -0.00016616411095108537 0.0011353942106451776 0.00051241172892226396 0
leaf_weight=121 322 95 556 332 378 451 257 118
leaf_count=121 322 95 556 332 378 451 257 118
internal_value=0 5.55294e-05 -0.00013268 -0.000621362 0.000456823 0.000853968 0 1.09976e-05
internal_weight=2630 2509 1328 654 1181 546 635 674
internal_count=2630 2509 1328 654 1181 546 635 674
is_linear=0
shrinkage=0.0355277


Tree=289
num_leaves=9
num_cat=0
split_feature=135 132 137 141 135 47 103 81
split_gain=0.19256 0.3518 0.153204 0.1083 0.041082 0.0219609 0.0232421 0.0194033
threshold=-1.0000000180025095e-35 -5.2966666666666589 -2.9100000000000033 1.6500000000000041 2.5250000000000008 72.290000000000006 1.6191358791937167 29.953333333333344
decision_type=2 2 2 2 2 2 2 2
left_child=1 -1 4 -4 -2 7 -7 -3
right_child=2 5 3 -5 -6 6 -8 -9
leaf_value=-0.0019624088641677128 -0.00034086163123911331 0.00045447374231567583 0 0.0011714144121357313 0.00017114396918344995 0 -0.00034528532851472744 0
leaf_weight=145 414 116 538 312 99 236 467 303
leaf_count=145 414 116 538 312 99 236 467 303
internal_value=0 -0.000328009 0.000278412 0.000591538 0 0 -0.000195307 4.0006e-05
internal_weight=2630 1267 1363 850 513 1122 703 419
internal_count=2630 1267 1363 850 513 1122 703 419
is_linear=0
shrinkage=0.0355277


Tree=290
num_leaves=7
num_cat=0
split_feature=15 18 4 0 24 4
split_gain=0.184444 0.802467 0.250318 0.26933 0.115933 0.15459
threshold=23.856547500000001 2.2313799107805452 4081.5416069707808 31.095000000000002 1.6987062238458319 4140.2573763721566
decision_type=2 2 2 2 2 2
left_child=1 -1 -3 -4 5 -2
right_child=4 2 3 -5 -6 -7
leaf_value=-0.0033540098316869006 0.0015448863542346623 0.0012224627443809097 -0.0010294196498373067 0 0 0
leaf_weight=96 179 158 382 594 626 595
leaf_count=96 179 158 382 594 626 595
internal_value=0 -0.000328113 0 -0.000269041 0.000266379 0.000561742
internal_weight=2630 1230 1134 976 1400 774
internal_count=2630 1230 1134 976 1400 774
is_linear=0
shrinkage=0.0355277


Tree=291
num_leaves=9
num_cat=0
split_feature=135 3 130 93 15 120 80 138
split_gain=0.181149 0.516432 0.128009 0.230383 0.182655 0.225494 0.128169 0.0820365
threshold=-0.9250000000000006 70.645000000000024 -1.1211333333333344 30.29666666666667 22.554823500000001 239.48000000000005 0.0015766666666666639 -0.52999999999999392
decision_type=2 2 2 2 2 2 2 2
left_child=1 -1 3 -2 5 -4 -5 -6
right_child=2 -3 4 6 7 -7 -8 -9
leaf_value=-0.0024324297380463838 0 0 0 0.0013352108247049279 0 -0.0017053765008226164 0 0.00047851995935421635
leaf_weight=135 461 465 129 365 291 165 93 526
leaf_count=135 461 465 129 365 291 165 93 526
internal_value=0 -0.00054751 0.00015199 0.000474923 0 -0.000841438 0.00103759 0.000148882
internal_weight=2630 600 2030 919 1111 294 458 817
internal_count=2630 600 2030 919 1111 294 458 817
is_linear=0
shrinkage=0.0355277


Tree=292
num_leaves=7
num_cat=0
split_feature=22 141 103 15 132 4
split_gain=0.178751 0.308985 0.466252 0.276771 0.128235 0.0947654
threshold=53.980633150000003 2.2250000000000001 5.1822465651655181 22.139544000000004 -8.5193333333333268 4082.553675312161
decision_type=2 2 2 2 2 2
left_child=3 4 -3 -1 -2 -6
right_child=1 2 -4 -5 5 -7
leaf_value=-0.0021828651748989308 -0.001192261914916881 0 0.0024872704731250805 0 0.00090867309610745482 0
leaf_weight=110 108 248 156 210 139 1659
leaf_count=110 108 248 156 210 139 1659
internal_value=0 9.93834e-05 0.00100367 -0.000788787 0 0
internal_weight=2630 2310 404 320 1906 1798
internal_count=2630 2310 404 320 1906 1798
is_linear=0
shrinkage=0.0355277


Tree=293
num_leaves=8
num_cat=0
split_feature=85 132 134 15 4 0 127
split_gain=0.173352 0.524215 0.151299 0.2439 0.180302 0.222231 0.190182
threshold=27.966428571428576 0.31750000000000261 -9.9477500000000116 22.621362000000008 4132.5778935722201 33.895000000000003 59.050478541975686
decision_type=2 2 2 2 2 2 2
left_child=1 -1 3 -2 6 -6 -4
right_child=2 -3 4 -5 5 -7 -8
leaf_value=-0.0029482180407669851 -0.0018683068148023672 0 0 0 -0.00020400963449486589 0.0015689936188587959 0.0010244829478071428
leaf_weight=94 93 106 244 516 886 93 598
leaf_count=94 93 106 244 516 886 93 598
internal_value=0 -0.00100122 7.14612e-05 -0.000246124 0.00030159 0 0.000681466
internal_weight=2630 200 2430 609 1821 979 842
internal_count=2630 200 2430 609 1821 979 842
is_linear=0
shrinkage=0.0355277


Tree=294
num_leaves=7
num_cat=0
split_feature=135 83 83 115 132 38
split_gain=0.170315 0.372154 0.194035 0.170015 0.0381895 0.0325544
threshold=-1.0000000180025095e-35 1.4300346974603444 0.68980673621930655 23.646489526517755 0.9238333333333274 29.995000000000001
decision_type=2 2 2 2 2 2
left_child=1 4 -2 -4 -1 -6
right_child=2 -3 3 -5 5 -7
leaf_value=-0.0002955451477561949 0 -0.0023979936186291555 0 0.0013003470267497965 0.00036452242044327096 0
leaf_weight=542 949 97 93 321 306 322
leaf_count=542 949 97 93 321 306 322
internal_value=0 -0.000309317 0.000260918 0.000897366 0 2.34662e-05
internal_weight=2630 1267 1363 414 1170 628
internal_count=2630 1267 1363 414 1170 628
is_linear=0
shrinkage=0.0355277


Tree=295
num_leaves=8
num_cat=0
split_feature=132 13 15 7 12 52 3
split_gain=0.170891 0.207234 0.253755 0.24 0.21143 0.207218 0.0247266
threshold=-11.144499999999995 50.334553809348797 24.284724000000001 212.06250000000003 6.9101037140146646 499.17000000000002 84.575000000000003
decision_type=2 2 2 2 2 2 2
left_child=-1 3 5 6 -5 -3 -2
right_child=1 2 -4 4 -6 -7 -8
leaf_value=-0.0013478225095378802 -0.00024343915110258278 -0.0014295639098281761 0 0 0.0010963259956750186 0 0.00012641966110773999
leaf_weight=110 424 306 544 128 644 121 353
leaf_count=110 424 306 544 128 644 121 353
internal_value=0 4.54392e-05 -0.000238355 0.000368633 0.000813062 -0.000931745 0
internal_weight=2630 2520 971 1549 772 427 777
internal_count=2630 2520 971 1549 772 427 777
is_linear=0
shrinkage=0.0355277


Tree=296
num_leaves=9
num_cat=0
split_feature=132 135 15 134 4 9 135 134
split_gain=0.16881 0.739906 0.170762 0.160706 0.12768 0.0834115 0.0722371 0.0657673
threshold=2.4215000000000022 -1.3749999999999998 23.100147500000002 -86.717949999999988 4138.4922476074926 177.18750000000003 2.1500000000000008 43.995850000000011
decision_type=2 2 2 2 2 2 2 2
left_child=1 -1 -2 -4 -5 7 -7 -3
right_child=2 5 3 4 -6 6 -8 -9
leaf_value=-0.0025945785676641559 0 -0.00040033919689673822 0 0.0019557504033103673 0 0 0.0011925418579419489 0
leaf_weight=145 259 763 96 180 325 556 104 202
leaf_count=145 259 763 96 180 325 556 104 202
internal_value=0 -0.000214474 0.000389539 0.000756088 0.00103738 0 0.000312603 -0.000203522
internal_weight=2630 1770 860 601 505 1625 660 965
internal_count=2630 1770 860 601 505 1625 660 965
is_linear=0
shrinkage=0.0355277


Tree=297
num_leaves=8
num_cat=0
split_feature=88 132 15 13 84 3 124
split_gain=0.171959 0.492085 0.334181 0.157105 0.148715 0.0467454 0.0152867
threshold=31.795000000000005 -7.4006666666666687 18.810763000000005 50.334553809348797 29.145000000000007 89.920000000000016 393.64500000000004
decision_type=2 2 2 2 2 2 2
left_child=1 2 -1 4 -3 -5 -2
right_child=6 3 -4 5 -6 -7 -8
leaf_value=-0.0031208404982838631 0.00088466908547393136 0.00071969809058701787 0 -0.00049076184174815744 0 0 0
leaf_weight=105 249 546 103 655 772 97 103
leaf_count=105 249 546 103 655 772 97 103
internal_value=0 -0.000127069 -0.00175404 0 0.000272266 -0.000363548 0.000709553
internal_weight=2630 2278 208 2070 1318 752 352
internal_count=2630 2278 208 2070 1318 752 352
is_linear=0
shrinkage=0.0355277


Tree=298
num_leaves=7
num_cat=0
split_feature=9 137 86 7 44 4
split_gain=0.162679 0.464056 0.167007 0.0647294 0.174626 0.141828
threshold=214.18750000000003 -10.369999999999996 34.945000000000007 156.12500000000003 86.035000000000011 4082.553675312161
decision_type=2 2 2 2 2 2
left_child=1 -1 -2 4 -3 -5
right_child=2 3 -4 5 -6 -7
leaf_value=-0.0023037591397251827 0 -0.0016787833963070949 0.0019232671728333049 0.0010350393460457127 0 0
leaf_weight=114 445 98 93 170 301 1409
leaf_count=114 445 98 93 170 301 1409
internal_value=0 -0.000155045 0.000533688 0 -0.000422623 7.69704e-05
internal_weight=2630 2092 538 1978 399 1579
internal_count=2630 2092 538 1978 399 1579
is_linear=0
shrinkage=0.0355277


Tree=299
num_leaves=9
num_cat=0
split_feature=96 4 31 14 14 31 82 94
split_gain=0.16087 0.158023 0.251194 0.201861 0.191443 0.166111 0.131298 0.0218135
threshold=25.020000000000007 4133.9244288314576 0.13300977955191609 45.166500000000006 67.979500000000016 0.50494235051780223 34.245000000000012 32.845000000000006
decision_type=2 2 2 2 2 2 2 2
left_child=-1 3 6 7 -5 -4 -3 -2
right_child=1 2 5 4 -6 -7 -8 -9
leaf_value=-0.001183687293871156 -0.00033601074939492787 0 -0.0016190261233899126 0.0011203570276802069 0 0 0.00129470308570981 0
leaf_weight=134 238 946 199 546 246 107 93 121
leaf_count=134 238 946 199 546 246 107 93 121
internal_value=0 5.32086e-05 -8.72181e-05 0.00041189 0.000751886 -0.0010245 0 0
internal_weight=2630 2496 1345 1151 792 306 1039 359
internal_count=2630 2496 1345 1151 792 306 1039 359
is_linear=0
shrinkage=0.0355277


Tree=300
num_leaves=9
num_cat=0
split_feature=141 81 130 93 15 120 66 138
split_gain=0.160486 0.337933 0.11418 0.242268 0.143554 0.134619 0.0900655 0.0512356
threshold=0.22500000000000145 28.011666666666674 -0.93738333333333379 30.29666666666667 23.100147500000002 236.35500000000002 198.06250000000003 -0.52999999999999392
decision_type=2 2 2 2 2 2 2 2
left_child=1 -1 3 -2 5 -4 -5 -6
right_child=2 -3 4 6 7 -7 -8 -9
leaf_value=-0.0023985054209130631 0 0 0 0 0 -0.0013096125449915041 0.0013282741648908249 0.0004205713959415409
leaf_weight=96 469 578 152 94 250 188 338 465
leaf_count=96 469 578 152 94 250 188 338 465
internal_value=0 -0.000484327 0.000148202 0.000454353 0 -0.000685612 0.0010611 0.000160702
internal_weight=2630 674 1956 901 1055 340 432 715
internal_count=2630 674 1956 901 1055 340 432 715
is_linear=0
shrinkage=0.0355277


Tree=301
num_leaves=8
num_cat=0
split_feature=15 18 4 131 24 132 15
split_gain=0.155856 0.675487 0.227591 0.218127 0.100887 0.091965 0.078708
threshold=23.856547500000001 2.2313799107805452 4081.5416069707808 2.4675000000000016 2.4476182178211503 -0.22516666666666649 25.616795000000007
decision_type=2 2 2 2 2 2 2
left_child=1 -1 -3 -4 5 -2 -7
right_child=4 2 3 -5 -6 6 -8
leaf_value=-0.0030847755682566909 0 0.0011604091199146501 -0.00060334461786559627 0.00044963412136271792 0 0 0.0014261054176376623
leaf_weight=96 451 158 873 103 285 462 202
leaf_count=96 451 158 873 103 285 462 202
internal_value=0 -0.000307341 0 -0.000260471 0.000238526 0.000430083 0.000694834
internal_weight=2630 1230 1134 976 1400 1115 664
internal_count=2630 1230 1134 976 1400 1115 664
is_linear=0
shrinkage=0.0355277


Tree=302
num_leaves=7
num_cat=0
split_feature=135 96 136 4 15 130
split_gain=0.154244 0.486628 0.155952 0.103097 0.242307 0.113273
threshold=1.7999999999999992 25.020000000000007 0.77499999999999869 4133.9244288314576 24.864905500000003 5.1208666666666725
decision_type=2 2 2 2 2 2
left_child=1 -1 -2 5 -5 -3
right_child=2 3 -4 4 -6 -7
leaf_value=-0.0025172792825063068 0 0.0004969589124245666 0.0014822193139462706 -0.00078002004734119344 0 0
leaf_weight=95 93 863 161 593 620 205
leaf_count=95 93 863 161 593 620 205
internal_value=0 -0.000102311 0.000808237 0 -0.000219124 0.000258228
internal_weight=2630 2376 254 2281 1213 1068
internal_count=2630 2376 254 2281 1213 1068
is_linear=0
shrinkage=0.0355277


Tree=303
num_leaves=8
num_cat=0
split_feature=88 132 103 57 44 103 9
split_gain=0.158477 0.442511 0.371206 0.126784 0.308606 0.158671 0.0197797
threshold=31.795000000000005 -7.4006666666666687 5.8744734174096722 22.181500000000003 81.640000000000015 3.6123617520590003 177.18750000000003
decision_type=2 2 2 2 2 2 2
left_child=1 2 -1 5 -5 -3 -2
right_child=6 3 -4 4 -6 -7 -8
leaf_value=0 0 0 -0.0031356520912369703 -0.00075151029588325664 0.00013115801438319362 0.0010369515940205402 0.00085516789461064445
leaf_weight=106 96 172 102 693 895 310 256
leaf_count=106 96 172 102 693 895 310 256
internal_value=0 -0.000121098 -0.00166381 0 -0.000113867 0.000534471 0.00068218
internal_weight=2630 2278 208 2070 1588 482 352
internal_count=2630 2278 208 2070 1588 482 352
is_linear=0
shrinkage=0.0355277


Tree=304
num_leaves=8
num_cat=0
split_feature=135 96 83 115 4 139 82
split_gain=0.151479 0.42625 0.169281 0.154848 0.0779378 0.0465794 0.01876
threshold=-1.0000000180025095e-35 26.095000000000002 0.68980673621930655 23.646489526517755 4139.1611814432054 27.81000000000002 31.295000000000005
decision_type=2 2 2 2 2 2 2
left_child=1 -1 -2 -4 5 -3 -6
right_child=2 4 3 -5 6 -7 -8
leaf_value=-0.0022711091796285875 0 0 0 0.0012297137078116493 0 0.00052020760106441738 -0.00058130000850620375
leaf_weight=119 949 454 93 321 116 268 310
leaf_count=119 949 454 93 321 116 268 310
internal_value=0 -0.000288625 0.00024943 0.000843644 0 0.000145076 -0.000438539
internal_weight=2630 1267 1363 414 1148 722 426
internal_count=2630 1267 1363 414 1148 722 426
is_linear=0
shrinkage=0.0355277


Tree=305
num_leaves=8
num_cat=0
split_feature=9 137 4 7 44 4 4
split_gain=0.151068 0.402279 0.102598 0.0598295 0.155496 0.133932 0.0308679
threshold=214.18750000000003 -10.369999999999996 4166.263708809839 156.12500000000003 86.035000000000011 4082.553675312161 4138.9164495520909
decision_type=2 2 2 2 2 2 2
left_child=1 -1 6 4 -3 -5 -2
right_child=2 3 -4 5 -6 -7 -8
leaf_value=-0.0021488342562762811 0.00049213888304158184 -0.0015934103818005304 0.0013812130265778225 0.0010035719972251239 0 0 0
leaf_weight=114 155 98 138 170 301 1409 245
leaf_count=114 155 98 138 170 301 1409 245
internal_value=0 -0.000147627 0.000516273 0 -0.000408147 7.13738e-05 0
internal_weight=2630 2092 538 1978 399 1579 400
internal_count=2630 2092 538 1978 399 1579 400
is_linear=0
shrinkage=0.0355277


Tree=306
num_leaves=9
num_cat=0
split_feature=141 96 4 90 31 136 137 42
split_gain=0.149089 0.68344 0.237799 0.224368 0.170292 0.121953 0.0898157 0.033297
threshold=0.95000000000000118 26.320000000000004 4131.1355049889635 31.095000000000002 0.13300977955191609 1.9999999999999984 -3.1600000000000033 29.545000000000005
decision_type=2 2 2 2 2 2 2 2
left_child=1 -1 3 -2 5 -4 -6 -5
right_child=2 -3 4 7 6 -7 -8 -9
leaf_value=-0.0026903247884424264 0 0 0 0 -0.0016946666762866422 0.0012301328951717276 0 0.0017631004196014737
leaf_weight=127 180 1232 431 95 101 110 130 224
leaf_count=127 180 1232 431 95 101 110 130 224
internal_value=0 -0.00026935 0.000264253 0.00087814 0 0.000197827 -0.000903935 0.0014388
internal_weight=2630 1359 1271 499 772 541 231 319
internal_count=2630 1359 1271 499 772 541 231 319
is_linear=0
shrinkage=0.0355277


Tree=307
num_leaves=7
num_cat=0
split_feature=19 15 0 4 31 15
split_gain=0.147365 0.161561 0.127531 0.315866 0.337492 0.16985
threshold=0.038839733134201977 24.690565500000002 33.945000000000007 4151.6098769712398 -0.32533003375364639 22.621362000000008
decision_type=2 2 2 2 2 2
left_child=1 -1 3 5 -5 -2
right_child=2 -3 -4 4 -6 -7
leaf_value=-0.0019712585419116185 0 0 0.0012635029485359441 0 -0.0021989988803958788 0.00055065951516328031
leaf_weight=92 853 95 101 344 146 999
leaf_count=92 853 95 101 344 146 999
internal_value=0 -0.000956281 6.27253e-05 0 -0.000788606 0.00022048
internal_weight=2630 187 2443 2342 490 1852
internal_count=2630 187 2443 2342 490 1852
is_linear=0
shrinkage=0.0355277


Tree=308
num_leaves=9
num_cat=0
split_feature=85 129 130 15 115 112 117 24
split_gain=0.14287 0.469861 0.151004 0.312216 0.167665 0.189202 0.0297529 0.0160794
threshold=27.966428571428576 12.083499999999988 2.6990666666666709 24.335983000000002 16.756492745799829 70.060000000000016 290.64071428571441 2.4476182178211503
decision_type=2 2 2 2 2 2 2 2
left_child=1 -1 4 6 -2 -6 -4 -5
right_child=2 -3 3 7 5 -7 -8 -9
leaf_value=0 0 -0.0026134965912148144 0 0.00023524114738895046 0.00088603366971524761 0 -0.0012362346972453664 0
leaf_weight=94 242 106 92 395 794 480 290 137
leaf_count=94 242 106 92 395 794 480 290 137
internal_value=0 -0.000911456 6.18183e-05 -0.0001561 0.000341511 0.000551394 -0.0010339 5.92411e-05
internal_weight=2630 200 2430 914 1516 1274 382 532
internal_count=2630 200 2430 914 1516 1274 382 532
is_linear=0
shrinkage=0.0355277


Tree=309
num_leaves=9
num_cat=0
split_feature=15 94 103 14 134 15 88 15
split_gain=0.146396 0.441216 0.153221 0.104575 0.0278276 0.0222639 0.0376559 0.0217229
threshold=21.479134500000004 31.445000000000004 5.6939458082358803 51.187500000000007 8.3661166666666578 26.1771645 31.795000000000005 23.035443000000001
decision_type=2 2 2 2 2 2 2 2
left_child=1 -1 5 4 -3 6 -2 -4
right_child=2 3 7 -5 -6 -7 -8 -9
leaf_value=-0.0024703955562541723 -0.00018544657005612757 0 0 -0.00075787961562480725 0.00046469694926540804 0.00051021386570040104 7.0101510954639925e-05 0.0014244978947938903
leaf_weight=109 1340 154 98 181 271 102 252 123
leaf_count=109 1340 154 98 181 271 102 252 123
internal_value=0 -0.000447108 0.000145524 0 0.00023925 0 -3.72248e-06 0.00101577
internal_weight=2630 715 1915 606 425 1694 1592 221
internal_count=2630 715 1915 606 425 1694 1592 221
is_linear=0
shrinkage=0.0355277


Tree=310
num_leaves=9
num_cat=0
split_feature=141 3 4 94 126 31 0 137
split_gain=0.140917 0.307893 0.169518 0.227109 0.228139 0.185764 0.156 0.100694
threshold=0.22500000000000145 70.645000000000024 4131.1355049889635 31.445000000000004 421.04500000000002 0.13300977955191609 33.645000000000003 0.034999999999996596
decision_type=2 2 2 2 2 2 2 2
left_child=1 -1 3 -2 -5 6 -4 -7
right_child=2 -3 5 4 -6 7 -8 -9
leaf_value=-0.0018229364070348306 0 0 0 0 0.0014311174419882658 -0.0013739329330418795 0.0014565171040728606 0
leaf_weight=153 241 521 810 115 398 180 92 120
leaf_count=153 241 521 810 115 398 180 92 120
internal_value=0 -0.000452655 0.000140206 0.00057649 0.0010194 0 0.000108631 -0.000855317
internal_weight=2630 674 1956 754 513 1202 902 300
internal_count=2630 674 1956 754 513 1202 902 300
is_linear=0
shrinkage=0.0355277


Tree=311
num_leaves=8
num_cat=0
split_feature=88 132 103 57 44 103 9
split_gain=0.140568 0.404909 0.339569 0.105935 0.31178 0.164031 0.0144702
threshold=31.795000000000005 -7.4006666666666687 5.8744734174096722 22.854500000000005 81.640000000000015 3.6123617520590003 177.18750000000003
decision_type=2 2 2 2 2 2 2
left_child=1 2 -1 5 -5 -3 -2
right_child=6 3 -4 4 -6 -7 -8
leaf_value=0 0 0 -0.0030003855622524546 -0.00077313535759796501 0.0001294805300641113 0.00097736462712765936 0.00079217968360518933
leaf_weight=106 96 186 102 659 894 331 256
leaf_count=106 96 186 102 659 894 331 256
internal_value=0 -0.000117177 -0.00159259 0 -0.000110308 0.00046846 0.00063888
internal_weight=2630 2278 208 2070 1553 517 352
internal_count=2630 2278 208 2070 1553 517 352
is_linear=0
shrinkage=0.0355277


Tree=312
num_leaves=7
num_cat=0
split_feature=131 125 83 4 14 117
split_gain=0.14274 0.28131 0.269374 0.0657076 0.176248 0.089272
threshold=2.3149999999999999 356.77100000000007 1.3203534880224688 4136.345744979174 45.395500000000006 464.12214285714293
decision_type=2 2 2 2 2 2
left_child=2 -2 3 4 -1 -5
right_child=1 -3 -4 5 -6 -7
leaf_value=-4.8071584569889918e-05 0.0022644290210628577 0 -0.0014350241364808748 -0.00051994024026830925 0.00055646190454038439 0
leaf_weight=364 95 93 168 548 858 504
leaf_count=364 95 93 168 548 858 504
internal_value=0 0.000914506 -8.58345e-05 0 0.000193317 -0.000187146
internal_weight=2630 188 2442 2274 1222 1052
internal_count=2630 188 2442 2274 1222 1052
is_linear=0
shrinkage=0.0355277


Tree=313
num_leaves=10
num_cat=0
split_feature=15 124 93 112 92 80 25 2 38
split_gain=0.140628 0.390621 0.636383 0.137779 0.0725726 0.0519017 0.0826391 0.0139145 0.0111487
threshold=21.479134500000004 215.62500000000003 29.831666666666671 68.250000000000014 28.545000000000005 0.0029666666666666526 2.9242540000000004 5.871150000000001 30.845000000000002
decision_type=2 2 2 2 2 2 2 2 2
left_child=1 4 -3 5 -1 6 -2 -4 -5
right_child=3 2 7 8 -6 -7 -8 -9 -10
leaf_value=0.00074997235715540986 0 -0.0035331555407756218 -0.00039273758606772521 0 0 0 0.0015688341283402257 0 -0.00020258946781585643
leaf_weight=157 507 109 108 811 99 110 150 242 337
leaf_count=157 507 109 108 811 99 110 150 242 337
internal_value=0 -0.000436908 -0.00116474 0.000144121 3.5787e-06 0.000525966 0.000649136 0 0
internal_weight=2630 715 459 1915 256 767 657 350 1148
internal_count=2630 715 459 1915 256 767 657 350 1148
is_linear=0
shrinkage=0.0355277


Tree=314
num_leaves=7
num_cat=0
split_feature=135 137 136 7 115 132
split_gain=0.135269 0.500595 0.14274 0.0595127 0.0715871 0.0198443
threshold=1.7999999999999992 -10.369999999999996 0.77499999999999869 156.12500000000003 42.395486394331975 2.4215000000000022
decision_type=2 2 2 2 2 2
left_child=1 -1 -2 5 -5 -3
right_child=2 3 -4 4 -6 -7
leaf_value=-0.0025092574521589422 0 -0.00065966764387170819 0.0014036834897586707 0 0.00035822068382133861 0
leaf_weight=98 93 184 161 1052 835 207
leaf_count=98 93 184 161 1052 835 207
internal_value=0 -9.63794e-05 0.00075623 0 9.62705e-05 -0.000380885
internal_weight=2630 2376 254 2278 1887 391
internal_count=2630 2376 254 2278 1887 391
is_linear=0
shrinkage=0.0355277


Tree=315
num_leaves=7
num_cat=0
split_feature=22 141 103 100 103 130
split_gain=0.133882 0.241396 0.414884 0.203562 0.0935662 0.0499378
threshold=53.980633150000003 2.2250000000000001 5.1822465651655181 68.120000000000019 7.9253107678189325 5.0407000000000002
decision_type=2 2 2 2 2 2
left_child=3 4 -3 -1 5 -2
right_child=1 2 -4 -5 -6 -7
leaf_value=-0.0019343151620841148 0.00018429878774837654 0 0.0022823997889125226 0 -0.0010820621833675294 -0.00019061096313745702
leaf_weight=104 1343 248 156 216 95 468
leaf_count=104 1343 248 156 216 95 468
internal_value=0 8.00845e-05 0.000882971 -0.000687752 0 0
internal_weight=2630 2310 404 320 1906 1811
internal_count=2630 2310 404 320 1906 1811
is_linear=0
shrinkage=0.0355277


Tree=316
num_leaves=9
num_cat=0
split_feature=15 90 130 3 112 4 139 141
split_gain=0.133125 0.614508 0.205962 0.0938203 0.0913108 0.0462838 0.0347373 0.0362261
threshold=23.856547500000001 30.645000000000007 1.9068500000000059 64.765000000000015 70.985000000000014 4129.1863174478558 86.770000000000024 0.8499999999999962
decision_type=2 2 2 2 2 2 2 2
left_child=1 -1 3 -3 6 -4 7 -2
right_child=4 2 5 -5 -6 -7 -8 -9
leaf_value=-0.002671049992763532 0 0.00073304285066457344 0 0 0 -0.0012980051819912516 0 0.0011302004414294469
leaf_weight=117 151 334 173 461 949 145 93 207
leaf_count=117 151 334 173 461 949 145 93 207
internal_value=0 -0.000285807 0 0.000283145 0.000218437 -0.000777467 0.000631742 0.000788418
internal_weight=2630 1230 1113 795 1400 318 451 358
internal_count=2630 1230 1113 795 1400 318 451 358
is_linear=0
shrinkage=0.0355277


Tree=317
num_leaves=9
num_cat=0
split_feature=132 0 15 24 130 3 7 127
split_gain=0.133248 0.548319 0.146758 0.136477 0.10005 0.333584 0.0917492 0.0618981
threshold=2.3335000000000012 27.845000000000002 23.100147500000002 4.2730998294342895 -1.1759166666666638 64.765000000000015 239.12500000000003 135.49335926608595
decision_type=2 2 2 2 2 2 2 2
left_child=1 -1 -2 7 5 -3 -6 -4
right_child=2 4 3 -5 6 -7 -8 -9
leaf_value=-0.0026056859976898955 0 0.0013356646204384771 0.0011196572319024962 0 -0.00069269790524318265 0 0 0
leaf_weight=106 262 254 422 92 410 652 328 104
leaf_count=106 262 254 422 92 410 652 328 104
internal_value=0 -0.000195972 0.000337245 0.000677069 0 0.000216007 -0.000335516 0.000928226
internal_weight=2630 1750 880 618 1644 906 738 526
internal_count=2630 1750 880 618 1644 906 738 526
is_linear=0
shrinkage=0.0355277


Tree=318
num_leaves=8
num_cat=0
split_feature=15 93 47 15 31 14 13
split_gain=0.134682 0.338746 0.124558 0.0963507 0.0888606 0.0639402 0.0840506
threshold=20.563695000000003 29.376666666666669 72.50500000000001 26.206834500000006 -0.16705162550211936 45.166500000000006 54.071770921134366
decision_type=2 2 2 2 2 2 2
left_child=1 -1 5 4 -4 -2 -7
right_child=2 -3 3 -5 -6 6 -8
leaf_value=-0.0022345855639894878 0 0 0 0.00097491669655060174 -0.00055298963484081407 0.0010862929241397654 0
leaf_weight=109 93 419 1018 96 442 306 147
leaf_count=109 93 419 1018 96 442 306 147
internal_value=0 -0.000522953 0.000106698 0 -0.000130057 0.000573035 0.000755515
internal_weight=2630 528 2102 1556 1460 546 453
internal_count=2630 528 2102 1556 1460 546 453
is_linear=0
shrinkage=0.0355277


Tree=319
num_leaves=10
num_cat=0
split_feature=15 126 136 103 4 120 103 15 93
split_gain=0.130917 0.383246 0.416174 0.608665 0.198999 0.261251 0.143617 0.120535 0.0972528
threshold=22.554823500000001 465.72500000000008 -0.37499999999999994 5.1402183826764558 4136.2172607363382 374.16500000000002 4.6029535025202462 25.945313000000002 32.460833333333341
decision_type=2 2 2 2 2 2 2 2 2
left_child=1 6 3 -3 5 -2 -1 8 -6
right_child=4 2 -4 -5 7 -7 -8 -9 -10
leaf_value=0 0.0014318212134981944 0 0 -0.003880386646382572 -0.00054161622086927358 0 0.0011301599915155855 0.00067055201263526614 0
leaf_weight=235 300 95 338 120 654 285 137 175 291
leaf_count=235 300 95 338 120 654 285 137 175 291
internal_value=0 -0.000357726 -0.00103758 -0.00225886 0.000164194 0.000709343 5.6401e-05 0 -0.000272902
internal_weight=2630 925 553 215 1705 585 372 1120 945
internal_count=2630 925 553 215 1705 585 372 1120 945
is_linear=0
shrinkage=0.0355277


Tree=320
num_leaves=8
num_cat=0
split_feature=3 47 4 15 66 4 15
split_gain=0.126942 0.160486 0.303585 0.189365 0.309482 0.0857751 0.0682035
threshold=58.475000000000001 72.050000000000026 4080.6100962102255 23.856547500000001 220.12500000000003 4100.6291649034083 26.206834500000006
decision_type=2 2 2 2 2 2 2
left_child=-1 2 -2 4 -3 -4 -5
right_child=1 3 5 6 -6 -7 -8
leaf_value=-0.0011116514639077507 0.0021984260427419596 -0.0018001345075156867 -0.00036191162692805393 0 0 0.00039256613443363318 0.00091929291711949032
leaf_weight=121 115 190 182 1174 215 537 96
leaf_count=121 115 190 182 1174 215 537 96
internal_value=0 3.70392e-05 0.00048917 -5.48093e-05 -0.000770737 0 0
internal_weight=2630 2509 834 1675 405 719 1270
internal_count=2630 2509 834 1675 405 719 1270
is_linear=0
shrinkage=0.0355277


Tree=321
num_leaves=9
num_cat=0
split_feature=135 96 141 4 137 15 139 4
split_gain=0.127721 0.316846 0.110705 0.0663213 0.0561066 0.0431783 0.042067 0.0159049
threshold=-1.0000000180025095e-35 26.095000000000002 3.2499999999999987 4139.1611814432054 -2.9100000000000033 23.100147500000002 27.81000000000002 4167.8055197238618
decision_type=2 2 2 2 2 2 2 2
left_child=1 -1 4 6 -2 -6 -3 -5
right_child=2 3 -4 7 5 -7 -8 -9
leaf_value=-0.0019916453468664685 -0.00022184176160036201 0 0.0010720528379228218 -0.00053096232413227143 0 0.0004223661657597001 0.00047547686862284782 0
leaf_weight=119 406 454 173 331 201 583 268 95
leaf_count=119 406 454 173 331 201 583 268 95
internal_value=0 -0.000273731 0.000219308 0 0 0.000252977 0.000110065 -0.000416437
internal_weight=2630 1267 1363 1148 1190 784 722 426
internal_count=2630 1267 1363 1148 1190 784 722 426
is_linear=0
shrinkage=0.0355277


Tree=322
num_leaves=9
num_cat=0
split_feature=141 38 38 0 126 103 42 119
split_gain=0.123758 0.434107 0.118539 0.160458 0.12175 0.0838052 0.0740857 0.015955
threshold=0.95000000000000118 27.495000000000001 30.795000000000005 33.945000000000007 475.41500000000002 3.0061068504313768 29.595000000000002 73.994462767689285
decision_type=2 2 2 2 2 2 2 2
left_child=1 -1 5 4 -4 -2 -7 -3
right_child=2 7 3 -5 -6 6 -8 -9
leaf_value=-0.0024619900755930486 0 -0.00014903299735000703 0 0.0011479435375695145 -0.00072449427549252929 0 0.0017153274770766067 6.9336586030218942e-05
leaf_weight=99 347 800 144 98 412 134 136 460
leaf_count=99 347 800 144 98 412 134 136 460
internal_value=0 -0.000253491 0.00023163 0 -0.000341847 0.000591779 0.00108358 0
internal_weight=2630 1359 1271 654 556 617 270 1260
internal_count=2630 1359 1271 654 556 617 270 1260
is_linear=0
shrinkage=0.0355277


Tree=323
num_leaves=8
num_cat=0
split_feature=15 94 24 4 14 43 134
split_gain=0.122246 0.342291 0.125376 0.125739 0.0667888 0.0339594 0.0284455
threshold=21.563216500000003 31.445000000000004 1.6504729652417292 4139.3890880168065 51.187500000000007 31.195000000000004 8.3661166666666578
decision_type=2 2 2 2 2 2 2
left_child=1 -1 3 -2 6 -5 -3
right_child=2 4 -4 5 -6 -7 -8
leaf_value=-0.0021628959925335711 0.00089547281974041706 0 0 -0.00019886198355545349 -0.00060773401343277829 0.00025374407063409474 0.00041525262238419265
leaf_weight=112 433 161 715 230 188 515 276
leaf_count=112 433 161 715 230 188 515 276
internal_value=0 -0.000400826 0.000135671 0.000403977 0 0 0.000169336
internal_weight=2630 737 1893 1178 625 745 437
internal_count=2630 737 1893 1178 625 745 437
is_linear=0
shrinkage=0.0355277


Tree=324
num_leaves=7
num_cat=0
split_feature=22 52 0 4 14 88
split_gain=0.119284 0.19434 0.171803 0.153999 0.149799 0.0933017
threshold=53.980633150000003 370.93500000000006 33.845000000000006 4151.6098769712398 45.521000000000008 31.795000000000005
decision_type=2 2 2 2 2 2
left_child=1 -1 3 4 -2 -5
right_child=2 -3 -4 5 -6 -7
leaf_value=-0.0016285055214782908 -0.00016571958133628796 0 0.0014762060813465602 -0.00098704879981417813 0.00038935396444015751 0
leaf_weight=139 397 181 99 276 1416 122
leaf_count=139 397 181 99 276 1416 122
internal_value=0 -0.000652856 7.09912e-05 0 0.000143653 -0.000623186
internal_weight=2630 320 2310 2211 1813 398
internal_count=2630 320 2310 2211 1813 398
is_linear=0
shrinkage=0.0355277


Tree=325
num_leaves=8
num_cat=0
split_feature=3 47 115 15 96 130 15
split_gain=0.12043 0.150004 0.187517 0.174052 0.184032 0.0892357 0.062589
threshold=58.475000000000001 72.050000000000026 38.218227610098261 24.266088000000007 30.295000000000005 4.2406500000000023 26.206834500000006
decision_type=2 2 2 2 2 2 2
left_child=-1 2 -2 4 -3 -4 -5
right_child=1 3 5 6 -6 -7 -8
leaf_value=-0.0010843381904947398 0 -0.0010186153341101474 0.0014002901068281665 0 0 0 0.00088686958132548166
leaf_weight=121 463 433 268 1041 105 103 96
leaf_count=121 463 433 268 1041 105 103 96
internal_value=0 3.36031e-05 0.000472719 -5.17305e-05 -0.000640433 0.00106115 3.13218e-05
internal_weight=2630 2509 834 1675 538 371 1137
internal_count=2630 2509 834 1675 538 371 1137
is_linear=0
shrinkage=0.0355277


Tree=326
num_leaves=9
num_cat=0
split_feature=141 96 4 31 42 131 41 137
split_gain=0.121046 0.536043 0.22041 0.153414 0.114055 0.100491 0.077288 0.0690207
threshold=0.95000000000000118 26.320000000000004 4131.1355049889635 0.13300977955191609 28.595000000000002 1.7200000000000009 29.595000000000002 -3.1600000000000033
decision_type=2 2 2 2 2 2 2 2
left_child=1 -1 4 5 -2 -4 -6 -5
right_child=2 -3 3 7 6 -7 -8 -9
leaf_value=-0.0023951837227585357 0 0 0 -0.001584596339244958 0 0.001120781279875911 0.0016682682380989937 0
leaf_weight=127 159 1232 436 101 135 105 205 130
leaf_count=127 159 1232 436 101 135 105 205 130
internal_value=0 -0.000250495 0.000229316 0 0.000827069 0.000150729 0.00118943 -0.000874679
internal_weight=2630 1359 1271 772 499 541 340 231
internal_count=2630 1359 1271 772 499 541 340 231
is_linear=0
shrinkage=0.0355277


Tree=327
num_leaves=10
num_cat=0
split_feature=15 126 136 103 112 103 112 71 38
split_gain=0.116485 0.34266 0.377296 0.558143 0.160884 0.124314 0.049888 0.0415547 0.0103092
threshold=22.554823500000001 465.72500000000008 -0.4000000000000003 5.1402183826764558 69.975000000000009 4.6029535025202462 50.320000000000007 10.085000000000003 30.845000000000002
decision_type=2 2 2 2 2 2 2 2 2
left_child=1 5 3 -3 6 -1 -2 -8 -6
right_child=4 2 -4 -5 8 -7 7 -9 -10
leaf_value=0 0 0 0 -0.0037403968917211865 0 0.0010486919602411475 0 0.00092431978286549525 -0.00021007134647817215
leaf_weight=235 108 93 343 117 786 137 107 415 289
leaf_count=235 108 93 343 117 786 137 107 415 289
internal_value=0 -0.000337364 -0.000981382 -0.00216785 0.000154961 2.34454e-05 0.000619653 0.000762771 0
internal_weight=2630 925 553 210 1705 372 630 522 1075
internal_count=2630 925 553 210 1705 372 630 522 1075
is_linear=0
shrinkage=0.0355277


Tree=328
num_leaves=10
num_cat=0
split_feature=138 115 15 24 14 3 3 9 19
split_gain=0.112375 0.584724 0.123059 0.146265 0.125121 0.0701655 0.0894828 0.0233507 0.0179757
threshold=-0.52999999999999392 98.059078158094948 22.909811000000001 4.8111984296165877 69.854500000000002 63.930000000000007 58.475000000000001 221.54150000000001 0.077470122300779973
decision_type=2 2 2 2 2 2 2 2 2
left_child=1 5 8 4 -4 6 -1 -7 -2
right_child=2 -3 3 -5 -6 7 -8 -9 -10
leaf_value=0 0 -0.0025401414366411617 0.0011326227285105293 0 0 -0.00027634464543384931 0.00097100461173420076 0 -0.00025875918837587372
leaf_weight=98 102 122 425 102 439 687 183 139 333
leaf_count=98 102 122 425 102 439 687 183 139 333
internal_value=0 -0.000265412 0.000197458 0.000465044 0.000673694 0 0.000476472 -0.000167855 0
internal_weight=2630 1229 1401 966 864 1107 281 826 435
internal_count=2630 1229 1401 966 864 1107 281 826 435
is_linear=0
shrinkage=0.0355277


Tree=329
num_leaves=9
num_cat=0
split_feature=15 90 130 4 86 3 15 4
split_gain=0.107601 0.490268 0.181927 0.0880758 0.171239 0.0820981 0.0477428 0.046334
threshold=23.856547500000001 30.645000000000007 1.9068500000000059 4138.4922476074926 29.245000000000001 64.765000000000015 26.1771645 4129.1863174478558
decision_type=2 2 2 2 2 2 2 2
left_child=1 -1 5 4 -2 -3 -5 -4
right_child=3 2 7 6 -6 -7 -8 -9
leaf_value=-0.002391792797614721 0 0.00068276711183647804 0 -0.00013725746271462834 0.0011150797262995552 0 0.00064800723378994566 -0.0012435548281486926
leaf_weight=117 253 334 173 744 299 461 104 145
leaf_count=117 253 334 173 744 299 461 104 145
internal_value=0 -0.000260794 0 0.000191879 0.000540428 0.000261608 0 -0.000734707
internal_weight=2630 1230 1113 1400 552 795 848 318
internal_count=2630 1230 1113 1400 552 795 848 318
is_linear=0
shrinkage=0.0355277


Tree=330
num_leaves=9
num_cat=0
split_feature=141 3 4 31 90 126 0 137
split_gain=0.115514 0.265925 0.159499 0.173989 0.134929 0.132885 0.119118 0.0759664
threshold=0.22500000000000145 70.645000000000024 4131.1355049889635 0.13300977955191609 31.095000000000002 421.04500000000002 33.645000000000003 0.034999999999996596
decision_type=2 2 2 2 2 2 2 2
left_child=1 -1 4 6 -2 -6 -4 -5
right_child=2 -3 3 7 5 -7 -8 -9
leaf_value=-0.0016916358221992693 0 0 0 -0.0012919404566826206 0 0.0012406274591830171 0.0012609941233265986 0
leaf_weight=153 284 521 810 180 108 362 92 120
leaf_count=153 284 521 810 180 108 362 92 120
internal_value=0 -0.000418305 0.000116969 0 0.000547968 0.000915077 7.61602e-05 -0.000837128
internal_weight=2630 674 1956 1202 754 470 902 300
internal_count=2630 674 1956 1202 754 470 902 300
is_linear=0
shrinkage=0.0355277


Tree=331
num_leaves=8
num_cat=0
split_feature=3 9 3 104 130 115 24
split_gain=0.109322 0.12072 0.156439 0.13279 0.0765224 0.0929395 0.0617918
threshold=58.475000000000001 177.54150000000001 82.520000000000024 61.82500000000001 0.48431666666666123 20.330321471839465 4.8111984296165877
decision_type=2 2 2 2 2 2 2
left_child=-1 2 3 -2 5 -3 -4
right_child=1 4 6 -5 -6 -7 -8
leaf_value=-0.0010347067876408454 0 0 0.00033199648364951327 -0.00090854796910745596 0 0.00097536525297489327 0
leaf_weight=121 221 108 729 439 516 376 120
leaf_count=121 221 108 729 439 516 376 120
internal_value=0 2.93196e-05 -5.83159e-05 -0.000547516 0.000385376 0.000708607 5.92729e-05
internal_weight=2630 2509 1509 660 1000 484 849
internal_count=2630 2509 1509 660 1000 484 849
is_linear=0
shrinkage=0.0355277


Tree=332
num_leaves=8
num_cat=0
split_feature=141 96 4 31 140 136 126
split_gain=0.110024 0.474564 0.202181 0.134001 0.100555 0.0890825 0.0661841
threshold=0.95000000000000118 26.320000000000004 4131.1355049889635 0.13300977955191609 -125.735 1.9999999999999984 454.06500000000005
decision_type=2 2 2 2 2 2 2
left_child=1 -1 4 5 -2 -4 -6
right_child=2 -3 3 -5 6 -7 -8
leaf_value=-0.0022622409478672586 0 0 0 -0.0008228454787427168 0 0.0010227710173207121 0.0013677480917289803
leaf_weight=127 101 1232 431 231 124 110 274
leaf_count=127 101 1232 431 231 124 110 274
internal_value=0 -0.000243573 0.000212943 0 0.000787499 0.00012658 0.0010438
internal_weight=2630 1359 1271 772 499 541 398
internal_count=2630 1359 1271 772 499 541 398
is_linear=0
shrinkage=0.0355277


Tree=333
num_leaves=7
num_cat=0
split_feature=88 132 103 57 44 4
split_gain=0.109994 0.293662 0.316671 0.0817052 0.249552 0.199491
threshold=31.995000000000005 -7.4006666666666687 5.8744734174096722 22.854500000000005 81.640000000000015 4082.553675312161
decision_type=2 2 2 2 2 2
left_child=1 2 -1 5 -5 -3
right_child=-2 3 -4 4 -6 -7
leaf_value=0 0.00063172756516664428 0.0015675065326850052 -0.0027150266624865987 -0.00067076910620141224 0.00010290522406471872 0
leaf_weight=114 280 132 102 709 894 399
leaf_count=114 280 132 102 709 894 399
internal_value=0 -0.000102504 -0.001335 0 -0.000100287 0.000402437
internal_weight=2630 2350 216 2134 1603 531
internal_count=2630 2350 216 2134 1603 531
is_linear=0
shrinkage=0.0355277


Tree=334
num_leaves=7
num_cat=0
split_feature=135 137 136 7 115 132
split_gain=0.106563 0.38715 0.124727 0.0479893 0.0733809 0.0585632
threshold=1.7999999999999992 -10.369999999999996 0.77499999999999869 176.41650000000001 42.395486394331975 2.2966666666666602
decision_type=2 2 2 2 2 2
left_child=1 -1 -2 5 -5 -3
right_child=2 3 -4 4 -6 -7
leaf_value=-0.002214859284610975 0 -0.0006496769451543766 0.0012745631277855023 0 0.00037577399302725443 0
leaf_weight=98 93 276 161 975 760 267
leaf_count=98 93 276 161 975 760 267
internal_value=0 -9.35884e-05 0.000661299 0 9.44264e-05 -0.000286496
internal_weight=2630 2376 254 2278 1735 543
internal_count=2630 2376 254 2278 1735 543
is_linear=0
shrinkage=0.0355277


Tree=335
num_leaves=7
num_cat=0
split_feature=131 3 0 38 7 130
split_gain=0.108131 0.306777 0.20578 0.0484517 0.218996 0.0463137
threshold=2.3149999999999999 59.210000000000008 33.295000000000009 29.845000000000002 210.52100000000004 -7.9334666666666651
decision_type=2 2 2 2 2 2
left_child=1 -1 -2 4 -3 -5
right_child=2 3 -4 5 -6 -7
leaf_value=-0.0019458088680237347 0 0 0.0019379626404076012 0 0.0010651900969899728 -0.00026743845456997237
leaf_weight=101 93 679 95 237 270 1155
leaf_count=101 93 679 95 237 270 1155
internal_value=0 -8.43037e-05 0.000783755 0 0.000195742 -0.00013258
internal_weight=2630 2442 188 2341 949 1392
internal_count=2630 2442 188 2341 949 1392
is_linear=0
shrinkage=0.0355277


Tree=336
num_leaves=9
num_cat=0
split_feature=141 82 4 94 31 0 137 31
split_gain=0.103855 0.242973 0.121643 0.176237 0.127247 0.099819 0.0924697 0.0113525
threshold=0.40000000000000041 28.495000000000001 4131.1355049889635 32.295000000000009 0.13300977955191609 33.645000000000003 0.034999999999996596 0.93225468035816128
decision_type=2 2 2 2 2 2 2 2
left_child=1 -1 3 -2 5 -4 -6 -5
right_child=2 -3 4 7 6 -7 -8 -9
leaf_value=-0.0018756053459993522 0 0 0 0.0012895228600879 -0.0012179401358935426 0.0011746202340830003 0 0
leaf_weight=110 346 704 746 247 175 92 112 98
leaf_count=110 346 704 746 247 175 92 112 98
internal_value=0 -0.000350852 0.000128675 0.000513436 0 0.000103484 -0.000719419 0.00107591
internal_weight=2630 814 1816 691 1125 838 287 345
internal_count=2630 814 1816 691 1125 838 287 345
is_linear=0
shrinkage=0.0355277


Tree=337
num_leaves=7
num_cat=0
split_feature=22 141 103 15 103 4
split_gain=0.105718 0.189054 0.367576 0.156487 0.0667498 0.188348
threshold=53.980633150000003 2.2250000000000001 5.1822465651655181 22.139544000000004 7.9253107678189325 4082.553675312161
decision_type=2 2 2 2 2 2
left_child=3 4 -3 -1 5 -2
right_child=1 2 -4 -5 -6 -7
leaf_value=-0.00166590157568155 0.0012877056166492866 0 0.0020972914999107801 0 -0.00091394049730898329 -2.2319536742876193e-05
leaf_weight=110 137 248 156 210 95 1674
leaf_count=110 137 248 156 210 95 1674
internal_value=0 6.37215e-05 0.000777915 -0.000616957 0 0
internal_weight=2630 2310 404 320 1906 1811
internal_count=2630 2310 404 320 1906 1811
is_linear=0
shrinkage=0.0355277


Tree=338
num_leaves=10
num_cat=0
split_feature=15 93 9 3 112 3 42 88 88
split_gain=0.106079 0.262123 0.0905243 0.087998 0.0720588 0.0259719 0.0200484 0.0169035 0.0161529
threshold=20.563695000000003 29.376666666666669 113.89600000000002 77.480000000000004 70.870000000000019 86.710000000000022 31.995000000000005 29.295000000000005 30.995000000000001
decision_type=2 2 2 2 2 2 2 2 2
left_child=1 -1 5 6 -5 -2 -4 -3 -9
right_child=2 7 3 4 -6 -7 -8 8 -10
leaf_value=-0.0019743120685305612 -0.00037738407446241771 0.0001723630127602713 -6.5887667445684782e-05 0.0012562339074837 0 0 0.0002220544136876344 -0.00052162822021519471 0
leaf_weight=109 228 200 441 205 319 441 468 125 94
leaf_count=109 228 200 441 205 319 441 468 125 94
internal_value=0 -0.000467909 8.98335e-05 0.000301444 0.000675558 -2.78852e-05 0 0 -0.000260161
internal_weight=2630 528 2102 1433 524 669 909 419 219
internal_count=2630 528 2102 1433 524 669 909 419 219
is_linear=0
shrinkage=0.0355277


Tree=339
num_leaves=6
num_cat=0
split_feature=88 132 13 38 57
split_gain=0.0992337 0.303075 0.18317 0.255016 0.0695501
threshold=31.795000000000005 -9.8608333333333338 50.334553809348797 29.895000000000007 22.510500000000004
decision_type=2 2 2 2 2
left_child=1 -1 3 -3 -4
right_child=-2 2 4 -5 -6
leaf_value=-0.0019483818050053765 0.00052414858712573442 0.00082213729391257908 0 0 -0.0006152419106734366
leaf_weight=102 352 575 123 828 650
leaf_count=102 352 575 123 828 650
internal_value=0 -0.000108603 0 0.000224057 -0.000453909
internal_weight=2630 2278 2176 1403 773
internal_count=2630 2278 2176 1403 773
is_linear=0
shrinkage=0.0355277


Tree=340
num_leaves=9
num_cat=0
split_feature=135 96 141 131 137 15 12 139
split_gain=0.0996312 0.230552 0.0956434 0.0512366 0.0389468 0.0351766 0.0182633 0.0136467
threshold=-1.0000000180025095e-35 26.095000000000002 3.0500000000000029 2.1633333333333362 -2.9100000000000033 23.100147500000002 9.0685758205317075 37.710000000000029
decision_type=2 2 2 2 2 2 2 2
left_child=1 -1 4 -4 -2 -6 7 -3
right_child=2 6 3 -5 5 -7 -8 -9
leaf_value=-0.0017206194987312326 -0.00021558641438771376 -0.00034063304611949284 0 0.0014680948966813946 0 0.00035817665711901158 6.7126587178422347e-06 0
leaf_weight=119 390 341 94 102 197 580 665 142
leaf_count=119 390 341 94 102 197 580 665 142
internal_value=0 -0.000248599 0.000185477 0.000911763 0 0.000198223 0 -0.000217009
internal_weight=2630 1267 1363 196 1167 777 1148 483
internal_count=2630 1267 1363 196 1167 777 1148 483
is_linear=0
shrinkage=0.0355277


Tree=341
num_leaves=10
num_cat=0
split_feature=43 131 130 115 15 71 119 4 38
split_gain=0.100088 0.427739 0.178169 0.137787 0.131329 0.130172 0.0487837 0.0328829 0.0436599
threshold=30.345000000000002 -1.4649999999999979 1.8377666666666672 17.591060631408219 24.626838500000005 10.085000000000003 74.470252837306958 4138.3571352092722 30.845000000000002
decision_type=2 2 2 2 2 2 2 2 2
left_child=1 -1 3 -2 6 -5 -4 -3 -9
right_child=2 7 4 5 -6 -7 -8 8 -10
leaf_value=-0.0022974213561271135 0 8.5611782238282589e-05 -0.0010340083038733227 0 7.4540413426202074e-05 0.0010556737816736677 0 0 -0.00085035584587415123
leaf_weight=112 140 758 205 102 334 539 120 200 120
leaf_count=112 140 758 205 102 334 539 120 200 120
internal_value=0 -0.000262207 0.000174672 0.000584692 0 0.000827475 -0.000703774 0 -0.000331946
internal_weight=2630 1190 1440 781 659 641 325 1078 320
internal_count=2630 1190 1440 781 659 641 325 1078 320
is_linear=0
shrinkage=0.0355277


Tree=342
num_leaves=9
num_cat=0
split_feature=132 0 3 134 3 130 15 31
split_gain=0.102697 0.399186 0.124583 0.253444 0.0835733 0.275552 0.0866136 0.0279926
threshold=2.3335000000000012 27.845000000000002 77.480000000000004 -61.526900000000005 64.765000000000015 -1.1759166666666638 23.856547500000001 -0.94695267581281539
decision_type=2 2 2 2 2 2 2 2
left_child=1 -1 -2 -4 5 -3 -6 -5
right_child=2 4 3 7 6 -7 -8 -9
leaf_value=-0.0022397361312590145 0 0.0012570322735386309 0 0 -0.00058256348263781787 0 0 0.0015329240011473504
leaf_weight=106 380 254 164 93 442 162 786 243
leaf_count=106 380 254 164 93 442 162 786 243
internal_value=0 -0.000180665 0.000285713 0.000673653 0 0.000385876 -0.000185967 0.00126778
internal_weight=2630 1750 880 500 1644 416 1228 336
internal_count=2630 1750 880 500 1644 416 1228 336
is_linear=0
shrinkage=0.0355277


Tree=343
num_leaves=8
num_cat=0
split_feature=15 57 24 3 132 42 3
split_gain=0.101368 0.250237 0.0941139 0.104725 0.222462 0.0242686 0.0237226
threshold=20.563695000000003 22.062500000000004 1.6611938539493256 77.480000000000004 -0.22516666666666649 31.995000000000005 86.710000000000022
decision_type=2 2 2 2 2 2 2
left_child=1 -1 3 5 -5 -2 -4
right_child=2 -3 6 4 -6 -7 -8
leaf_value=0 -8.9349521021303305e-05 -0.0015197393234549648 -0.00034157648753776288 0 0.0014006223480121504 0.00023993895563905821 0
leaf_weight=348 450 180 261 207 272 463 449
leaf_count=348 450 180 261 207 272 463 449
internal_value=0 -0.000460935 8.30051e-05 0.000307436 0.000738319 0 -4.08306e-05
internal_weight=2630 528 2102 1392 479 913 710
internal_count=2630 528 2102 1392 479 913 710
is_linear=0
shrinkage=0.0355277


Tree=344
num_leaves=10
num_cat=0
split_feature=15 124 93 4 14 14 15 93 92
split_gain=0.0935524 0.328886 0.467387 0.0982412 0.135808 0.152789 0.0811941 0.122333 0.0657656
threshold=21.479134500000004 215.62500000000003 29.831666666666671 4136.2172607363382 44.458500000000008 68.541500000000028 25.945313000000002 32.405833333333341 28.745000000000001
decision_type=2 2 2 2 2 2 2 2 2
left_child=1 8 -3 4 -2 -6 7 -5 -1
right_child=3 2 -4 6 5 -7 -8 -9 -10
leaf_value=0.0007053124255471414 0 -0.0030999694766757646 0 -0.00055843768609733536 0.0011620768535655689 0 0.00052178771557080878 0 0
leaf_weight=161 97 109 350 660 370 281 175 332 95
leaf_count=161 97 109 350 660 370 281 175 332 95
internal_value=0 -0.000370174 -0.00105142 0.000100249 0.000435999 0.000692194 0 -0.000230988 0
internal_weight=2630 715 459 1915 748 651 1167 992 256
internal_count=2630 715 459 1915 748 651 1167 992 256
is_linear=0
shrinkage=0.0355277


Tree=345
num_leaves=9
num_cat=0
split_feature=141 96 4 31 42 131 41 137
split_gain=0.0959904 0.406109 0.18784 0.116275 0.0938732 0.0761069 0.0722794 0.0532121
threshold=0.95000000000000118 26.320000000000004 4131.1355049889635 0.13300977955191609 28.595000000000002 1.7200000000000009 29.595000000000002 -3.1600000000000033
decision_type=2 2 2 2 2 2 2 2
left_child=1 -1 4 5 -2 -4 -6 -5
right_child=2 -3 3 7 6 -7 -8 -9
leaf_value=-0.0021009186827353268 0 0 0 -0.0013994622376607799 0 0.00095301968061631639 0.0015307752654902479 0
leaf_weight=127 159 1232 436 101 135 105 205 130
leaf_count=127 159 1232 436 101 135 105 205 130
internal_value=0 -0.000232623 0.000192474 0 0.000750542 9.20235e-05 0.00107929 -0.000774632
internal_weight=2630 1359 1271 772 499 541 340 231
internal_count=2630 1359 1271 772 499 541 340 231
is_linear=0
shrinkage=0.0355277


Tree=346
num_leaves=7
num_cat=0
split_feature=131 3 0 4 4 7
split_gain=0.094036 0.276071 0.183051 0.115967 0.187409 0.153571
threshold=2.3149999999999999 59.210000000000008 33.295000000000009 4151.6098769712398 4170.1177262367901 212.47900000000001
decision_type=2 2 2 2 2 2
left_child=1 -1 -2 5 -5 -3
right_child=2 3 -4 4 -6 -7
leaf_value=-0.0018524743794961088 0 0 0.0018128043122033982 -0.0010389877850002192 0 0.00053652453517235991
leaf_weight=101 93 1047 95 321 201 772
leaf_count=101 93 1047 95 321 201 772
internal_value=0 -8.63901e-05 0.000719729 0 -0.000469385 0.000128376
internal_weight=2630 2442 188 2341 522 1819
internal_count=2630 2442 188 2341 522 1819
is_linear=0
shrinkage=0.0355277


Tree=347
num_leaves=8
num_cat=0
split_feature=22 141 103 52 44 103 4
split_gain=0.093172 0.166227 0.334718 0.160001 0.0710572 0.0864564 0.0666218
threshold=53.980633150000003 2.2250000000000001 5.1822465651655181 370.93500000000006 68.425000000000026 5.6419708323293216 4134.082994702575
decision_type=2 2 2 2 2 2 2
left_child=3 4 -3 -1 5 -2 -6
right_child=1 2 -4 -5 6 -7 -8
leaf_value=-0.0014715297295522149 0 0 0.0019855825835453852 0 0.00037270939515443986 -0.0011916243449146006 0
leaf_weight=139 300 248 156 181 601 134 871
leaf_count=139 300 248 156 181 601 134 871
internal_value=0 5.03233e-05 0.00072541 -0.000585574 0 -0.000451026 1.19173e-05
internal_weight=2630 2310 404 320 1906 434 1472
internal_count=2630 2310 404 320 1906 434 1472
is_linear=0
shrinkage=0.0355277


Tree=348
num_leaves=12
num_cat=0
split_feature=15 124 93 4 86 15 4 4 93 24 52
split_gain=0.094726 0.297867 0.574994 0.160421 0.201936 0.0879271 0.0852299 0.080378 0.0251574 0.0195071 0.0193382
threshold=22.554823500000001 215.62500000000003 29.785000000000007 4136.2172607363382 29.245000000000001 25.84073900000001 4177.8609413000368 4082.553675312161 30.455833333333334 2.2299950207594867 362.60500000000008
decision_type=2 2 2 2 2 2 2 2 2 2 2
left_child=1 7 -3 4 -2 6 -5 -1 -7 -6 -4
right_child=3 2 10 5 9 8 -8 -9 -10 -11 -12
leaf_value=0.0010118388236654333 0 -0.0030203278888335729 -0.00026918223894967594 -0.00045942586225425483 0.0014100067214353558 0 0 0 0.00081000746843738942 0 0
leaf_weight=94 236 125 331 823 250 93 95 224 109 99 151
leaf_count=94 236 125 331 823 250 93 95 224 109 99 151
internal_value=0 -0.000315855 -0.000873903 0.000124919 0.000622799 0 -0.000270044 4.94205e-05 0.000458045 0.00116794 0
internal_weight=2630 925 607 1705 585 1120 918 318 202 349 482
internal_count=2630 925 607 1705 585 1120 918 318 202 349 482
is_linear=0
shrinkage=0.0355277


Tree=349
num_leaves=9
num_cat=0
split_feature=135 132 130 104 115 15 124 137
split_gain=0.0918243 0.450099 0.0804648 0.148242 0.141046 0.119924 0.0356717 0.0239112
threshold=-1.1999999999999973 1.0000000180025095e-35 -1.1211333333333344 65.475000000000009 20.138976214150322 23.035443000000001 205.10500000000002 0.24500000000000458
decision_type=2 2 2 2 2 2 2 2
left_child=1 -1 3 4 -2 6 -4 -7
right_child=2 -3 5 -5 -6 7 -8 -9
leaf_value=-0.0024424062108735966 0 0 0 0 0.0012703209619592439 0 -0.00087187260427941393 0.00028187192846154354
leaf_weight=107 102 356 112 583 290 415 248 417
leaf_count=107 102 356 112 583 290 415 248 417
internal_value=0 -0.000473604 7.02894e-05 0.000338364 0.000867495 0 -0.00063592 6.38547e-05
internal_weight=2630 463 2167 975 392 1192 360 832
internal_count=2630 463 2167 975 392 1192 360 832
is_linear=0
shrinkage=0.0355277


Tree=350
num_leaves=8
num_cat=0
split_feature=135 138 115 137 9 25 135
split_gain=0.0882615 0.197161 0.341254 0.0810976 0.0608738 0.0497304 0.0167284
threshold=-1.0000000180025095e-35 0.39499999999999963 81.497308633144783 -2.9100000000000033 159.27100000000004 2.7961915000000004 2.5749999999999997
decision_type=2 2 2 2 2 2 2
left_child=1 2 -1 6 -5 -6 -2
right_child=3 -3 -4 4 5 -7 -8
leaf_value=0 -0.00022293019062428183 0 -0.0026641792831563153 0 0 0.0012307572406324663 0
leaf_weight=459 419 708 100 410 260 180 94
leaf_count=459 419 708 100 410 260 180 94
internal_value=0 -0.000237555 -0.000753477 0.000170031 0.000407236 0.000700479 0
internal_weight=2630 1267 559 1363 850 440 513
internal_count=2630 1267 559 1363 850 440 513
is_linear=0
shrinkage=0.0355277


Tree=351
num_leaves=7
num_cat=0
split_feature=15 94 130 19 132 9
split_gain=0.0869337 0.368752 0.196783 0.13969 0.0582113 0.026129
threshold=23.856547500000001 31.445000000000004 2.6990666666666709 0.087647159459327342 2.4215000000000022 34.979500000000009
decision_type=2 2 2 2 2 2
left_child=1 -1 3 -3 -2 -6
right_child=4 2 -4 -5 5 -7
leaf_value=-0.0017520829641347318 0 0.00082463990893717114 -0.0007932499399477043 0 0 0.000581793834120797
leaf_weight=169 861 356 278 427 117 422
leaf_count=169 861 356 278 427 117 422
internal_value=0 -0.000240292 0 0.000297376 0.000165206 0.000453069
internal_weight=2630 1230 1061 783 1400 539
internal_count=2630 1230 1061 783 1400 539
is_linear=0
shrinkage=0.0355277


Tree=352
num_leaves=8
num_cat=0
split_feature=19 96 38 88 4 94 115
split_gain=0.0851391 0.13714 0.102665 0.239685 0.185772 0.155341 0.168023
threshold=0.038839733134201977 27.145000000000007 30.795000000000005 31.795000000000005 4129.7226881758816 31.445000000000004 21.641081476823857
decision_type=2 2 2 2 2 2 2
left_child=1 -1 5 4 -4 -2 -7
right_child=2 -3 3 -5 -6 6 -8
leaf_value=-0.0016606111061396526 0 0 0 0.00046771874620231922 -0.00086936880909393424 0 0.0010189303955010613
leaf_weight=95 546 92 318 333 614 123 509
leaf_count=95 546 92 318 333 614 123 509
internal_value=0 -0.000738034 3.13747e-05 -6.64292e-05 -0.000499515 0.00032674 0.000711009
internal_weight=2630 187 2443 1265 932 1178 632
internal_count=2630 187 2443 1265 932 1178 632
is_linear=0
shrinkage=0.0355277


Tree=353
num_leaves=10
num_cat=0
split_feature=15 124 93 4 120 15 4 4 93
split_gain=0.0869238 0.279878 0.507502 0.151094 0.190119 0.0779635 0.0799671 0.0743921 0.0218363
threshold=22.554823500000001 215.62500000000003 29.785000000000007 4136.2172607363382 374.16500000000002 25.84073900000001 4177.8609413000368 4082.553675312161 30.455833333333334
decision_type=2 2 2 2 2 2 2 2 2
left_child=1 7 -3 4 -2 6 -5 -1 -7
right_child=3 2 -4 5 -6 8 -8 -9 -10
leaf_value=0.00097239502137466021 0.0012227034193951919 -0.002868011318598472 0 -0.00044018331099454492 0 0 0 0 0.00075974636296017261
leaf_weight=94 300 125 482 823 285 93 95 224 109
leaf_count=94 300 125 482 823 285 93 95 224 109
internal_value=0 -0.000298837 -0.000843323 0.00012466 0.000606437 0 -0.000254132 4.04656e-05 0.000431709
internal_weight=2630 925 607 1705 585 1120 918 318 202
internal_count=2630 925 607 1705 585 1120 918 318 202
is_linear=0
shrinkage=0.0355277


Tree=354
num_leaves=9
num_cat=0
split_feature=141 81 4 90 31 0 137 97
split_gain=0.0906507 0.175835 0.108971 0.124742 0.113831 0.0801861 0.0768568 0.0571325
threshold=0.40000000000000041 28.011666666666674 4131.1355049889635 31.545000000000005 0.13300977955191609 33.645000000000003 0.034999999999996596 64.190000000000012
decision_type=2 2 2 2 2 2 2 2
left_child=1 -1 3 -2 5 -4 -6 -5
right_child=2 -3 4 7 6 -7 -8 -9
leaf_value=-0.0016189873757391951 0 0 0 0 -0.0011369127309459103 0.0010510742015269045 0 0.0013172452138174452
leaf_weight=113 348 701 746 123 175 92 112 220
leaf_count=113 348 701 746 123 175 92 112 220
internal_value=0 -0.000330626 0.000116669 0.000482662 0 9.04699e-05 -0.000683385 0.000957429
internal_weight=2630 814 1816 691 1125 838 287 343
internal_count=2630 814 1816 691 1125 838 287 343
is_linear=0
shrinkage=0.0355277


Tree=355
num_leaves=7
num_cat=0
split_feature=131 3 0 4 4 9
split_gain=0.0876117 0.249486 0.164456 0.101454 0.170228 0.109223
threshold=2.3149999999999999 59.210000000000008 33.295000000000009 4151.6098769712398 4170.1177262367901 110.10400000000001
decision_type=2 2 2 2 2 2
left_child=1 -1 -2 5 -5 -3
right_child=2 3 -4 4 -6 -7
leaf_value=-0.0017582070792623501 0 -1.8812119430002849e-06 0.0017323719418972181 -0.00098240008484095395 0 0.00036693403935393121
leaf_weight=101 93 597 95 321 201 1222
leaf_count=101 93 597 95 321 201 1222
internal_value=0 -7.94502e-05 0.000700511 0 -0.000436548 0.000122667
internal_weight=2630 2442 188 2341 522 1819
internal_count=2630 2442 188 2341 522 1819
is_linear=0
shrinkage=0.0355277


Tree=356
num_leaves=8
num_cat=0
split_feature=15 115 4 24 4 86 15
split_gain=0.0878449 0.375832 0.270285 0.157198 0.0736189 0.157277 0.0299404
threshold=23.856547500000001 98.059078158094948 4082.553675312161 1.2269359596552263 4140.2573763721566 29.245000000000001 26.1771645
decision_type=2 2 2 2 2 2 2
left_child=1 2 -1 -4 5 -2 -6
right_child=4 -3 3 -5 6 -7 -8
leaf_value=0.0011861773725564957 0 -0.0022928943056374339 0 -0.00060055320718978907 -0.00014229789275480915 0.00097773542644655318 0.00047013044082100359
leaf_weight=179 265 98 184 769 694 340 101
leaf_count=179 265 98 184 769 694 340 101
internal_value=0 -0.000240838 0 -0.000290732 0.000166973 0.00046506 0
internal_weight=2630 1230 1132 953 1400 605 795
internal_count=2630 1230 1132 953 1400 605 795
is_linear=0
shrinkage=0.0355277


Tree=357
num_leaves=8
num_cat=0
split_feature=135 138 103 141 22 137 15
split_gain=0.0863573 0.182238 0.328146 0.0848389 0.060331 0.0273718 0.0291619
threshold=-1.0000000180025095e-35 0.39499999999999963 5.438220981655939 3.0500000000000029 163.17229235000005 -2.9100000000000033 23.100147500000002
decision_type=2 2 2 2 2 2 2
left_child=1 2 -1 5 -5 -2 -7
right_child=3 -3 -4 4 -6 6 -8
leaf_value=0 -0.00017330929191383291 0 -0.0025115801516229878 0.0014772568166300092 0 0 0.00031859640012896776
leaf_weight=452 390 708 107 97 99 197 580
leaf_count=452 390 708 107 97 99 197 580
internal_value=0 -0.000230713 -0.00072606 0.000173591 0.000857212 0 0.000170128
internal_weight=2630 1267 559 1363 196 1167 777
internal_count=2630 1267 559 1363 196 1167 777
is_linear=0
shrinkage=0.0355277


Tree=358
num_leaves=9
num_cat=0
split_feature=43 131 24 44 97 126 4 38
split_gain=0.0825477 0.362493 0.134543 0.079292 0.0763631 0.0635727 0.024721 0.0417394
threshold=30.345000000000002 -1.4649999999999979 1.3385021726135446 82.115000000000023 62.898333333333333 434.69000000000005 4138.3571352092722 30.845000000000002
decision_type=2 2 2 2 2 2 2 2
left_child=1 -1 4 -4 -2 -6 -3 -8
right_child=2 6 3 -5 5 -7 7 -9
leaf_value=-0.0021113371649218774 0 7.5312624306784248e-05 -0.00059694174935453039 0 0 0.00073483043508899696 0 -0.00079501925547670002
leaf_weight=112 141 758 275 188 133 703 200 120
leaf_count=112 141 758 275 188 133 703 200 120
internal_value=0 -0.00023824 0.000158488 0 0.000457968 0.000599461 0 -0.000287157
internal_weight=2630 1190 1440 463 977 836 1078 320
internal_count=2630 1190 1440 463 977 836 1078 320
is_linear=0
shrinkage=0.0355277


Tree=359
num_leaves=9
num_cat=0
split_feature=141 96 4 31 71 131 103 137
split_gain=0.0827889 0.352694 0.171476 0.108062 0.0715657 0.0628049 0.0516375 0.0409102
threshold=0.95000000000000118 26.320000000000004 4130.9463476314559 0.13300977955191609 10.145000000000001 1.7200000000000009 3.0656538156969471 -0.60499999999999676
decision_type=2 2 2 2 2 2 2 2
left_child=1 -1 4 5 6 -4 -2 -5
right_child=2 -3 3 7 -6 -7 -8 -9
leaf_value=-0.0019539702365125619 0 0 0 -0.0011173825413851109 0 0.00087012721806555341 0.0012018133853787627 0
leaf_weight=127 116 1232 440 141 96 105 281 92
leaf_count=127 116 1232 440 141 96 105 281 92
internal_value=0 -0.000213321 0.000182201 0 0.0007203 9.20367e-05 0.000930961 -0.000742622
internal_weight=2630 1359 1271 778 493 545 397 233
internal_count=2630 1359 1271 778 493 545 397 233
is_linear=0
shrinkage=0.0355277


Tree=360
num_leaves=7
num_cat=0
split_feature=22 141 103 15 103 81
split_gain=0.0807724 0.14768 0.294012 0.144566 0.0507286 0.0470826
threshold=57.592725000000009 2.2250000000000001 5.5025434658492474 21.446169000000001 7.9253107678189325 30.795000000000009
decision_type=2 2 2 2 2 2
left_child=3 4 -3 -1 5 -2
right_child=1 2 -4 -5 -6 -7
leaf_value=-0.0016689172581563993 0.0002187211062065665 0 0.0020005555299747926 0 -0.00080476319593293958 -0.00011040555324283164
leaf_weight=94 1041 269 135 237 93 761
leaf_count=94 1041 269 135 237 93 761
internal_value=0 5.21488e-05 0.000685629 -0.000532956 0 0
internal_weight=2630 2299 404 331 1895 1802
internal_count=2630 2299 404 331 1895 1802
is_linear=0
shrinkage=0.0355277


Tree=361
num_leaves=7
num_cat=0
split_feature=88 132 103 38 13 57
split_gain=0.0804446 0.220397 0.259515 0.0754708 0.116619 0.0764258
threshold=31.995000000000005 -7.4006666666666687 5.8744734174096722 30.795000000000005 52.096025727651629 23.556500000000003
decision_type=2 2 2 2 2 2
left_child=1 2 -1 4 -3 -5
right_child=-2 3 -4 5 -6 -7
leaf_value=0 0.00053334205224323027 0.00048296259891248035 -0.0024089897333129931 0 0 -0.00048425440974716392
leaf_weight=114 280 827 102 259 437 611
leaf_count=114 280 827 102 259 437 611
internal_value=0 -9.265e-05 -0.00115974 0 0.000192528 -0.000234564
internal_weight=2630 2350 216 2134 1264 870
internal_count=2630 2350 216 2134 1264 870
is_linear=0
shrinkage=0.0355277


Tree=362
num_leaves=7
num_cat=0
split_feature=131 108 0 4 89 4
split_gain=0.0796051 0.230583 0.151742 0.0821824 0.147191 0.145028
threshold=2.3149999999999999 50.730000000000011 33.295000000000009 4151.6098769712398 28.718214285714293 4170.1177262367901
decision_type=2 2 2 2 2 2
left_child=1 -1 -2 4 -3 -5
right_child=2 3 -4 5 -6 -7
leaf_value=-0.0014159677654248949 0 -0.00013432656967423206 0.001655858216314956 -0.00089308948949739435 0.00039789659581745485 0
leaf_weight=147 93 489 95 319 1286 201
leaf_count=147 93 489 95 319 1286 201
internal_value=0 -7.94381e-05 0.000662277 0 0.000124655 -0.000380311
internal_weight=2630 2442 188 2295 1775 520
internal_count=2630 2442 188 2295 1775 520
is_linear=0
shrinkage=0.0355277


Tree=363
num_leaves=6
num_cat=0
split_feature=94 137 24 4 3
split_gain=0.0806632 0.27659 0.0371369 0.182973 0.115561
threshold=35.820000000000007 -10.369999999999996 1.6291719112654841 4082.553675312161 84.75500000000001
decision_type=2 2 2 2 2
left_child=1 -1 3 -3 -4
right_child=-2 2 4 -5 -6
leaf_value=-0.0015486072332075332 0.00062072079634594389 0.0012007062175898142 -0.001053608260397537 0 0
leaf_weight=147 213 168 150 1357 595
leaf_count=147 213 168 150 1357 595
internal_value=0 -8.49545e-05 0 0.000113473 -0.0001902
internal_weight=2630 2417 2270 1525 745
internal_count=2630 2417 2270 1525 745
is_linear=0
shrinkage=0.0355277


Tree=364
num_leaves=11
num_cat=0
split_feature=15 124 93 4 120 15 4 4 93 52
split_gain=0.0802024 0.260772 0.466091 0.128528 0.168209 0.068251 0.0737308 0.063487 0.021058 0.0183048
threshold=22.554823500000001 215.62500000000003 29.785000000000007 4136.2172607363382 374.16500000000002 25.84073900000001 4177.8609413000368 4082.553675312161 30.455833333333334 362.60500000000008
decision_type=2 2 2 2 2 2 2 2 2 2
left_child=1 7 -3 4 -2 6 -5 -1 -7 -4
right_child=3 2 9 5 -6 8 -8 -9 -10 -11
leaf_value=0.00089617646521932286 0.0011408599416738627 -0.0027574691554263244 -0.000261891172937461 -0.00041646147765716054 0 0 0 0 0.0007348772658674718 0
leaf_weight=94 300 125 331 823 285 93 95 224 109 151
leaf_count=94 300 125 331 823 285 93 95 224 109 151
internal_value=0 -0.000288867 -0.000814674 0.000117343 0.000560744 0 -0.000234248 1.49074e-05 0.000412987 0
internal_weight=2630 925 607 1705 585 1120 918 318 202 482
internal_count=2630 925 607 1705 585 1120 918 318 202 482
is_linear=0
shrinkage=0.0355277


Tree=365
num_leaves=7
num_cat=0
split_feature=141 82 48 48 126 124
split_gain=0.081196 0.182016 0.0667409 0.0885489 0.0519361 0.0217678
threshold=0.40000000000000041 28.495000000000001 67.725000000000009 80.945000000000007 767.81500000000017 215.62500000000003
decision_type=2 2 2 2 2 2
left_child=1 -1 5 4 -4 -2
right_child=2 -3 3 -5 -6 -7
leaf_value=-0.001637136320341492 0 0 0.00066481228115939229 0 0 -0.00031907993304633551
leaf_weight=110 134 704 635 673 110 264
leaf_count=110 134 704 635 673 110 264
internal_value=0 -0.00031394 0.000109093 0.000272749 0.000538444 0
internal_weight=2630 814 1816 1418 745 398
internal_count=2630 814 1816 1418 745 398
is_linear=0
shrinkage=0.0355277


Tree=366
num_leaves=9
num_cat=0
split_feature=135 138 4 31 14 31 0 31
split_gain=0.0777375 0.351061 0.0846978 0.13247 0.122479 0.0822396 0.0732593 0.0296594
threshold=-1.1999999999999973 0.46000000000000091 4131.1355049889635 0.83824865459667641 68.812500000000014 0.13300977955191609 33.645000000000003 0.50494235051780223
decision_type=2 2 2 2 2 2 2 2
left_child=1 -1 3 4 -2 6 -4 -7
right_child=2 -3 5 -5 -6 7 -8 -9
leaf_value=-0.0018781953483234198 0.0010864306364092001 0 0 0 0 -0.00082815842838825256 0.00096735499610390533 0
leaf_weight=145 365 318 890 358 140 200 93 121
leaf_count=145 365 318 890 358 140 200 93 121
internal_value=0 -0.000435889 6.44916e-05 0.000365299 0.000744484 0 6.97214e-06 -0.000563407
internal_weight=2630 463 2167 863 505 1304 983 321
internal_count=2630 463 2167 863 505 1304 983 321
is_linear=0
shrinkage=0.0355277


Tree=367
num_leaves=8
num_cat=0
split_feature=15 90 4 24 4 86 15
split_gain=0.0771689 0.337537 0.090107 0.0982355 0.0628569 0.141613 0.0257647
threshold=23.856547500000001 30.645000000000007 4082.553675312161 1.2269359596552263 4140.2573763721566 29.245000000000001 26.1771645
decision_type=2 2 2 2 2 2 2
left_child=1 -1 -3 -4 5 -2 -6
right_child=4 2 3 -5 6 -7 -8
leaf_value=-0.0019976402996137923 0 0.00074483546216069709 0 -0.00044113642151665135 -0.00013254855973819139 0.00091761607486896585 0.00043502954468908753
leaf_weight=117 265 154 199 760 694 340 101
leaf_count=117 265 154 199 760 694 340 101
internal_value=0 -0.000228032 0 -0.000161108 0.000153535 0.000429105 0
internal_weight=2630 1230 1113 959 1400 605 795
internal_count=2630 1230 1113 959 1400 605 795
is_linear=0
shrinkage=0.0355277


Tree=368
num_leaves=8
num_cat=0
split_feature=43 131 131 38 92 108 38
split_gain=0.0765878 0.318363 0.12354 0.115842 0.102366 0.0201127 0.0175448
threshold=30.345000000000002 -1.4649999999999979 2.0566666666666671 30.645000000000007 30.845000000000002 78.370000000000019 30.845000000000002
decision_type=2 2 2 2 2 2 2
left_child=1 -1 3 5 -5 -2 -3
right_child=2 6 -4 4 -6 -7 -8
leaf_value=-0.0019879936613761569 0.00070226377258796513 4.0083916331197121e-05 0.0013743207925943873 -0.00057961073334118209 0 0 -0.00027730832791555141
leaf_weight=112 299 813 94 442 512 93 265
leaf_count=112 299 813 94 442 512 93 265
internal_value=0 -0.000231304 0.000150363 0 -0.000148796 0.000560437 0
internal_weight=2630 1190 1440 1346 954 392 1078
internal_count=2630 1190 1440 1346 954 392 1078
is_linear=0
shrinkage=0.0355277


Tree=369
num_leaves=9
num_cat=0
split_feature=88 4 15 64 141 96 4 124
split_gain=0.0738426 0.150173 0.201107 0.177395 0.156555 0.302727 0.0812954 0.0116725
threshold=31.795000000000005 4151.6098769712398 25.84073900000001 290.7915000000001 0.97499999999999976 26.320000000000004 4130.9463476314559 393.64500000000004
decision_type=2 2 2 2 2 2 2 2
left_child=1 4 3 -3 5 -1 -6 -2
right_child=7 2 -4 -5 6 -7 -8 -9
leaf_value=-0.0018519052790352594 0.00058692007141394615 -0.0019388855888797575 0 0 0.00067608137663726633 0 0 0
leaf_weight=127 249 177 92 101 490 868 423 103
leaf_count=127 249 177 92 101 490 868 423 103
internal_value=0 -9.39144e-05 -0.000746926 -0.00127786 0 -0.000271113 0.000367415 0.000451841
internal_weight=2630 2278 370 278 1908 995 913 352
internal_count=2630 2278 370 278 1908 995 913 352
is_linear=0
shrinkage=0.0355277


Tree=370
num_leaves=8
num_cat=0
split_feature=15 134 4 108 94 15 43
split_gain=0.0758796 0.247624 0.117679 0.132208 0.0806896 0.0530819 0.0473438
threshold=22.554823500000001 -9.9477500000000116 4134.082994702575 81.445000000000007 31.445000000000004 25.945313000000002 31.945000000000004
decision_type=2 2 2 2 2 2 2
left_child=1 -1 3 -2 -3 6 -4
right_child=2 4 5 -5 -6 -7 -8
leaf_value=-0.0019788209215546929 0.0012530751830698429 -0.00087376574384043974 -0.00038159578206150142 0 6.9545083415612538e-05 0.00045857239954017766 0
leaf_weight=92 211 123 602 289 710 176 427
leaf_count=92 211 123 602 289 710 176 427
internal_value=0 -0.000275524 0.000121151 0.000585891 0 0 -0.000166696
internal_weight=2630 925 1705 500 833 1205 1029
internal_count=2630 925 1705 500 833 1205 1029
is_linear=0
shrinkage=0.0355277


Tree=371
num_leaves=9
num_cat=0
split_feature=15 126 131 132 8 134 4 134
split_gain=0.0718424 0.221313 0.222998 0.119705 0.112469 0.108301 0.0710778 0.056456
threshold=23.100147500000002 465.72500000000008 -1.4649999999999979 2.4215000000000022 329.48000000000008 -86.717949999999988 4131.8217740002965 19.700850000000013
decision_type=2 2 2 2 2 2 2 2
left_child=1 4 -3 -2 -1 -5 -7 -4
right_child=3 2 7 5 -6 6 -8 -9
leaf_value=0 0 -0.0024501131622190523 -0.00045522613881648254 0 0.00099682432202535354 0.0019663909678448764 0 0
leaf_weight=269 989 98 338 96 137 99 406 198
leaf_count=269 989 98 338 96 137 99 406 198
internal_value=0 -0.00024485 -0.000731136 0.000132411 0 0.000543211 0.000786201 0
internal_weight=2630 1040 634 1590 406 601 505 536
internal_count=2630 1040 634 1590 406 601 505 536
is_linear=0
shrinkage=0.0355277


Tree=372
num_leaves=6
num_cat=0
split_feature=94 3 4 4 7
split_gain=0.0725636 0.252759 0.0826828 0.142117 0.138646
threshold=35.820000000000007 58.475000000000001 4151.6098769712398 4174.4734440405246 210.04150000000001
decision_type=2 2 2 2 2
left_child=1 -1 4 -4 -3
right_child=-2 2 3 -5 -6
leaf_value=-0.0016771691489922487 0.00060109786386276321 0 -0.0008752838886134771 0 0.00048421113515989539
leaf_weight=112 213 984 331 140 850
leaf_count=112 213 984 331 140 850
internal_value=0 -7.18576e-05 0 -0.000406241 0.000118109
internal_weight=2630 2417 2305 471 1834
internal_count=2630 2417 2305 471 1834
is_linear=0
shrinkage=0.0355277


Tree=373
num_leaves=7
num_cat=0
split_feature=131 3 0 4 4 7
split_gain=0.0732821 0.193231 0.140755 0.0688545 0.137451 0.132991
threshold=2.3149999999999999 59.210000000000008 33.295000000000009 4151.6098769712398 4170.1177262367901 210.81250000000003
decision_type=2 2 2 2 2 2
left_child=1 -1 -2 5 -5 -3
right_child=2 3 -4 4 -6 -7
leaf_value=-0.0015467818133881868 0 0 0.001600489933962726 -0.00085977755328459353 0 0.00047424110729961979
leaf_weight=101 93 995 95 321 201 824
leaf_count=101 93 995 95 321 201 824
internal_value=0 -6.93817e-05 0.000645244 0 -0.000359266 0.000101436
internal_weight=2630 2442 188 2341 522 1819
internal_count=2630 2442 188 2341 522 1819
is_linear=0
shrinkage=0.0355277


Tree=374
num_leaves=9
num_cat=0
split_feature=43 131 24 97 126 44 4 38
split_gain=0.0742649 0.284295 0.114754 0.0683133 0.0633738 0.0570729 0.0162423 0.0350059
threshold=30.345000000000002 -1.615 1.3385021726135446 62.898333333333333 434.69000000000005 82.115000000000023 4138.3571352092722 30.845000000000002
decision_type=2 2 2 2 2 2 2 2
left_child=1 -1 3 -2 -5 -4 -3 -8
right_child=2 6 5 4 -6 -7 7 -9
leaf_value=-0.0020384881361233923 0 2.3198449464953178e-05 -0.00050644499643024484 0 0.00069712539198312634 0 0 -0.00071455812917478969
leaf_weight=95 141 774 275 133 703 188 201 120
leaf_count=95 141 774 275 133 703 188 201 120
internal_value=0 -0.00022456 0.000152067 0.000425896 0.000560527 0 0 -0.000247865
internal_weight=2630 1190 1440 977 836 463 1095 321
internal_count=2630 1190 1440 977 836 463 1095 321
is_linear=0
shrinkage=0.0355277


Tree=375
num_leaves=8
num_cat=0
split_feature=22 141 42 52 44 53 14
split_gain=0.0701266 0.133098 0.173667 0.131938 0.0552812 0.021881 0.013843
threshold=57.592725000000009 2.2250000000000001 30.945000000000004 370.93500000000006 68.425000000000026 335.72500000000008 69.042000000000016
decision_type=2 2 2 2 2 2 2
left_child=3 4 -3 -1 5 -2 -6
right_child=1 2 -4 -5 6 -7 -8
leaf_value=-0.0012770384002004666 -0.00059862415850898737 0 0.001608568273609694 0 0.00015080124022465424 0 0
leaf_weight=147 265 258 146 184 777 164 689
leaf_count=147 265 258 146 184 777 164 689
internal_value=0 4.99489e-05 0.000651089 -0.000495671 0 -0.000399621 1.49793e-05
internal_weight=2630 2299 404 331 1895 429 1466
internal_count=2630 2299 404 331 1895 429 1466
is_linear=0
shrinkage=0.0355277


Tree=376
num_leaves=8
num_cat=0
split_feature=15 90 24 132 3 3 3
split_gain=0.0705272 0.300857 0.0581939 0.0591773 0.0370358 0.259207 0.062109
threshold=23.856547500000001 30.645000000000007 2.4476182178211503 -0.22516666666666649 64.765000000000015 57.765000000000008 70.645000000000024
decision_type=2 2 2 2 2 2 2
left_child=1 -1 3 -2 5 -3 -6
right_child=2 4 -4 -5 6 -7 -8
leaf_value=-0.0018849169438271516 0 -0.00012926622803909147 0 0.00051891975263647133 -0.00054330933721946227 0.0010348647754373017 0
leaf_weight=117 451 97 285 664 342 319 355
leaf_count=117 451 97 285 664 342 319 355
internal_value=0 -0.000214361 0.000151416 0.000307065 0 0.000230724 -0.000185899
internal_weight=2630 1230 1400 1115 1113 416 697
internal_count=2630 1230 1400 1115 1113 416 697
is_linear=0
shrinkage=0.0355277


Tree=377
num_leaves=9
num_cat=0
split_feature=15 126 136 103 132 134 103 137
split_gain=0.0671727 0.229143 0.245716 0.400102 0.0951919 0.096709 0.0827551 0.0472733
threshold=22.554823500000001 465.72500000000008 -0.4000000000000003 5.1402183826764558 2.4215000000000022 -86.717949999999988 4.6029535025202462 0.44500000000000745
decision_type=2 2 2 2 2 2 2 2
left_child=1 6 3 -3 -2 -6 -1 -7
right_child=4 2 -4 -5 5 7 -8 -9
leaf_value=0 0 0 0 -0.003084880472476893 0 0 0.00085506442332895739 0.00090276056548149514
leaf_weight=235 1047 93 343 117 98 171 137 389
leaf_count=235 1047 93 343 117 98 171 137 389
internal_value=0 -0.000263984 -0.000795991 -0.00175417 0.000107896 0.000459338 0 0.000680625
internal_weight=2630 925 553 210 1705 658 372 560
internal_count=2630 925 553 210 1705 658 372 560
is_linear=0
shrinkage=0.0355277


Tree=378
num_leaves=7
num_cat=0
split_feature=135 138 135 7 136 134
split_gain=0.0654871 0.155035 0.249021 0.0743009 0.168592 0.0378827
threshold=-1.0000000180025095e-35 0.39499999999999963 -1.3000000000000023 211.72900000000001 -0.45000000000000101 -5.371699999999989
decision_type=2 2 2 2 2 2
left_child=1 2 -1 -2 -5 -6
right_child=3 -3 -4 4 5 -7
leaf_value=-0.0020842428375484673 0 0 0 0 0 0.00080230878018053232
leaf_weight=124 513 708 435 162 99 589
leaf_count=124 513 708 435 162 99 589
internal_value=0 -0.000206245 -0.000665046 0.00014433 0.000378015 0.000694942
internal_weight=2630 1267 559 1363 850 688
internal_count=2630 1267 559 1363 850 688
is_linear=0
shrinkage=0.0355277


Tree=379
num_leaves=8
num_cat=0
split_feature=43 131 131 38 88 108 38
split_gain=0.0646021 0.253149 0.103555 0.109486 0.139429 0.0194741 0.0180528
threshold=30.345000000000002 -1.4649999999999979 2.0566666666666671 30.645000000000007 31.795000000000005 78.370000000000019 30.845000000000002
decision_type=2 2 2 2 2 2 2
left_child=1 -1 3 5 -5 -2 -3
right_child=2 6 -4 4 -6 -7 -8
leaf_value=-0.0017872682782129092 0.00067619960868800662 3.2584084419351092e-05 0.0012469273218861292 -0.00055688612671561612 0 0 -0.0002844554406892122
leaf_weight=112 299 813 94 637 317 93 265
leaf_count=112 299 813 94 637 317 93 265
internal_value=0 -0.000218275 0.000130349 0 -0.000156058 0.000537202 0
internal_weight=2630 1190 1440 1346 954 392 1078
internal_count=2630 1190 1440 1346 954 392 1078
is_linear=0
shrinkage=0.0355277


Tree=380
num_leaves=8
num_cat=0
split_feature=22 141 103 64 44 103 81
split_gain=0.0638968 0.116124 0.263255 0.114351 0.0497858 0.0502528 0.0268329
threshold=57.592725000000009 2.2250000000000001 5.5025434658492474 236.81250000000003 68.425000000000026 5.6419708323293216 30.795000000000009
decision_type=2 2 2 2 2 2 2
left_child=3 4 -3 -1 5 -2 -6
right_child=1 2 -4 -5 6 -7 -8
leaf_value=-0.0013864921644709811 0 0 0.0018517513045489906 0 0.00019115472261318055 -0.00095302078546571347 0
leaf_weight=109 296 269 135 222 925 133 541
leaf_count=109 296 269 135 222 925 133 541
internal_value=0 4.25422e-05 0.000606457 -0.000476481 0 -0.0003797 9.92365e-06
internal_weight=2630 2299 404 331 1895 429 1466
internal_count=2630 2299 404 331 1895 429 1466
is_linear=0
shrinkage=0.0355277


Tree=381
num_leaves=9
num_cat=0
split_feature=88 3 126 57 38 9 7 3
split_gain=0.0635237 0.134941 0.274318 0.331292 0.0333328 0.109333 0.0269337 0.019513
threshold=31.995000000000005 71.250000000000014 480.20500000000004 21.381000000000004 30.845000000000002 116.72900000000001 263.2290000000001 64.765000000000015
decision_type=2 2 2 2 2 2 2 2
left_child=1 2 7 -4 5 -3 -6 -1
right_child=-2 4 3 -5 6 -7 -8 -9
leaf_value=0.00037211859989682124 0.00046903787224839081 0 0 -0.0020133266609794671 -0.0003494973541987845 0.00064053639841405742 0 0
leaf_weight=172 280 609 185 229 286 429 276 164
leaf_count=172 280 609 185 229 286 429 276 164
internal_value=0 -8.56714e-05 -0.000498211 -0.00112761 0 0.000196774 -5.39829e-05 0
internal_weight=2630 2350 750 414 1600 1038 562 336
internal_count=2630 2350 750 414 1600 1038 562 336
is_linear=0
shrinkage=0.0355277


Tree=382
num_leaves=7
num_cat=0
split_feature=93 132 134 13 94 44
split_gain=0.0649489 0.377811 0.0820697 0.0814366 0.0895373 0.0268191
threshold=30.52416666666667 -5.3501666666666727 -9.9477500000000116 47.923268667641089 32.770000000000003 81.845000000000013
decision_type=2 2 2 2 2 2
left_child=1 -1 5 4 -4 -2
right_child=2 -3 3 -5 -6 -7
leaf_value=-0.0017313906665713784 -0.00035615769562374032 0 0 0 0.00086716022808036 0
leaf_weight=171 261 1108 100 411 457 122
leaf_count=171 261 1108 100 411 457 122
internal_value=0 -0.000203704 0.000145345 0.000368514 0.000646208 0
internal_weight=2630 1279 1351 968 557 383
internal_count=2630 1279 1351 968 557 383
is_linear=0
shrinkage=0.0355277


Tree=383
num_leaves=9
num_cat=0
split_feature=43 99 8 24 129 115 15 3
split_gain=0.0609628 0.240191 0.288648 0.100906 0.100174 0.116749 0.0365403 0.0101714
threshold=30.345000000000002 2.3048674288171189 403.02000000000004 1.2713490498414817 -67.942833333333354 17.591060631408219 22.621362000000008 66.970000000000013
decision_type=2 2 2 2 2 2 2 2
left_child=1 -1 7 4 -2 -6 -5 -3
right_child=3 2 -4 6 5 -7 -8 -9
leaf_value=0 0 0 -0.0026992998666407471 -0.00053545141900137878 0 0.00093748605173251309 0 -0.00025218829960181279
leaf_weight=801 92 100 93 155 107 478 608 196
leaf_count=801 92 100 93 155 107 478 608 196
internal_value=0 -0.000210237 -0.00094955 0.000129084 0.000470952 0.000685801 0 0
internal_weight=2630 1190 389 1440 677 585 763 296
internal_count=2630 1190 389 1440 677 585 763 296
is_linear=0
shrinkage=0.0355277


Tree=384
num_leaves=8
num_cat=0
split_feature=141 96 38 115 126 84 73
split_gain=0.060169 0.256159 0.087562 0.058966 0.0481368 0.0762196 0.0315351
threshold=0.95000000000000118 26.320000000000004 30.795000000000005 21.641081476823857 475.41500000000002 32.545000000000009 10.055000000000001
decision_type=2 2 2 2 2 2 2
left_child=1 -1 3 -2 -4 -6 -5
right_child=2 -3 4 6 5 -7 -8
leaf_value=-0.0016717546406490387 0 0 0.00027971523541562616 0 -0.00061874923461100752 0 0.00076940423729701007
leaf_weight=127 93 1232 166 103 369 119 421
leaf_count=127 93 1232 166 103 369 119 421
internal_value=0 -0.000187539 0.000147933 0.000471491 0 -0.000309515 0.000633867
internal_weight=2630 1359 1271 617 654 488 524
internal_count=2630 1359 1271 617 654 488 524
is_linear=0
shrinkage=0.0355277


Tree=385
num_leaves=7
num_cat=0
split_feature=131 108 0 38 43 43
split_gain=0.0603064 0.201819 0.114657 0.0195479 0.126121 0.0429066
threshold=2.3149999999999999 50.730000000000011 33.295000000000009 29.795000000000005 29.745000000000001 32.045000000000009
decision_type=2 2 2 2 2 2
left_child=1 -1 -2 4 -3 -5
right_child=2 3 -4 5 -6 -7
leaf_value=-0.0013224134609486717 0 0 0.0014368752496303316 -0.0002794574252674714 0.00071762750415619886 0
leaf_weight=147 93 584 95 781 337 593
leaf_count=147 93 584 95 781 337 593
internal_value=0 -7.1718e-05 0.000572447 0 0.000136935 -7.27049e-05
internal_weight=2630 2442 188 2295 921 1374
internal_count=2630 2442 188 2295 921 1374
is_linear=0
shrinkage=0.0355277


Tree=386
num_leaves=9
num_cat=0
split_feature=132 0 15 134 9 100 100 31
split_gain=0.0605525 0.281536 0.081606 0.0865714 0.0433881 0.0724393 0.0380924 0.0159945
threshold=2.1565000000000016 27.845000000000002 23.100147500000002 -86.717949999999988 177.54150000000001 82.240000000000023 56.690000000000005 -0.9574497222574998
decision_type=2 2 2 2 2 2 2 2
left_child=1 -1 -2 -4 5 -3 -6 -5
right_child=2 4 3 7 6 -7 -8 -9
leaf_value=-0.0019076447361651078 0 -0.00047668522058427732 0 0 0 0 0.00035206890038463163 0.00078774673499453613
leaf_weight=102 264 535 99 117 101 410 570 432
leaf_count=102 264 535 99 117 101 410 570 432
internal_value=0 -0.00014686 0.000206792 0.000466433 0 -0.000181912 0.000185532 0.000673284
internal_weight=2630 1718 912 648 1616 945 671 549
internal_count=2630 1718 912 648 1616 945 671 549
is_linear=0
shrinkage=0.0355277


Tree=387
num_leaves=8
num_cat=0
split_feature=19 96 38 88 64 94 115
split_gain=0.0561112 0.114483 0.0768415 0.174462 0.139202 0.115221 0.153679
threshold=0.038839733134201977 27.145000000000007 30.795000000000005 31.795000000000005 293.93750000000006 31.445000000000004 21.641081476823857
decision_type=2 2 2 2 2 2 2
left_child=1 -1 5 4 -4 -2 -7
right_child=2 -3 3 -5 -6 6 -8
leaf_value=-0.001457692092266739 0 0 -0.00067913084500429376 0.00036296355536248126 0 0 0.00091866130785325328
leaf_weight=95 546 92 762 333 170 123 509
leaf_count=95 546 92 762 333 170 123 509
internal_value=0 -0.000601701 2.01902e-05 -4.76385e-05 -0.000436203 0.000283433 0.000614085
internal_weight=2630 187 2443 1265 932 1178 632
internal_count=2630 187 2443 1265 932 1178 632
is_linear=0
shrinkage=0.0355277


Tree=388
num_leaves=8
num_cat=0
split_feature=141 38 38 0 126 9 126
split_gain=0.055828 0.23946 0.075422 0.0792435 0.083778 0.0673061 0.0841242
threshold=0.95000000000000118 27.495000000000001 30.795000000000005 33.945000000000007 475.41500000000002 110.10400000000001 466.35500000000008
decision_type=2 2 2 2 2 2 2
left_child=1 -1 5 4 -4 -2 -7
right_child=2 -3 3 -5 -6 6 -8
leaf_value=-0.0018183365634557847 0 0 0 0.00070246301728997627 -0.00060808860568685051 0 0.00095442798771789889
leaf_weight=99 173 1260 144 98 412 107 337
leaf_count=99 173 1260 144 98 412 107 337
internal_value=0 -0.000180516 0.000142673 0 -0.000294616 0.0004411 0.000676932
internal_weight=2630 1359 1271 654 556 617 444
internal_count=2630 1359 1271 654 556 617 444
is_linear=0
shrinkage=0.0355277


Tree=389
num_leaves=7
num_cat=0
split_feature=131 108 0 7 84 84
split_gain=0.0567144 0.189806 0.105947 0.026566 0.0932493 0.0193484
threshold=2.3149999999999999 50.730000000000011 33.295000000000009 176.41650000000001 29.295000000000005 27.145000000000007
decision_type=2 2 2 2 2 2
left_child=1 -1 -2 5 -5 -3
right_child=2 3 -4 4 -6 -7
leaf_value=-0.0012825009767268938 0 0 0.0013848852439422045 0.00050276659807921471 0 -0.00031874607793007289
leaf_weight=147 93 97 95 503 1238 457
leaf_count=147 93 97 95 503 1238 457
internal_value=0 -6.96069e-05 0.000555046 0 7.9091e-05 -0.000200936
internal_weight=2630 2442 188 2295 1741 554
internal_count=2630 2442 188 2295 1741 554
is_linear=0
shrinkage=0.0355277


Tree=390
num_leaves=9
num_cat=0
split_feature=138 115 15 24 3 3 124 3
split_gain=0.0572432 0.362004 0.076781 0.0987959 0.0567191 0.0630932 0.0486827 0.0125719
threshold=-0.52999999999999392 98.059078158094948 22.909811000000001 4.8111984296165877 63.930000000000007 58.475000000000001 452.71000000000009 83.625000000000014
decision_type=2 2 2 2 2 2 2 2
left_child=1 4 -2 6 5 -1 -4 -6
right_child=2 -3 3 -5 7 -7 -8 -9
leaf_value=0 0 -0.0019889722768359742 0.00065884848975564063 0 -0.00023152417524858917 0.00084460116906850166 0 0
leaf_weight=98 435 122 700 102 598 183 164 228
leaf_count=98 435 122 700 102 598 183 164 228
internal_value=0 -0.000199026 0.000128799 0.000351759 0 0.000438228 0.000530661 -0.00014084
internal_weight=2630 1229 1401 966 1107 281 864 826
internal_count=2630 1229 1401 966 1107 281 864 826
is_linear=0
shrinkage=0.0355277


Tree=391
num_leaves=7
num_cat=0
split_feature=22 135 64 132 14 138
split_gain=0.0562086 0.102968 0.100372 0.033166 0.0489542 0.0136405
threshold=57.592725000000009 2.0500000000000029 236.81250000000003 2.1565000000000016 48.708500000000008 -0.29499999999999454
decision_type=2 2 2 2 2 2
left_child=2 3 -1 5 -5 -2
right_child=1 -3 -4 4 -6 -7
leaf_value=-0.0013027559128598373 -0.00022436010384846206 0.0008272064775522673 0 0 0.00035287145219221503 0
leaf_weight=109 862 188 222 141 614 494
leaf_count=109 862 188 222 141 614 494
internal_value=0 3.41591e-05 -0.000450141 0 0.000142239 -0.000139412
internal_weight=2630 2299 331 2111 755 1356
internal_count=2630 2299 331 2111 755 1356
is_linear=0
shrinkage=0.0355277


Tree=392
num_leaves=9
num_cat=0
split_feature=15 124 93 132 134 81 137 52
split_gain=0.0545102 0.221244 0.387045 0.0763521 0.0837348 0.0546218 0.0467446 0.0126059
threshold=22.554823500000001 215.62500000000003 29.785000000000007 2.4215000000000022 -86.717949999999988 29.853333333333342 0.44500000000000745 362.60500000000008
decision_type=2 2 2 2 2 2 2 2
left_child=1 5 -3 -2 -5 -1 -6 -4
right_child=3 2 7 4 6 -7 -8 -9
leaf_value=0.0007401106733280824 0 -0.0025077618393359669 -0.00021733307383029157 0 0 0 0.00083401010517613347 0
leaf_weight=120 1047 125 331 98 171 198 389 151
leaf_count=120 1047 125 331 98 171 198 389 151
internal_value=0 -0.000243541 -0.000738746 8.91318e-05 0.000406993 1.50377e-06 0.00061734 0
internal_weight=2630 925 607 1705 658 318 560 482
internal_count=2630 925 607 1705 658 318 560 482
is_linear=0
shrinkage=0.0355277


Tree=393
num_leaves=9
num_cat=0
split_feature=141 53 138 131 120 120 100 120
split_gain=0.0548098 0.129152 0.249757 0.0786417 0.0511614 0.0837148 0.0960108 0.0158512
threshold=0.40000000000000041 337.39500000000004 3.8299999999999987 -0.4391666666666651 227.39500000000001 260.10500000000008 71.265000000000015 546.1450000000001
decision_type=2 2 2 2 2 2 2 2
left_child=1 2 3 -1 -2 6 -6 -7
right_child=4 -3 -4 -5 5 7 -8 -9
leaf_value=-0.0025482605811922862 0.00048520455896565798 0 0 0 -0.00098413395406610183 0.00019060128680321983 0 0
leaf_weight=92 316 476 154 92 209 1061 93 137
leaf_count=92 316 476 154 92 209 1061 93 137
internal_value=0 -0.000265939 -0.000801683 -0.00168058 7.83996e-05 0 -0.000531335 0.0001248
internal_weight=2630 814 338 184 1816 1500 302 1198
internal_count=2630 814 338 184 1816 1500 302 1198
is_linear=0
shrinkage=0.0355277


Tree=394
num_leaves=7
num_cat=0
split_feature=131 108 136 4 4 24
split_gain=0.0524328 0.175853 0.102154 0.0652042 0.121215 0.098357
threshold=2.3149999999999999 51.360000000000007 2.6250000000000004 4151.6098769712398 4170.1177262367901 1.6291719112654841
decision_type=2 2 2 2 2 2
left_child=1 -1 -2 5 -5 -3
right_child=2 3 -4 4 -6 -7
leaf_value=-0.0011996074708108633 0 0.00036402254601748137 0.0013392649453533455 -0.0008110517251032495 0 0
leaf_weight=157 92 1099 96 318 201 667
leaf_count=157 92 1099 96 318 201 667
internal_value=0 -7.12035e-05 0.000526651 0 -0.000338222 0.000112086
internal_weight=2630 2442 188 2285 519 1766
internal_count=2630 2442 188 2285 519 1766
is_linear=0
shrinkage=0.0355277


Tree=395
num_leaves=6
num_cat=0
split_feature=93 132 131 81 82
split_gain=0.0527452 0.338042 0.122531 0.090735 0.01017
threshold=30.52416666666667 -5.3501666666666727 2.1633333333333362 30.795000000000009 33.895000000000003
decision_type=2 2 2 2 2
left_child=1 -1 3 -2 -5
right_child=2 -3 -4 4 -6
leaf_value=-0.0016345557275299558 0.0005717367651730099 0 0.0013120863579475076 0 -0.00043055487723582227
leaf_weight=171 288 1108 96 804 163
leaf_count=171 288 1108 96 804 163
internal_value=0 -0.000188936 0.000123545 0 -0.000137777
internal_weight=2630 1279 1351 1255 967
internal_count=2630 1279 1351 1255 967
is_linear=0
shrinkage=0.0355277


Tree=396
num_leaves=6
num_cat=0
split_feature=94 3 3 3 90
split_gain=0.0515658 0.206287 0.0387536 0.123565 0.010343
threshold=35.820000000000007 58.475000000000001 63.930000000000007 70.645000000000024 34.945000000000007
decision_type=2 2 2 2 2
left_child=1 -1 -3 -4 -2
right_child=4 2 3 -5 -6
leaf_value=-0.0015237824507308261 0 0.00041063210070160208 -0.00062373303819899216 0 0.00072353917695102505
leaf_weight=112 95 252 409 1644 118
leaf_count=112 95 252 409 1644 118
internal_value=0 -7.40822e-05 0 -5.13759e-05 0.000486445
internal_weight=2630 2417 2305 2053 213
internal_count=2630 2417 2305 2053 213
is_linear=0
shrinkage=0.0355277


Tree=397
num_leaves=8
num_cat=0
split_feature=141 38 38 0 126 9 126
split_gain=0.051518 0.217662 0.0708209 0.0676696 0.0796318 0.0650821 0.0790498
threshold=0.95000000000000118 27.495000000000001 30.795000000000005 33.945000000000007 475.41500000000002 110.10400000000001 466.35500000000008
decision_type=2 2 2 2 2 2 2
left_child=1 -1 5 4 -4 -2 -7
right_child=2 -3 3 -5 -6 6 -8
leaf_value=-0.0017365213142618019 0 0 0 0.00063082340208646111 -0.00058824228896210739 0 0.00092734460285309208
leaf_weight=99 173 1260 144 98 412 107 337
leaf_count=99 173 1260 144 98 412 107 337
internal_value=0 -0.000174352 0.00013577 0 -0.000280098 0.000425799 0.000658507
internal_weight=2630 1359 1271 654 556 617 444
internal_count=2630 1359 1271 654 556 617 444
is_linear=0
shrinkage=0.0355277


Tree=398
num_leaves=8
num_cat=0
split_feature=22 52 141 7 44 22 14
split_gain=0.0507083 0.106337 0.0976306 0.0779527 0.0365607 0.0274063 0.0135626
threshold=57.592725000000009 370.93500000000006 2.2250000000000001 211.72900000000001 68.425000000000026 161.35220575000002 69.042000000000016
decision_type=2 2 2 2 2 2 2
left_child=1 -1 4 -4 -2 -5 -6
right_child=2 -3 3 5 6 -7 -8
leaf_value=-0.0011306514624774085 -0.00032575907132641299 0 0 0.0013417991019490096 0.00014787486916939405 0 0
leaf_weight=147 429 184 100 138 777 166 689
leaf_count=147 429 184 100 138 777 166 689
internal_value=0 -0.000426235 3.48809e-05 0.00055453 0 0.000851044 0
internal_weight=2630 331 2299 404 1895 304 1466
internal_count=2630 331 2299 404 1895 304 1466
is_linear=0
shrinkage=0.0355277


Tree=399
num_leaves=6
num_cat=0
split_feature=88 132 13 38 3
split_gain=0.050355 0.174106 0.102037 0.192718 0.0535441
threshold=31.795000000000005 -9.8608333333333338 50.334553809348797 29.845000000000002 89.920000000000016
decision_type=2 2 2 2 2
left_child=1 -1 3 -3 -4
right_child=-2 2 4 -5 -6
leaf_value=-0.0014793740540020421 0.00036335312507558548 0.00070406835558068346 -0.00048156984247131563 0 0
leaf_weight=102 352 562 676 841 97
leaf_count=102 352 562 676 841 97
internal_value=0 -8.45109e-05 0 0.000164762 -0.000340961
internal_weight=2630 2278 2176 1403 773
internal_count=2630 2278 2176 1403 773
is_linear=0
shrinkage=0.0355277


Tree=400
num_leaves=6
num_cat=0
split_feature=93 132 131 38 82
split_gain=0.0495697 0.308287 0.114064 0.0554893 0.0216172
threshold=30.52416666666667 -5.3501666666666727 2.0949999999999993 30.795000000000005 33.895000000000003
decision_type=2 2 2 2 2
left_child=1 -1 3 -2 -5
right_child=2 -3 -4 4 -6
leaf_value=-0.0015611148621055523 0.00046086101584844432 0 0.0012411692005435879 0 -0.00047259032004165388
leaf_weight=171 279 1108 101 812 159
leaf_count=171 279 1108 101 812 159
internal_value=0 -0.000180612 0.000123378 0 -9.88018e-05
internal_weight=2630 1279 1351 1250 971
internal_count=2630 1279 1351 1250 971
is_linear=0
shrinkage=0.0355277


Tree=401
num_leaves=8
num_cat=0
split_feature=141 82 4 94 7 100 136
split_gain=0.0494999 0.139292 0.0947595 0.0999877 0.0497621 0.2074 0.0609529
threshold=0.40000000000000041 28.495000000000001 4131.1355049889635 32.295000000000009 289.93750000000006 82.240000000000023 0.40000000000000396
decision_type=2 2 2 2 2 2 2
left_child=1 -1 3 -2 5 -4 -6
right_child=2 -3 4 -5 6 -7 -8
leaf_value=-0.0013997443436532481 0 0 -0.00078754276330650678 0.00085600255838547135 0 0 0.00082763403805456574
leaf_weight=110 346 704 497 345 101 402 125
leaf_count=110 346 704 497 345 101 402 125
internal_value=0 -0.000249896 7.8688e-05 0.000433386 0 -0.000235316 0.000234082
internal_weight=2630 814 1816 691 1125 899 226
internal_count=2630 814 1816 691 1125 899 226
is_linear=0
shrinkage=0.0355277


Tree=402
num_leaves=6
num_cat=0
split_feature=88 132 13 38 3
split_gain=0.0477484 0.158771 0.0900224 0.181102 0.0515445
threshold=31.795000000000005 -9.8608333333333338 50.334553809348797 29.845000000000002 89.920000000000016
decision_type=2 2 2 2 2
left_child=1 -1 3 -3 -4
right_child=-2 2 4 -5 -6
leaf_value=-0.0014124834886694822 0.000356436182686538 0.00067964971461292618 -0.00046109036447182516 0 0
leaf_weight=102 352 562 676 841 97
leaf_count=102 352 562 676 841 97
internal_value=0 -8.05086e-05 0 0.000154708 -0.000320303
internal_weight=2630 2278 2176 1403 773
internal_count=2630 2278 2176 1403 773
is_linear=0
shrinkage=0.0355277


Tree=403
num_leaves=6
num_cat=0
split_feature=141 38 14 115 126
split_gain=0.0485914 0.197445 0.0646099 0.0924134 0.0716692
threshold=0.95000000000000118 27.495000000000001 68.812500000000014 16.548716856462814 434.69000000000005
decision_type=2 2 2 2 2
left_child=1 -1 3 -2 -5
right_child=2 -3 -4 4 -6
leaf_value=-0.0016562554585354738 0 0 0 0 0.00069886633495760378
leaf_weight=99 129 1260 401 109 632
leaf_count=99 129 1260 401 109 632
internal_value=0 -0.000167843 0.00013387 0.000345306 0.000544069
internal_weight=2630 1359 1271 870 741
internal_count=2630 1359 1271 870 741
is_linear=0
shrinkage=0.0355277


Tree=404
num_leaves=6
num_cat=0
split_feature=94 137 24 38 3
split_gain=0.0466078 0.196819 0.0313429 0.13886 0.0926753
threshold=35.820000000000007 -11.075000000000008 1.6291719112654841 29.895000000000007 84.75500000000001
decision_type=2 2 2 2 2
left_child=1 -1 3 -3 -4
right_child=-2 2 4 -5 -6
leaf_value=-0.0014049096079445439 0.00046331615003887859 0.00069752312332022493 -0.00095022148880981696 0 0
leaf_weight=126 213 385 151 1160 595
leaf_count=126 213 385 151 1160 595
internal_value=0 -6.99257e-05 0 9.80171e-05 -0.00018111
internal_weight=2630 2417 2291 1545 746
internal_count=2630 2417 2291 1545 746
is_linear=0
shrinkage=0.0355277


Tree=405
num_leaves=5
num_cat=0
split_feature=15 90 137 3
split_gain=0.046234 0.0861245 0.147409 0.043811
threshold=26.1771645 35.820000000000007 -11.075000000000008 64.925000000000026
decision_type=2 2 2 2
left_child=1 2 -1 -4
right_child=-2 -3 3 -5
leaf_value=-0.0014038393104891212 0.00065966430022289658 0.00061077075079735154 0.0001635368155571708 -0.00015366231044207528
leaf_weight=128 109 99 332 1962
leaf_count=128 109 99 332 1962
internal_value=0 -5.75614e-05 -0.000179195 -9.37957e-06
internal_weight=2630 2521 2422 2294
internal_count=2630 2521 2422 2294
is_linear=0
shrinkage=0.0355277


Tree=406
num_leaves=8
num_cat=0
split_feature=141 53 138 88 108 41 141
split_gain=0.0453635 0.118594 0.231759 0.0514002 0.0474226 0.0844188 0.0687472
threshold=0.40000000000000041 337.39500000000004 3.8299999999999987 30.445000000000004 53.360000000000007 31.195000000000004 0.84999999999999976
decision_type=2 2 2 2 2 2 2
left_child=1 2 3 -1 -2 -6 -7
right_child=4 -3 -4 -5 5 6 -8
leaf_value=-0.0023793536104525725 0 0 0 0 0 0 0.00079502746054229724
leaf_weight=92 188 476 154 92 1035 182 411
leaf_count=92 188 476 154 92 1035 182 411
internal_value=0 -0.00023932 -0.000756224 -0.00160513 7.51963e-05 0.000207221 0.000543214
internal_weight=2630 814 338 184 1816 1628 593
internal_count=2630 814 338 184 1816 1628 593
is_linear=0
shrinkage=0.0355277


Tree=407
num_leaves=7
num_cat=0
split_feature=131 108 136 4 4 7
split_gain=0.0457528 0.159631 0.0907519 0.0637974 0.118028 0.111514
threshold=2.3149999999999999 50.730000000000011 2.6250000000000004 4151.6098769712398 4170.1177262367901 210.04150000000001
decision_type=2 2 2 2 2 2
left_child=1 -1 -2 5 -5 -3
right_child=2 3 -4 4 -6 -7
leaf_value=-0.0011771044817981905 0 0 0.0012609937972812573 -0.00079968823369608571 0 0.00045158760083502202
leaf_weight=147 92 984 96 319 201 791
leaf_count=147 92 984 96 319 201 791
internal_value=0 -6.49286e-05 0.000494626 0 -0.000334319 0.000110515
internal_weight=2630 2442 188 2295 520 1775
internal_count=2630 2442 188 2295 520 1775
is_linear=0
shrinkage=0.0355277


Tree=408
num_leaves=6
num_cat=0
split_feature=15 24 132 134 137
split_gain=0.0459166 0.184383 0.0842561 0.0832405 0.0263774
threshold=23.100147500000002 1.3785845839578295 2.4215000000000022 -86.717949999999988 0.5250000000000058
decision_type=2 2 2 2 2
left_child=1 -1 -2 -4 -5
right_child=2 -3 3 4 -6
leaf_value=0 0 -0.0016728549827007789 0 0 0.00086994488694506805
leaf_weight=947 989 93 96 169 336
leaf_count=947 989 93 96 169 336
internal_value=0 -0.000204976 9.37118e-05 0.000445351 0.000664285
internal_weight=2630 1040 1590 601 505
internal_count=2630 1040 1590 601 505
is_linear=0
shrinkage=0.0355277


Tree=409
num_leaves=7
num_cat=0
split_feature=43 131 24 115 44 4
split_gain=0.0447424 0.197829 0.0866672 0.082877 0.0237965 0.015253
threshold=30.345000000000002 -1.615 1.2713490498414817 20.138976214150322 81.640000000000015 4138.3571352092722
decision_type=2 2 2 2 2 2
left_child=1 -1 3 -2 -4 -3
right_child=2 5 4 -5 -6 -7
leaf_value=-0.0016968168924500423 0 3.5606637636231939e-05 -0.00023266406925732155 0.00065912611359945385 0 -0.00023638031051368788
leaf_weight=95 154 774 549 523 214 321
leaf_count=95 154 774 549 523 214 321
internal_value=0 -0.00018451 0.000104412 0.000428112 0 0
internal_weight=2630 1190 1440 677 763 1095
internal_count=2630 1190 1440 677 763 1095
is_linear=0
shrinkage=0.0355277


Tree=410
num_leaves=9
num_cat=0
split_feature=15 90 24 132 15 3 3 3
split_gain=0.0445095 0.241716 0.0383776 0.0442536 0.048524 0.028615 0.232056 0.0484996
threshold=23.856547500000001 30.645000000000007 2.4476182178211503 -0.22516666666666649 25.616795000000007 64.765000000000015 57.765000000000008 70.645000000000024
decision_type=2 2 2 2 2 2 2 2
left_child=1 -1 3 -2 -5 6 -3 -7
right_child=2 5 -4 4 -6 7 -8 -9
leaf_value=-0.0016754098877520963 0 -1.7691522307975781e-05 0 0 0.00093555498865206983 -0.00047221845227608458 0.00098099886451549875 0
leaf_weight=117 451 97 285 462 202 342 319 355
leaf_count=117 451 97 285 462 202 342 319 355
internal_value=0 -0.000179431 0.000107979 0.000240503 0.000424465 0 0.000216449 -0.000152536
internal_weight=2630 1230 1400 1115 664 1113 416 697
internal_count=2630 1230 1400 1115 664 1113 416 697
is_linear=0
shrinkage=0.0355277


Tree=411
num_leaves=10
num_cat=0
split_feature=15 124 93 132 9 88 13 19 52
split_gain=0.0440083 0.20103 0.339396 0.063852 0.0501835 0.0499532 0.0397424 0.0104994 0.0102408
threshold=22.554823500000001 215.62500000000003 29.785000000000007 2.4215000000000022 34.979500000000009 29.845000000000002 44.583230267416461 0.093595082317013703 362.60500000000008
decision_type=2 2 2 2 2 2 2 2 2
left_child=1 5 -3 -2 -5 7 -6 -1 -4
right_child=3 2 8 4 6 -7 -8 -9 -10
leaf_value=0.00084499249158057543 0 -0.0023580510466190002 -0.00019588698494208385 0 0.00087129603594180642 0 0 0 0
leaf_weight=101 1047 125 331 124 263 117 271 100 151
leaf_count=101 1047 125 331 124 263 117 271 100 151
internal_value=0 -0.000221178 -0.000698806 7.64929e-05 0.000369435 0 0.000534004 0.000552082 0
internal_weight=2630 925 607 1705 658 318 534 201 482
internal_count=2630 925 607 1705 658 318 534 201 482
is_linear=0
shrinkage=0.0355277


Tree=412
num_leaves=7
num_cat=0
split_feature=131 108 136 4 4 7
split_gain=0.0423365 0.149463 0.0842684 0.0572291 0.111491 0.103352
threshold=2.3149999999999999 51.360000000000007 2.6250000000000004 4151.6098769712398 4170.1177262367901 210.04150000000001
decision_type=2 2 2 2 2 2
left_child=1 -1 -2 5 -5 -3
right_child=2 3 -4 4 -6 -7
leaf_value=-0.0011072037048772349 0 0 0.0012086052140230427 -0.00077391755108898906 0 0.00043551139120542447
leaf_weight=157 92 984 96 318 201 782
leaf_count=157 92 984 96 318 201 782
internal_value=0 -6.70448e-05 0.000467852 0 -0.000318529 0.000103504
internal_weight=2630 2442 188 2285 519 1766
internal_count=2630 2442 188 2285 519 1766
is_linear=0
shrinkage=0.0355277


Tree=413
num_leaves=9
num_cat=0
split_feature=44 136 9 115 84 138 108 131
split_gain=0.0425157 0.238198 0.0947549 0.124251 0.0422259 0.0182818 0.0325226 0.0139707
threshold=69.735000000000014 -0.59999999999999598 154.52100000000004 34.680028327021972 30.195000000000004 1.2649999999999937 82.115000000000023 -0.75750000000000017
decision_type=2 2 2 2 2 2 2 2
left_child=1 7 5 -4 -5 6 -2 -1
right_child=2 -3 3 4 -6 -7 -8 -9
leaf_value=-0.0017830471931629612 -0.00053165841866202785 0 0 0.0014508101748337812 0 0 0 0
leaf_weight=109 221 524 359 154 350 458 342 113
leaf_count=109 221 524 359 154 350 458 342 113
internal_value=0 -0.000249755 5.98269e-05 0.000381363 0.000745275 0 -0.000201406 -0.00123502
internal_weight=2630 746 1884 863 504 1021 563 222
internal_count=2630 746 1884 863 504 1021 563 222
is_linear=0
shrinkage=0.0355277


Tree=414
num_leaves=6
num_cat=0
split_feature=88 132 8 84 134
split_gain=0.0423402 0.120843 0.456387 0.0872629 0.046681
threshold=31.995000000000005 -4.0756666666666765 401.56500000000005 27.145000000000007 16.73886666666667
decision_type=2 2 2 2 2
left_child=1 2 -1 -3 -5
right_child=-2 3 -4 4 -6
leaf_value=0 0.00037374120327102515 0.00080522154240492269 -0.0023117053834753498 -0.00022339860926679295 1.3212034771270253e-05
leaf_weight=336 280 163 133 1186 532
leaf_count=336 280 163 133 1186 532
internal_value=0 -7.5733e-05 -0.00059132 0 -1.94873e-05
internal_weight=2630 2350 469 1881 1718
internal_count=2630 2350 469 1881 1718
is_linear=0
shrinkage=0.0355277


Tree=415
num_leaves=6
num_cat=0
split_feature=15 24 132 134 43
split_gain=0.0407092 0.163475 0.0754668 0.0765565 0.033499
threshold=23.100147500000002 1.3785845839578295 2.4215000000000022 -86.717949999999988 33.045000000000009
decision_type=2 2 2 2 2
left_child=1 -1 -2 -4 -5
right_child=2 -3 3 4 -6
leaf_value=0 0 -0.0015746994100439534 0 0.00077119229126463575 0
leaf_weight=947 989 93 96 409 96
leaf_count=947 989 93 96 409 96
internal_value=0 -0.000192651 8.87399e-05 0.000421511 0.000632621
internal_weight=2630 1040 1590 601 505
internal_count=2630 1040 1590 601 505
is_linear=0
shrinkage=0.0355277


Tree=416
num_leaves=9
num_cat=0
split_feature=141 131 4 14 89 15 88 15
split_gain=0.0402534 0.0993318 0.0879082 0.095858 0.116904 0.0560211 0.112549 0.0111816
threshold=0.40000000000000041 -2.4816666666666669 4131.1355049889635 45.708500000000008 28.657500000000002 24.626838500000005 31.945000000000004 26.059708500000003
decision_type=2 2 2 2 2 2 2 2
left_child=1 -1 3 -2 -5 6 -4 -7
right_child=2 -3 5 4 -6 7 -8 -9
leaf_value=-0.0013106279789676363 0 0 -0.00074778006024797596 0 0.0011256905231279224 0 0 0.00034322701235754775
leaf_weight=92 244 722 374 147 300 542 92 117
leaf_count=92 244 722 374 147 300 542 92 117
internal_value=0 -0.0002283 6.6581e-05 0.000413299 0.000728027 0 -0.000386121 2.32906e-05
internal_weight=2630 814 1816 691 447 1125 466 659
internal_count=2630 814 1816 691 447 1125 466 659
is_linear=0
shrinkage=0.0355277


Tree=417
num_leaves=9
num_cat=0
split_feature=43 99 57 22 131 38 88 84
split_gain=0.0398172 0.195711 0.212392 0.152318 0.0667262 0.0661046 0.104252 0.0194123
threshold=30.345000000000002 2.3048674288171189 22.510500000000004 226.51379935000003 2.0566666666666671 30.645000000000007 31.795000000000005 29.295000000000005
decision_type=2 2 2 2 2 2 2 2
left_child=1 -1 -3 -4 5 7 -7 -2
right_child=4 2 3 -5 -6 6 -8 -9
leaf_value=0 0.00057757222890265263 0 -0.0023927512659279995 0 0.00099229239487224393 -0.00047792114746431227 0 0
leaf_weight=801 272 165 124 100 94 637 317 120
leaf_count=801 272 165 124 100 94 637 317 120
internal_value=0 -0.00017386 -0.000846846 -0.00154861 9.87881e-05 0 -0.000126036 0.000413995
internal_weight=2630 1190 389 224 1440 1346 954 392
internal_count=2630 1190 389 224 1440 1346 954 392
is_linear=0
shrinkage=0.0355277


Tree=418
num_leaves=6
num_cat=0
split_feature=93 115 131 92 92
split_gain=0.0406089 0.117622 0.0933356 0.0331579 0.0599056
threshold=30.52416666666667 99.25967371673697 2.0949999999999993 29.295000000000005 31.295000000000005
decision_type=2 2 2 2 2
left_child=1 -1 3 -2 -5
right_child=2 -3 -4 4 -6
leaf_value=0 0.0003257975417438399 -0.0011170557230815396 0.0011260968670656487 -0.00037668406862676195 0
leaf_weight=1139 331 140 101 570 349
leaf_count=1139 331 140 101 570 349
internal_value=0 -0.000161591 0.000114238 0 -8.11875e-05
internal_weight=2630 1279 1351 1250 919
internal_count=2630 1279 1351 1250 919
is_linear=0
shrinkage=0.0355277


Tree=419
num_leaves=6
num_cat=0
split_feature=93 115 131 92 92
split_gain=0.0391612 0.109359 0.0862907 0.0302832 0.0563642
threshold=30.52416666666667 99.25967371673697 2.0949999999999993 29.295000000000005 31.295000000000005
decision_type=2 2 2 2 2
left_child=1 -1 3 -2 -5
right_child=2 -3 -4 4 -6
leaf_value=0 0.00031442428931393858 -0.0010789654976223258 0.0010882856549144769 -0.00036343766806365782 0
leaf_weight=1139 331 140 101 570 349
leaf_count=1139 331 140 101 570 349
internal_value=0 -0.000157266 0.000114058 0 -7.29396e-05
internal_weight=2630 1279 1351 1250 919
internal_count=2630 1279 1351 1250 919
is_linear=0
shrinkage=0.0355277


Tree=420
num_leaves=7
num_cat=0
split_feature=15 134 138 134 14 90
split_gain=0.0394198 0.153231 0.0598973 0.095908 0.0704127 0.0270701
threshold=22.554823500000001 -9.9477500000000116 -0.52999999999999392 -86.717949999999988 71.146000000000015 30.995000000000001
decision_type=2 2 2 2 2 2
left_child=1 -1 -2 -4 -5 -3
right_child=2 5 3 4 -6 -7
leaf_value=-0.0015361041825119157 0 -0.00046111222986729844 0 0.00076123526355098179 0 4.9058870545970228e-05
leaf_weight=92 683 147 108 508 406 686
leaf_count=92 683 147 108 508 406 686
internal_value=0 -0.00020076 8.4577e-05 0.000292336 0.000476547 0
internal_weight=2630 925 1705 1022 914 833
internal_count=2630 925 1705 1022 914 833
is_linear=0
shrinkage=0.0355277


Tree=421
num_leaves=7
num_cat=0
split_feature=22 52 135 24 44 4
split_gain=0.0385493 0.0896055 0.0817771 0.0410597 0.0278288 0.0835381
threshold=57.592725000000009 370.93500000000006 2.0500000000000029 1.2553995032656984 68.425000000000026 4134.082994702575
decision_type=2 2 2 2 2 2
left_child=1 -1 4 -4 -2 -6
right_child=2 -3 3 -5 5 -7
leaf_value=-0.0010208680814173447 -0.00025334239915575688 0 0.0012557965194148952 0 0.00040507190748172921 0
leaf_weight=147 505 184 94 94 651 955
leaf_count=147 505 184 94 94 651 955
internal_value=0 -0.00037038 3.25757e-05 0.000738273 0 3.80801e-05
internal_weight=2630 331 2299 188 2111 1606
internal_count=2630 331 2299 188 2111 1606
is_linear=0
shrinkage=0.0355277


Tree=422
num_leaves=9
num_cat=0
split_feature=43 99 120 22 24 115 44 129
split_gain=0.037225 0.181589 0.208258 0.202755 0.0794087 0.0601806 0.0287949 0.0273367
threshold=30.345000000000002 2.3048674288171189 218.33000000000001 171.78894990000001 1.3385021726135446 17.777583730870528 82.115000000000023 -65.433833333333297
decision_type=2 2 2 2 2 2 2 2
left_child=1 -1 -3 -4 5 -2 -6 -7
right_child=4 2 3 -5 6 7 -8 -9
leaf_value=0 0 0 -0.0023624353521650666 0 -0.00035972886345521132 0 0 0.00056228246037910918
leaf_weight=801 172 118 134 137 275 99 188 706
leaf_count=801 172 118 134 137 275 99 188 706
internal_value=0 -0.000165155 -0.000814289 -0.00137663 9.96848e-05 0.000341462 0 0.000484776
internal_weight=2630 1190 389 271 1440 977 463 805
internal_count=2630 1190 389 271 1440 977 463 805
is_linear=0
shrinkage=0.0355277


Tree=423
num_leaves=8
num_cat=0
split_feature=135 138 4 4 15 15 52
split_gain=0.0358734 0.227126 0.0799393 0.0883324 0.146795 0.0747873 0.139886
threshold=-1.1749999999999987 0.46000000000000091 4131.1355049889635 4103.7479669408012 18.547405000000005 26.059708500000003 361.56500000000005
decision_type=2 2 2 2 2 2 2
left_child=1 -1 3 4 -2 6 -4
right_child=2 -3 5 -5 -6 -7 -8
leaf_value=-0.0014754078570795638 0.001042782336165929 0 -0.00082037649439620599 0.00064327034017078481 -0.00054147532606188791 0.0005005687016923898 0
leaf_weight=145 95 322 351 516 252 117 832
leaf_count=145 95 322 351 516 252 117 832
internal_value=0 -0.000297064 4.04626e-05 0.000346722 0 0 -0.000231313
internal_weight=2630 467 2163 863 347 1300 1183
internal_count=2630 467 2163 863 347 1300 1183
is_linear=0
shrinkage=0.0355277


Tree=424
num_leaves=9
num_cat=0
split_feature=93 124 100 53 131 86 92 92
split_gain=0.0371668 0.102861 0.339737 0.204146 0.0808715 0.0313749 0.0280516 0.0535321
threshold=30.52416666666667 215.62500000000003 82.240000000000023 370.93500000000006 2.0949999999999993 31.545000000000005 29.295000000000005 31.295000000000005
decision_type=2 2 2 2 2 2 2 2
left_child=1 5 3 -3 6 -1 -2 -8
right_child=4 2 -4 -5 -6 -7 7 -9
leaf_value=0.00049010831969536735 0.00030282145929869759 -0.0018671186722984488 0 0 0.0010537209776796134 0 -0.00035380443967890883 0
leaf_weight=159 331 237 629 145 101 109 570 349
leaf_count=159 331 237 629 145 101 109 570 349
internal_value=0 -0.000153648 -0.000396875 -0.00123229 0.000110541 0 0 -6.98798e-05
internal_weight=2630 1279 1011 382 1351 268 1250 919
internal_count=2630 1279 1011 382 1351 268 1250 919
is_linear=0
shrinkage=0.0355277


Tree=425
num_leaves=4
num_cat=0
split_feature=94 137 7
split_gain=0.0352843 0.158838 0.0290406
threshold=35.820000000000007 -10.369999999999996 176.41650000000001
decision_type=2 2 2
left_child=1 -1 -3
right_child=-2 2 -4
leaf_value=-0.0011637361033565712 0.00041667696514251858 -0.00019609680780282733 9.3819972865006075e-05
leaf_weight=147 213 553 1717
leaf_count=147 213 553 1717
internal_value=0 -5.19425e-05 0
internal_weight=2630 2417 2270
internal_count=2630 2417 2270
is_linear=0
shrinkage=0.0355277


Tree=426
num_leaves=8
num_cat=0
split_feature=19 4 13 15 0 4 15
split_gain=0.0352816 0.14241 0.129832 0.075527 0.211787 0.0942226 0.0656194
threshold=0.038839733134201977 4082.553675312161 -17.222646785864594 23.100147500000002 30.495000000000001 4139.9336164745364 24.690565500000002
decision_type=2 2 2 2 2 2 2
left_child=6 2 -2 4 -3 -5 -1
right_child=1 3 -4 5 -6 -7 -8
leaf_value=-0.0011346718916940746 0 -0.0012695814998816249 0.0017483076558050727 0.0004706062403731671 0 0 0
leaf_weight=92 93 212 107 583 610 838 95
leaf_count=92 93 212 107 583 610 838 95
internal_value=0 2.35434e-05 0.000937947 0 -0.000318242 8.97242e-05 -0.000473142
internal_weight=2630 2443 200 2243 822 1421 187
internal_count=2630 2443 200 2243 822 1421 187
is_linear=0
shrinkage=0.0355277


Tree=427
num_leaves=7
num_cat=0
split_feature=141 132 4 41 7 99
split_gain=0.0342851 0.172225 0.139017 0.061729 0.0559223 0.137182
threshold=0.95000000000000118 -5.6153333333333384 4130.9463476314559 30.295000000000005 289.37500000000006 2.2108066224869023
decision_type=2 2 2 2 2 2
left_child=1 -1 3 -2 5 -4
right_child=2 -3 4 -5 -6 -7
leaf_value=-0.0013949866585240512 0 0 0 0.001259510518210353 0.00025665099329224276 -0.0010025714215062202
leaf_weight=119 328 1240 410 165 141 227
leaf_count=119 328 1240 410 165 141 227
internal_value=0 -0.000136963 0.000117644 0.000622223 0 -0.000307816
internal_weight=2630 1359 1271 493 778 637
internal_count=2630 1359 1271 493 778 637
is_linear=0
shrinkage=0.0355277


Tree=428
num_leaves=6
num_cat=0
split_feature=93 132 134 13 141
split_gain=0.0346981 0.239797 0.0582799 0.0680688 0.0698162
threshold=30.52416666666667 -5.3501666666666727 -9.9477500000000116 47.923268667641089 0.84999999999999976
decision_type=2 2 2 2 2
left_child=1 -1 -2 4 -4
right_child=2 -3 3 -5 -6
leaf_value=-0.0013642608361444728 0 0 0 0 0.00092161144981921901
leaf_weight=171 383 1108 251 411 306
leaf_count=171 383 1108 251 411 306
internal_value=0 -0.00014364 0.000112872 0.000305428 0.000560398
internal_weight=2630 1279 1351 968 557
internal_count=2630 1279 1351 968 557
is_linear=0
shrinkage=0.0355277


Tree=429
num_leaves=6
num_cat=0
split_feature=88 132 13 84 3
split_gain=0.0337665 0.124984 0.072078 0.110759 0.0428632
threshold=31.795000000000005 -9.8608333333333338 50.334553809348797 28.745000000000001 89.920000000000016
decision_type=2 2 2 2 2
left_child=1 -1 3 -3 -4
right_child=-2 2 4 -5 -6
leaf_value=-0.0012431531880360434 0.00030676582741430045 0.00061287367050239297 -0.00040961046289589504 0 0
leaf_weight=102 352 448 676 955 97
leaf_count=102 352 448 676 955 97
internal_value=0 -6.25779e-05 0 0.000147561 -0.000278248
internal_weight=2630 2278 2176 1403 773
internal_count=2630 2278 2176 1403 773
is_linear=0
shrinkage=0.0355277


Tree=430
num_leaves=8
num_cat=0
split_feature=135 138 89 9 136 135 88
split_gain=0.0335827 0.128615 0.229139 0.0709351 0.119378 0.0766495 0.0130011
threshold=0.19999999999999754 0.39499999999999963 28.471785714285719 171.64600000000004 -0.52500000000000024 0.79999999999999905 27.145000000000007
decision_type=2 2 2 2 2 2 2
left_child=1 2 -1 -2 -5 -6 -3
right_child=3 6 -4 4 5 -7 -8
leaf_value=-0.0021482816332175593 0 0.00039004389813669682 0 0 0 0.0010438703339104751 0
leaf_weight=97 603 102 571 114 145 321 677
leaf_count=97 603 102 571 114 145 321 677
internal_value=0 -0.000126309 -0.000524696 0.000127115 0.00043083 0.000741477 0
internal_weight=2630 1447 668 1183 580 466 779
internal_count=2630 1447 668 1183 580 466 779
is_linear=0
shrinkage=0.0355277


Tree=431
num_leaves=5
num_cat=0
split_feature=94 3 3 3
split_gain=0.0315684 0.166173 0.0350111 0.0969034
threshold=35.820000000000007 58.475000000000001 63.930000000000007 70.645000000000024
decision_type=2 2 2 2
left_child=1 -1 -3 -4
right_child=-2 2 3 -5
leaf_value=-0.0013539954562531539 0.00039126821114648203 0.00040321437087576163 -0.00054798766589124795 0
leaf_weight=112 213 252 409 1644
leaf_count=112 213 252 409 1644
internal_value=0 -5.11531e-05 0 -3.3184e-05
internal_weight=2630 2417 2305 2053
internal_count=2630 2417 2305 2053
is_linear=0
shrinkage=0.0355277


Tree=432
num_leaves=7
num_cat=0
split_feature=22 18 135 24 44 4
split_gain=0.0321944 0.0770907 0.076339 0.0376583 0.0211534 0.0766531
threshold=57.592725000000009 2.6927802387796631 2.0500000000000029 1.2553995032656984 68.425000000000026 4134.082994702575
decision_type=2 2 2 2 2 2
left_child=1 -1 4 -4 -2 -6
right_child=2 -3 3 -5 5 -7
leaf_value=-0.0011242600632669051 -0.0002203823784125123 0 0.001212233605487943 0 0.00038751704957345372 0
leaf_weight=101 505 230 94 94 651 955
leaf_count=101 505 230 94 94 651 955
internal_value=0 -0.000334847 3.52632e-05 0.000715407 0 3.42268e-05
internal_weight=2630 331 2299 188 2111 1606
internal_count=2630 331 2299 188 2111 1606
is_linear=0
shrinkage=0.0355277


Tree=433
num_leaves=6
num_cat=0
split_feature=141 82 108 124 108
split_gain=0.0317661 0.120492 0.0431977 0.0730698 0.0370736
threshold=0.45000000000000112 28.495000000000001 53.360000000000007 240.31500000000003 68.250000000000014
decision_type=2 2 2 2 2
left_child=1 -1 -2 4 -4
right_child=2 -3 3 -5 -6
leaf_value=-0.0012259080059747755 0 0 0.0007135670186412613 0 0
leaf_weight=116 187 738 392 1103 94
leaf_count=116 187 738 392 1103 94
internal_value=0 -0.00019006 7.12072e-05 0.000199632 0.00056279
internal_weight=2630 854 1776 1589 486
internal_count=2630 854 1776 1589 486
is_linear=0
shrinkage=0.0355277


Tree=434
num_leaves=6
num_cat=0
split_feature=88 132 124 3 134
split_gain=0.0318861 0.115592 0.0618359 0.116081 0.0842553
threshold=31.795000000000005 -9.8608333333333338 217.71000000000001 82.520000000000024 9.9164833333333338
decision_type=2 2 2 2 2
left_child=1 -1 4 -4 -3
right_child=-2 2 3 -5 -6
leaf_value=-0.0011998905391153423 0.0002936054512918335 0 -0.00042946933397650826 0 0.00076684337851419461
leaf_weight=102 352 199 896 807 274
leaf_count=102 352 199 896 807 274
internal_value=0 -6.41465e-05 0 -0.000107706 0.000348701
internal_weight=2630 2278 2176 1703 473
internal_count=2630 2278 2176 1703 473
is_linear=0
shrinkage=0.0355277


Tree=435
num_leaves=6
num_cat=0
split_feature=93 132 131 92 92
split_gain=0.031033 0.218132 0.0710274 0.0256618 0.0491351
threshold=30.52416666666667 -5.3501666666666727 2.1633333333333362 29.295000000000005 31.295000000000005
decision_type=2 2 2 2 2
left_child=1 -1 3 -2 -5
right_child=2 -3 -4 4 -6
leaf_value=-0.0013015507091805843 0.00029144509334817027 0 0.0010130105499448162 -0.00033656056794378918 0
leaf_weight=171 331 1108 96 575 349
leaf_count=171 331 1108 96 575 349
internal_value=0 -0.000137488 0.000104731 0 -6.37348e-05
internal_weight=2630 1279 1351 1255 924
internal_count=2630 1279 1351 1255 924
is_linear=0
shrinkage=0.0355277


Tree=436
num_leaves=7
num_cat=0
split_feature=135 132 15 3 3 3
split_gain=0.0307506 0.235982 0.0366857 0.0440743 0.070398 0.0373283
threshold=-1.1749999999999987 0.51099999999999579 26.1771645 64.015000000000015 58.475000000000001 82.65000000000002
decision_type=2 2 2 2 2 2
left_child=1 -1 3 4 -2 -5
right_child=2 -3 -4 5 -6 -7
leaf_value=-0.001611403507561665 0 0 0.00071077224038593363 -0.0002212678958244641 0.00074356476445057798 0
leaf_weight=122 110 345 95 1086 244 628
leaf_count=122 110 345 95 1086 244 628
internal_value=0 -0.000268782 4.63148e-05 0 0.000370094 -6.07183e-05
internal_weight=2630 467 2163 2068 354 1714
internal_count=2630 467 2163 2068 354 1714
is_linear=0
shrinkage=0.0355277


Tree=437
num_leaves=6
num_cat=0
split_feature=93 41 138 99 131
split_gain=0.0297775 0.0834064 0.207044 0.180363 0.064018
threshold=30.52416666666667 28.895000000000007 -0.2599999999999944 2.4920980998576732 2.0949999999999993
decision_type=2 2 2 2 2
left_child=1 -1 3 -3 -2
right_child=4 2 -4 -5 -6
leaf_value=0 0 0 0 -0.0020691448964224477 0.00095130728028697395
leaf_weight=583 1250 185 373 138 101
leaf_count=583 1250 185 373 138 101
internal_value=0 -0.00012989 -0.000425301 -0.00108659 0.000108279
internal_weight=2630 1279 696 323 1351
internal_count=2630 1279 696 323 1351
is_linear=0
shrinkage=0.0355277


Tree=438
num_leaves=6
num_cat=0
split_feature=22 141 3 7 22
split_gain=0.0293464 0.0718525 0.0700161 0.0670349 0.0287043
threshold=57.592725000000009 2.2250000000000001 72.625000000000014 211.72900000000001 160.90622860000005
decision_type=2 2 2 2 2
left_child=2 -2 -1 -3 -5
right_child=1 3 -4 4 -6
leaf_value=-0.00093610947837882447 0 0 0 0.0012405937450693516 0
leaf_weight=133 1895 100 198 134 170
leaf_count=133 1895 100 198 134 170
internal_value=0 4.02175e-05 -0.000314472 0.00047997 0.000760117
internal_weight=2630 2299 331 404 304
internal_count=2630 2299 331 404 304
is_linear=0
shrinkage=0.0355277


Tree=439
num_leaves=8
num_cat=0
split_feature=43 131 24 108 44 44 4
split_gain=0.0291563 0.158216 0.0751606 0.0267557 0.0344893 0.0217157 0.0107043
threshold=30.345000000000002 -1.4649999999999979 1.3385021726135446 53.360000000000007 62.120000000000012 82.115000000000023 4138.4922476074926
decision_type=2 2 2 2 2 2 2
left_child=1 -1 3 -2 -5 -4 -3
right_child=2 6 5 4 -6 -7 -8
leaf_value=-0.0013710556116827552 0 7.1849675047598721e-05 -0.00031239464989754801 0 0.00050289277901819425 0 -0.00017244798355055304
leaf_weight=112 149 763 275 94 734 188 315
leaf_count=112 149 763 275 94 734 188 315
internal_value=0 -0.000135209 0.000101649 0.000334249 0.000414953 0 0
internal_weight=2630 1190 1440 977 828 463 1078
internal_count=2630 1190 1440 977 828 463 1078
is_linear=0
shrinkage=0.0355277


Tree=440
num_leaves=8
num_cat=0
split_feature=88 4 15 141 132 63 108
split_gain=0.0277273 0.104323 0.155812 0.0904332 0.19032 0.0711603 0.0524659
threshold=31.945000000000004 4151.6098769712398 25.84073900000001 0.97499999999999976 -4.9468333333333367 289.81250000000006 51.405000000000008
decision_type=2 2 2 2 2 2 2
left_child=1 3 5 4 -1 -3 -5
right_child=-2 2 -4 6 -6 -7 -8
leaf_value=-0.0016508513676576253 0.00030894245899817116 -0.001561211712371482 0 0 0 0 0.00043243639225628449
leaf_weight=92 302 168 95 102 921 133 817
leaf_count=92 302 168 95 102 921 133 817
internal_value=0 -4.90429e-05 -0.000584495 0 -0.000161252 -0.00104321 0.000307854
internal_weight=2630 2328 396 1932 1013 301 919
internal_count=2630 2328 396 1932 1013 301 919
is_linear=0
shrinkage=0.0355277


Tree=441
num_leaves=7
num_cat=0
split_feature=44 135 24 19 22 108
split_gain=0.0285888 0.135197 0.101492 0.034058 0.0174584 0.0272723
threshold=69.735000000000014 -1.2000000000000008 1.6291719112654841 0.087647159459327342 746.80161520000001 84.060000000000016
decision_type=2 2 2 2 2 2
left_child=1 -1 3 -2 5 -4
right_child=2 -3 4 -5 -6 -7
leaf_value=-0.0013147387654051151 0.00048056685575397005 0 -0.00039545634687062345 0 0 0
leaf_weight=109 759 637 372 396 179 178
leaf_count=109 759 637 372 396 179 178
internal_value=0 -0.000192647 6.57962e-05 0.000339311 -5.98581e-05 -0.000210666
internal_weight=2630 746 1884 1155 729 550
internal_count=2630 746 1884 1155 729 550
is_linear=0
shrinkage=0.0355277


Tree=442
num_leaves=8
num_cat=0
split_feature=19 4 13 15 0 4 88
split_gain=0.0273414 0.141105 0.116518 0.0686195 0.18938 0.060643 0.0581467
threshold=0.038839733134201977 4082.553675312161 -17.222646785864594 23.856547500000001 31.095000000000002 4140.2573763721566 27.645000000000007
decision_type=2 2 2 2 2 2 2
left_child=6 2 -2 4 -3 -5 -1
right_child=1 3 -4 5 -6 -7 -8
leaf_value=-0.0010279491086821069 0 -0.00087478412237142634 0.0017008128123585358 0.00041842448587905908 0 0 0
leaf_weight=95 93 401 107 513 595 734 92
leaf_count=95 93 401 107 513 595 734 92
internal_value=0 2.32223e-05 0.000933576 0 -0.000268664 0.000106828 -0.000414835
internal_weight=2630 2443 200 2243 996 1247 187
internal_count=2630 2443 200 2243 996 1247 187
is_linear=0
shrinkage=0.0355277


Tree=443
num_leaves=8
num_cat=0
split_feature=132 135 3 134 3 3 134
split_gain=0.0272591 0.259377 0.0680543 0.154111 0.051442 0.0777349 0.0208437
threshold=2.1565000000000016 -1.3749999999999998 77.480000000000004 -61.526900000000005 64.015000000000015 58.475000000000001 43.995850000000011
decision_type=2 2 2 2 2 2 2
left_child=1 -1 -2 -4 5 -3 -6
right_child=2 4 3 -5 6 -7 -8
leaf_value=-0.0015305513714286355 0 0 0 0.00091509046494503811 -0.00017844839236659085 0.0007913864015015933 0
leaf_weight=140 388 110 171 353 987 246 235
leaf_count=140 388 110 171 353 987 246 235
internal_value=0 -9.11299e-05 0.000147948 0.000447249 0 0.000405915 -6.5745e-05
internal_weight=2630 1718 912 524 1578 356 1222
internal_count=2630 1718 912 524 1578 356 1222
is_linear=0
shrinkage=0.0355277


Tree=444
num_leaves=7
num_cat=0
split_feature=22 135 3 24 44 4
split_gain=0.0266916 0.065794 0.0638818 0.0331261 0.0181528 0.0742244
threshold=57.592725000000009 2.0500000000000029 72.625000000000014 1.2553995032656984 68.425000000000026 4134.082994702575
decision_type=2 2 2 2 2 2
left_child=2 4 -1 -3 -2 -6
right_child=1 3 -4 -5 5 -7
leaf_value=-0.00089717543472108785 -0.00020389452163268045 0.0011294892201704964 0 0 0.00038102108064415595 0
leaf_weight=133 505 94 198 94 651 955
leaf_count=133 505 94 198 94 651 955
internal_value=0 3.32368e-05 -0.000304061 0.000664456 0 3.22317e-05
internal_weight=2630 2299 331 188 2111 1606
internal_count=2630 2299 331 188 2111 1606
is_linear=0
shrinkage=0.0355277


Tree=445
num_leaves=8
num_cat=0
split_feature=93 132 4 94 15 88 134
split_gain=0.0275683 0.191933 0.0665 0.0634172 0.0455297 0.100831 0.0347598
threshold=30.52416666666667 -5.3501666666666727 4133.6557336093374 32.770000000000003 25.732673000000005 31.945000000000004 -2.7378666666666756
decision_type=2 2 2 2 2 2 2
left_child=1 -1 3 -2 5 -4 -5
right_child=2 -3 4 6 -6 -7 -8
leaf_value=-0.0012208296071233484 0 0 -0.00053514209937190812 0 0.00048418871729782214 0 0.00096660371961438231
leaf_weight=171 126 1108 528 92 130 244 231
leaf_count=171 126 1108 528 92 130 244 231
internal_value=0 -0.000128892 9.95676e-05 0.000462715 0 -0.000181469 0.000734531
internal_weight=2630 1279 1351 449 902 772 323
internal_count=2630 1279 1351 449 902 772 323
is_linear=0
shrinkage=0.0355277


Tree=446
num_leaves=5
num_cat=0
split_feature=90 137 24 15
split_gain=0.026602 0.148995 0.0312109 0.0353769
threshold=35.820000000000007 -11.075000000000008 1.6291719112654841 24.266088000000007
decision_type=2 2 2 2
left_child=1 -1 -3 -4
right_child=-2 2 3 -5
leaf_value=-0.0011933518307100694 0.00053861751409016304 0.00011591603800226105 -0.00076733247086603281 0
leaf_weight=128 101 1654 99 648
leaf_count=128 101 1654 99 648
internal_value=0 -3.18688e-05 0 -0.000150675
internal_weight=2630 2529 2401 747
internal_count=2630 2529 2401 747
is_linear=0
shrinkage=0.0355277


Tree=447
num_leaves=6
num_cat=0
split_feature=43 131 9 86 132
split_gain=0.0263211 0.144777 0.0652345 0.0277105 0.0122362
threshold=30.345000000000002 -1.4649999999999979 176.10400000000001 34.945000000000007 6.2050000000000063
decision_type=2 2 2 2 2
left_child=1 -1 4 -4 -2
right_child=2 -3 3 -5 -6
leaf_value=-0.0013141533755435966 -0.00017186785523199584 0 0 0.0011340578851356637 0
leaf_weight=112 517 1078 688 95 140
leaf_count=112 517 1078 688 95 140
internal_value=0 -0.000131935 9.26332e-05 0.000346562 0
internal_weight=2630 1190 1440 783 657
internal_count=2630 1190 1440 783 657
is_linear=0
shrinkage=0.0355277


Tree=448
num_leaves=8
num_cat=0
split_feature=43 82 3 24 108 4 134
split_gain=0.0251479 0.124714 0.404797 0.0668146 0.0248517 0.0148226 0.0136137
threshold=30.345000000000002 28.495000000000001 88.655000000000015 1.3385021726135446 53.360000000000007 4140.6158066210191 -7.2251333333333312
decision_type=2 2 2 2 2 2 2
left_child=1 2 -1 4 -2 -3 -6
right_child=3 5 -4 -5 6 -7 -8
leaf_value=-0.0026510547061520239 0 0.00013211412985951362 0 0 0 -0.00015300880063265397 0.0004432557255297432
leaf_weight=92 149 692 133 463 95 273 733
leaf_count=92 149 692 133 463 95 273 733
internal_value=0 -0.000127562 -0.000875293 9.21693e-05 0.000313531 0 0.000391771
internal_weight=2630 1190 225 1440 977 965 828
internal_count=2630 1190 225 1440 977 965 828
is_linear=0
shrinkage=0.0355277


Tree=449
num_leaves=8
num_cat=0
split_feature=52 3 136 24 93 108 19
split_gain=0.0261517 0.130124 0.119505 0.0683613 0.0372916 0.0234524 0.0175856
threshold=370.93500000000006 72.035000000000011 -0.59999999999999598 1.6291719112654841 29.868333333333336 65.740000000000023 0.093595082317013703
decision_type=2 2 2 2 2 2 2
left_child=1 2 -1 4 -2 -3 -6
right_child=3 5 -4 -5 6 -7 -8
leaf_value=-0.0013183784081640673 0 0.00032292626219381513 0 0 0.00059554641948245633 0 0
leaf_weight=187 192 278 476 624 469 295 109
leaf_count=187 192 278 476 624 469 295 109
internal_value=0 -0.000127347 -0.00052504 9.58826e-05 0.000357493 0 0.000500445
internal_weight=2630 1236 663 1394 770 573 578
internal_count=2630 1236 663 1394 770 573 578
is_linear=0
shrinkage=0.0355277


Tree=450
num_leaves=7
num_cat=0
split_feature=131 108 136 4 4 4
split_gain=0.0252285 0.120563 0.064387 0.0630538 0.0982446 0.0320256
threshold=2.3149999999999999 51.360000000000007 2.6250000000000004 4151.6098769712398 4170.1177262367901 4103.7479669408012
decision_type=2 2 2 2 2 2
left_child=1 -1 -2 5 -5 -3
right_child=2 3 -4 4 -6 -7
leaf_value=-0.00097989538104200388 0 0 0.0010339808763339289 -0.000736355612380267 0 0.00022512078102207098
leaf_weight=157 92 422 96 318 201 1344
leaf_count=157 92 422 96 318 201 1344
internal_value=0 -4.14552e-05 0.000377568 0 -0.000313547 0.000125679
internal_weight=2630 2442 188 2285 519 1766
internal_count=2630 2442 188 2285 519 1766
is_linear=0
shrinkage=0.0355277


Tree=451
num_leaves=5
num_cat=0
split_feature=22 52 135 44
split_gain=0.024052 0.0645309 0.0621008 0.0162662
threshold=57.592725000000009 370.93500000000006 2.0500000000000029 68.425000000000026
decision_type=2 2 2 2
left_child=1 -1 3 -2
right_child=2 -3 -4 -5
leaf_value=-0.00084732806732989866 -0.00019467363631201138 0 0.00064415674276494027 2.6951547242628162e-05
leaf_weight=147 505 184 188 1606
leaf_count=147 505 184 188 1606
internal_value=0 -0.000289849 2.98806e-05 0
internal_weight=2630 331 2299 2111
internal_count=2630 331 2299 2111
is_linear=0
shrinkage=0.0355277


Tree=452
num_leaves=5
num_cat=0
split_feature=15 90 3 3
split_gain=0.0232286 0.0545925 0.0987136 0.0493586
threshold=26.206834500000006 35.820000000000007 58.475000000000001 64.765000000000015
decision_type=2 2 2 2
left_child=1 2 -1 -4
right_child=-2 -3 3 -5
leaf_value=-0.0012197723702886468 0.00050566677195696796 0.00044368010912225378 0.00025805555126310042 -0.0001432368948614097
leaf_weight=112 99 99 308 2012
leaf_count=112 99 99 308 2012
internal_value=0 -3.14246e-05 -0.00014431 0
internal_weight=2630 2531 2432 2320
internal_count=2630 2531 2432 2320
is_linear=0
shrinkage=0.0355277


Tree=453
num_leaves=8
num_cat=0
split_feature=19 4 15 136 4 22 124
split_gain=0.0225197 0.144883 0.0613906 0.118849 0.0824903 0.053916 0.0212093
threshold=0.038839733134201977 4082.553675312161 23.100147500000002 2.9750000000000001 4139.9336164745364 623.65380625000012 215.62500000000003
decision_type=2 2 2 2 2 2 2
left_child=5 6 3 -3 -4 -1 -2
right_child=1 2 4 -5 -6 -7 -8
leaf_value=-0.00097665133552391967 0.0014678587977780078 -0.00054717395425287862 0.00043475953564586545 0 0 0 0
leaf_weight=94 92 730 583 92 838 93 108
leaf_count=94 92 730 583 92 838 93 108
internal_value=0 2.23255e-05 0 -0.000291414 7.09579e-05 -0.000375568 0.000945643
internal_weight=2630 2443 2243 822 1421 187 200
internal_count=2630 2443 2243 822 1421 187 200
is_linear=0
shrinkage=0.0355277


Tree=454
num_leaves=8
num_cat=0
split_feature=93 132 4 7 136 134 4
split_gain=0.024126 0.170626 0.0666524 0.0255152 0.068771 0.025017 0.0234182
threshold=30.52416666666667 -5.3501666666666727 4133.6557336093374 289.93750000000006 0.40000000000000396 -8.3306999999999913 4151.6098769712398
decision_type=2 2 2 2 2 2 2
left_child=1 -1 5 6 -5 -2 -4
right_child=2 -3 3 4 -6 -7 -8
leaf_value=-0.0011465861465605738 0 0 0 0 0.00083554221497948071 0.0005995708262988063 -0.0004224134236021938
leaf_weight=171 96 1108 280 191 128 353 303
leaf_count=171 96 1108 280 191 128 353 303
internal_value=0 -0.000115538 9.90067e-05 0 0.000143101 0.000462813 -0.000208312
internal_weight=2630 1279 1351 902 319 449 583
internal_count=2630 1279 1351 902 319 449 583
is_linear=0
shrinkage=0.0355277


Tree=455
num_leaves=6
num_cat=0
split_feature=141 131 108 41 22
split_gain=0.0235988 0.0772532 0.0402071 0.075485 0.0238483
threshold=0.45000000000000112 -2.4816666666666669 53.360000000000007 31.195000000000004 32.079607550000006
decision_type=2 2 2 2 2
left_child=1 -1 -2 -4 -5
right_child=2 -3 3 4 -6
leaf_value=-0.001091411783907552 0 0 0 0 0.00061365157014902825
leaf_weight=94 187 760 1012 93 484
leaf_count=94 187 760 1012 93 484
internal_value=0 -0.000157939 6.84046e-05 0.000192481 0.000514626
internal_weight=2630 854 1776 1589 577
internal_count=2630 854 1776 1589 577
is_linear=0
shrinkage=0.0355277


Tree=456
num_leaves=8
num_cat=0
split_feature=131 4 124 94 3 7 141
split_gain=0.0229891 0.109703 0.299797 0.0835075 0.218046 0.0767917 0.0363824
threshold=2.3149999999999999 4151.6098769712398 317.71000000000009 31.445000000000004 76.070000000000007 176.41650000000001 3.1250000000000004
decision_type=2 2 2 2 2 2 2
left_child=1 3 -3 4 -1 -5 -2
right_child=6 2 -4 5 -6 -7 -8
leaf_value=-0.0015484148608217571 0 -0.0015143791826355054 0 0 0 0.00040996252637908983 0.00084634730450857732
leaf_weight=120 94 221 309 223 529 1040 94
leaf_count=120 94 221 309 223 529 1040 94
internal_value=0 -3.72944e-05 -0.000514545 0 -0.00020137 0.000249283 0.000363475
internal_weight=2630 2442 530 1912 649 1263 188
internal_count=2630 2442 530 1912 649 1263 188
is_linear=0
shrinkage=0.0355277


Tree=457
num_leaves=8
num_cat=0
split_feature=52 120 3 120 9 53 108
split_gain=0.0231629 0.15127 0.222367 0.16655 0.0652637 0.0322533 0.0277186
threshold=370.93500000000006 227.39500000000001 72.035000000000011 268.75000000000006 116.72900000000001 306.98000000000008 62.430000000000007
decision_type=2 2 2 2 2 2 2
left_child=1 6 3 -3 -2 -6 -1
right_child=4 2 -4 -5 5 -7 -8
leaf_value=0.00033584979735872629 0 -0.0017183285299149562 0 0 0 0.00042786560158505704 0
leaf_weight=331 560 230 410 170 104 730 95
leaf_count=331 560 230 410 170 104 730 95
internal_value=0 -0.000119082 -0.000501919 -0.00109451 9.1134e-05 0.000334555 8.3485e-05
internal_weight=2630 1236 810 400 1394 834 426
internal_count=2630 1236 810 400 1394 834 426
is_linear=0
shrinkage=0.0355277


Tree=458
num_leaves=7
num_cat=0
split_feature=141 4 132 41 7 44
split_gain=0.0225356 0.133161 0.122929 0.0513603 0.0490164 0.17797
threshold=0.95000000000000118 4130.9463476314559 -5.6153333333333384 30.295000000000005 289.37500000000006 84.405000000000015
decision_type=2 2 2 2 2 2
left_child=2 3 -1 -2 5 -3
right_child=1 4 -4 -5 -6 -7
leaf_value=-0.0011706514509039632 0 -0.00083793271135442046 0 0.0011983995622213319 0.00014147670275560168 0
leaf_weight=119 328 398 1240 165 141 239
leaf_count=119 328 398 1240 165 141 239
internal_value=0 9.88902e-05 -0.00010813 0.000601623 0 -0.000302766
internal_weight=2630 1271 1359 493 778 637
internal_count=2630 1271 1359 493 778 637
is_linear=0
shrinkage=0.0355277


Tree=459
num_leaves=7
num_cat=0
split_feature=135 138 89 9 141 88
split_gain=0.0223576 0.102424 0.202227 0.0596664 0.0582625 0.0115666
threshold=0.19999999999999754 0.39499999999999963 28.553928571428575 171.64600000000004 2.7500000000000022 27.145000000000007
decision_type=2 2 2 2 2 2
left_child=1 2 -1 -2 -5 -3
right_child=3 5 -4 4 -6 -7
leaf_value=-0.0018625877587679751 0 0.000367896805697387 0 0 0.00095761358107245736 0
leaf_weight=109 603 102 559 408 172 677
leaf_count=109 603 102 559 408 172 677
internal_value=0 -9.8038e-05 -0.000461057 0.000109505 0.000391001 0
internal_weight=2630 1447 668 1183 580 779
internal_count=2630 1447 668 1183 580 779
is_linear=0
shrinkage=0.0355277


Tree=460
num_leaves=8
num_cat=0
split_feature=88 4 15 120 18 15 4
split_gain=0.021739 0.0927127 0.190874 0.118687 0.10031 0.216192 0.18701
threshold=31.945000000000004 4138.4922476074926 26.1771645 380.93500000000006 2.166223493962534 24.195175500000005 4079.5266477339364
decision_type=2 2 2 2 2 2 2
left_child=1 4 3 -3 5 -1 -6
right_child=-2 2 -4 -5 6 -7 -8
leaf_value=-0.0017514983566013266 0.00027569214804999936 -0.0010190227973598516 0 0 0.00151099231781743 0 0
leaf_weight=92 302 487 98 272 141 292 946
leaf_count=92 302 487 98 272 141 292 946
internal_value=0 -4.16039e-05 -0.000374571 -0.000687945 3.6936e-07 -0.00026486 0.000301379
internal_weight=2630 2328 857 759 1471 384 1087
internal_count=2630 2328 857 759 1471 384 1087
is_linear=0
shrinkage=0.0355277


Tree=461
num_leaves=9
num_cat=0
split_feature=141 53 62 135 124 71 41 41
split_gain=0.0221303 0.0812565 0.131954 0.0929103 0.0229035 0.038663 0.0172269 0.0156519
threshold=0.45000000000000112 337.39500000000004 240.58350000000004 -1.3499999999999994 215.62500000000003 10.115 31.395000000000007 27.395000000000007
decision_type=2 2 2 2 2 2 2 2
left_child=1 2 3 -1 5 -2 7 -6
right_child=4 -3 -4 -5 6 -7 -8 -9
leaf_value=-0.001965628622757998 0 0 0 0 0 0.00062853971614508996 0.00017476629386110255 -0.00017487049728705803
leaf_weight=99 112 506 116 133 104 214 511 835
leaf_count=99 112 506 116 133 104 214 511 835
internal_value=0 -0.000147796 -0.000585589 -0.00110016 7.16621e-05 0.000338651 0 -7.94034e-05
internal_weight=2630 854 348 232 1776 326 1450 939
internal_count=2630 854 348 232 1776 326 1450 939
is_linear=0
shrinkage=0.0355277


Tree=462
num_leaves=7
num_cat=0
split_feature=44 136 24 108 71 53
split_gain=0.0224358 0.159574 0.0897549 0.0216967 0.0589129 0.0197662
threshold=69.735000000000014 -0.59999999999999598 1.6291719112654841 68.635000000000005 10.105000000000002 323.43500000000006
decision_type=2 2 2 2 2 2
left_child=1 5 3 4 -2 -1
right_child=2 -3 -4 -5 -6 -7
leaf_value=-0.0013460685612715743 0 0 -3.0731616894034561e-05 0 0.00077309098426092844 0
leaf_weight=130 156 524 729 632 367 92
leaf_count=130 156 524 729 632 367 92
internal_value=0 -0.000162324 6.70962e-05 0.00032299 0.000529878 -0.000985325
internal_weight=2630 746 1884 1155 523 222
internal_count=2630 746 1884 1155 523 222
is_linear=0
shrinkage=0.0355277


Tree=463
num_leaves=7
num_cat=0
split_feature=15 141 90 132 9 108
split_gain=0.0215228 0.0795301 0.170842 0.0571888 0.0649538 0.0159177
threshold=23.100147500000002 3.6000000000000001 30.995000000000001 1.3658333333333348 14.562500000000002 57.315000000000005
decision_type=2 2 2 2 2 2
left_child=1 2 -1 -2 -5 -4
right_child=3 -3 5 4 -6 -7
leaf_value=-0.0014840439709716303 0 0 -0.00026237052967892675 0 0.00049241864224242211 0
leaf_weight=145 818 98 286 97 675 511
leaf_count=145 818 98 286 97 675 511
internal_value=0 -0.000124624 -0.000350774 8.27322e-05 0.000326865 0
internal_weight=2630 1040 942 1590 772 797
internal_count=2630 1040 942 1590 772 797
is_linear=0
shrinkage=0.0355277


Tree=464
num_leaves=7
num_cat=0
split_feature=22 18 135 24 44 4
split_gain=0.0212429 0.0594739 0.0585598 0.0259783 0.0128821 0.0703453
threshold=61.903371749999998 2.6927802387796631 2.0500000000000029 1.2553995032656984 68.425000000000026 4134.082994702575
decision_type=2 2 2 2 2 2
left_child=1 -1 4 -4 -2 -6
right_child=2 -3 3 -5 5 -7
leaf_value=-0.00095041526203360057 -0.00016937400887529863 0 0.0010506964269447743 0 0.00037245581140024002 0
leaf_weight=103 499 239 94 93 647 955
leaf_count=103 499 239 94 93 647 955
internal_value=0 -0.000258634 3.93058e-05 0.000633735 0 3.32409e-05
internal_weight=2630 342 2288 187 2101 1602
internal_count=2630 342 2288 187 2101 1602
is_linear=0
shrinkage=0.0355277


Tree=465
num_leaves=7
num_cat=0
split_feature=141 4 53 90 7 4
split_gain=0.0206319 0.121603 0.111445 0.171195 0.0407799 0.0419337
threshold=0.95000000000000118 4130.9463476314559 337.39500000000004 31.445000000000004 289.37500000000006 4151.6098769712398
decision_type=2 2 2 2 2 2
left_child=2 -2 3 -1 5 -3
right_child=1 4 -4 -5 -6 -7
leaf_value=-0.0018780587913042903 0.00057755769914372211 0 0 0 0.00012386834767963848 -0.00066954061951609136
leaf_weight=99 493 415 854 406 141 222
leaf_count=99 493 415 854 406 141 222
internal_value=0 0.000100586 -9.80558e-05 -0.000548671 0 -0.0002767
internal_weight=2630 1271 1359 505 778 637
internal_count=2630 1271 1359 505 778 637
is_linear=0
shrinkage=0.0355277


Tree=466
num_leaves=8
num_cat=0
split_feature=131 3 53 22 93 132 7
split_gain=0.0201137 0.0750877 0.125199 0.137747 0.0344819 0.0143345 0.0303998
threshold=2.3149999999999999 70.645000000000024 335.72500000000008 173.42373330000001 30.365833333333338 2.1565000000000016 135.45850000000004
decision_type=2 2 2 2 2 2 2
left_child=1 2 3 -1 -2 -3 -7
right_child=4 5 -4 -5 -6 6 -8
leaf_value=-0.0011614055578837725 0 0 0 0 0.00081801273082973073 0 0.00029869758945631872
leaf_weight=312 94 941 266 101 94 195 627
leaf_count=312 94 941 266 101 94 195 627
internal_value=0 -2.91927e-05 -0.000376077 -0.000780081 0.000346691 0 0.000147835
internal_weight=2630 2442 679 413 188 1763 822
internal_count=2630 2442 679 413 188 1763 822
is_linear=0
shrinkage=0.0355277


Tree=467
num_leaves=5
num_cat=0
split_feature=43 131 24 44
split_gain=0.0193708 0.118683 0.0618389 0.0117701
threshold=30.345000000000002 -1.4649999999999979 1.2713490498414817 81.640000000000015
decision_type=2 2 2 2
left_child=1 -1 -2 -4
right_child=2 -3 3 -5
leaf_value=-0.0011769052506783639 0.00036111737703264712 0 -0.00016362998416682856 0
leaf_weight=112 677 1078 549 214
leaf_count=112 677 1078 549 214
internal_value=0 -0.000106071 8.72051e-05 0
internal_weight=2630 1190 1440 763
internal_count=2630 1190 1440 763
is_linear=0
shrinkage=0.0355277


Tree=468
num_leaves=9
num_cat=0
split_feature=15 4 88 89 19 132 19 93
split_gain=0.020103 0.0973461 0.169777 0.120252 0.117433 0.0928093 0.0746659 0.0148863
threshold=25.84073900000001 4136.345744979174 31.795000000000005 28.657500000000002 0.050849023460116903 -2.1906666666666648 0.089997380324925311 30.455833333333334
decision_type=2 2 2 2 2 2 2 2
left_child=1 3 4 5 -3 -1 -5 -2
right_child=7 2 -4 6 -6 -7 -8 -9
leaf_value=-0.0011743653330182494 0 0 0 0.00067944196530673659 -0.00094086600982168779 0 0 0.00059704594944607313
leaf_weight=92 97 222 273 494 542 299 499 112
leaf_count=92 97 222 273 494 542 299 499 112
internal_value=0 -2.97559e-05 -0.000342683 4.28799e-05 -0.000661383 -0.000211936 0.000369688 0.000328775
internal_weight=2630 2421 1037 1384 764 391 993 209
internal_count=2630 2421 1037 1384 764 391 993 209
is_linear=0
shrinkage=0.0355277


Tree=469
num_leaves=8
num_cat=0
split_feature=135 138 89 7 136 141 88
split_gain=0.0194953 0.0912855 0.179995 0.0519461 0.125521 0.0255589 0.0104296
threshold=0.19999999999999754 0.39499999999999963 28.553928571428575 211.72900000000001 -0.52500000000000024 1.4000000000000041 27.145000000000007
decision_type=2 2 2 2 2 2 2
left_child=1 2 -1 -2 -5 -6 -3
right_child=3 6 -4 4 5 -7 -8
leaf_value=-0.0017528014560155198 0 0.00034934734388002327 0 0 0 0.00077698512205026811 0
leaf_weight=109 435 102 559 130 176 442 677
leaf_count=109 435 102 559 130 176 442 677
internal_value=0 -8.49774e-05 -0.000431921 0.000108966 0.000325115 0.000617804 0
internal_weight=2630 1447 668 1183 748 618 779
internal_count=2630 1447 668 1183 748 618 779
is_linear=0
shrinkage=0.0355277


Tree=470
num_leaves=9
num_cat=0
split_feature=52 3 136 9 93 19 22 132
split_gain=0.0198479 0.10915 0.0932819 0.0607896 0.0218778 0.0181269 0.0162439 0.0138485
threshold=370.93500000000006 72.035000000000011 -0.59999999999999598 116.72900000000001 29.868333333333336 0.093595082317013703 124.00269455000002 -0.19583333333333283
decision_type=2 2 2 2 2 2 2 2
left_child=1 2 6 -2 -5 -6 -1 -3
right_child=3 7 -4 4 5 -7 -8 -9
leaf_value=-0.0017107473898578596 0 0 0 0 0.00052512360949853265 0 0 0.00020477186015464214
leaf_weight=93 560 162 476 226 498 110 94 411
leaf_count=93 560 162 476 226 498 110 94 411
internal_value=0 -0.000103617 -0.000475301 9.14969e-05 0.00032452 0.000434821 -0.00118066 0
internal_weight=2630 1236 663 1394 834 608 187 573
internal_count=2630 1236 663 1394 834 608 187 573
is_linear=0
shrinkage=0.0355277


Tree=471
num_leaves=5
num_cat=0
split_feature=22 52 141 22
split_gain=0.0186575 0.0529452 0.0493132 0.0496129
threshold=57.592725000000009 370.93500000000006 2.2250000000000001 264.41783010000006
decision_type=2 2 2 2
left_child=1 -1 -2 -4
right_child=2 -3 3 -5
leaf_value=-0.00075792899089971823 0 0 0.00064127931403472121 0
leaf_weight=147 1895 184 304 100
leaf_count=147 1895 184 304 100
internal_value=0 -0.0002496 3.33464e-05 0.00039764
internal_weight=2630 331 2299 404
internal_count=2630 331 2299 404
is_linear=0
shrinkage=0.0355277


Tree=472
num_leaves=7
num_cat=0
split_feature=15 141 90 132 9 88
split_gain=0.0185631 0.0742236 0.150141 0.0504317 0.0629774 0.0110626
threshold=23.100147500000002 3.6000000000000001 30.995000000000001 -0.22516666666666649 10.416500000000001 29.295000000000005
decision_type=2 2 2 2 2 2
left_child=1 2 -1 -2 -5 -4
right_child=3 -3 5 4 -6 -7
leaf_value=-0.0014060995591124567 0 0 0 0 0.00040804517590324347 -0.00015964611098715384
leaf_weight=145 590 98 255 96 904 542
leaf_count=145 590 98 255 96 904 542
internal_value=0 -0.000120094 -0.000338752 7.23192e-05 0.000267549 0
internal_weight=2630 1040 942 1590 1000 797
internal_count=2630 1040 942 1590 1000 797
is_linear=0
shrinkage=0.0355277


Tree=473
num_leaves=7
num_cat=0
split_feature=124 4 52 85 4 4
split_gain=0.0178175 0.162594 0.292583 0.0661758 0.0634777 0.0419594
threshold=215.62500000000003 4101.6555092717708 345.10500000000008 30.659285714285719 4129.0858754008768 4174.8716432216925
decision_type=2 2 2 2 2 2
left_child=3 2 -2 -1 -3 -6
right_child=1 4 -4 -5 5 -7
leaf_value=0.0006695409738394321 -0.0019348158323178148 0.00041115945181854463 0 0 -0.00020745439134350937 0
leaf_weight=219 149 453 105 273 1284 147
leaf_count=219 149 453 105 273 1284 147
internal_value=0 -4.93134e-05 -0.000899894 0.00018628 0 -4.21305e-05
internal_weight=2630 2138 254 492 1884 1431
internal_count=2630 2138 254 492 1884 1431
is_linear=0
shrinkage=0.0355277


Tree=474
num_leaves=6
num_cat=0
split_feature=15 52 120 3 9
split_gain=0.0172491 0.0462746 0.151614 0.126992 0.0266664
threshold=26.206834500000006 368.85500000000008 227.39500000000001 78.02500000000002 116.72900000000001
decision_type=2 2 2 2 2
left_child=1 2 -1 -4 -3
right_child=-2 4 3 -5 -6
leaf_value=0 0.00044448257001502726 0 -0.00083133682956956529 0 0.00020261815991212256
leaf_weight=405 99 538 589 185 814
leaf_count=405 99 538 589 185 814
internal_value=0 -2.03838e-05 -0.000224021 -0.000567129 0
internal_weight=2630 2531 1179 774 1352
internal_count=2630 2531 1179 774 1352
is_linear=0
shrinkage=0.0355277


Tree=475
num_leaves=6
num_cat=0
split_feature=19 88 24 3 3
split_gain=0.0175351 0.0476963 0.0364528 0.0857926 0.0161488
threshold=0.038839733134201977 27.645000000000007 1.6504729652417292 77.480000000000004 64.765000000000015
decision_type=2 2 2 2 2
left_child=1 -1 3 4 -2
right_child=2 -3 -4 -5 -6
leaf_value=-0.00089324652645967283 0.00019954442202830945 0 -8.8349839971692029e-06 0.00058263808031611337 -5.7032906709061299e-05
leaf_weight=95 426 92 589 454 974
leaf_count=95 426 92 589 454 974
internal_value=0 -0.000324249 2.75274e-05 0.000160349 0
internal_weight=2630 187 2443 1854 1400
internal_count=2630 187 2443 1854 1400
is_linear=0
shrinkage=0.0355277


Tree=476
num_leaves=8
num_cat=0
split_feature=22 18 4 19 4 93 44
split_gain=0.0166063 0.0515734 0.050763 0.0598442 0.0937943 0.0324468 0.128969
threshold=61.903371749999998 2.6927802387796631 4129.7226881758816 0.046986566153137739 4082.553675312161 32.349166666666669 84.405000000000015
decision_type=2 2 2 2 2 2 2
left_child=1 -1 3 -2 -5 6 -4
right_child=2 -3 5 4 -6 -7 -8
leaf_value=-0.00087545948865295998 0 0 -0.00060679117651546259 0.0012138895277045904 0 8.4585506893198535e-05 0
leaf_weight=103 93 239 541 171 663 328 492
leaf_count=103 93 239 541 171 663 328 492
internal_value=0 -0.000229623 3.37892e-05 0.000267381 0.000411519 0 -0.000192674
internal_weight=2630 342 2288 927 834 1361 1033
internal_count=2630 342 2288 927 834 1361 1033
is_linear=0
shrinkage=0.0355277


Tree=477
num_leaves=5
num_cat=0
split_feature=141 131 132 3
split_gain=0.0171084 0.0665161 0.0307571 0.0533666
threshold=0.45000000000000112 -2.4816666666666669 -11.144499999999995 64.015000000000015
decision_type=2 2 2 2
left_child=1 -1 -2 -4
right_child=2 -3 3 -5
leaf_value=-0.00099147172450525121 0 0 0.00068240797508247754 0
leaf_weight=94 95 760 238 1443
leaf_count=94 95 760 238 1443
internal_value=0 -0.000128567 6.43627e-05 0.0001655
internal_weight=2630 854 1776 1681
internal_count=2630 854 1776 1681
is_linear=0
shrinkage=0.0355277


Tree=478
num_leaves=8
num_cat=0
split_feature=93 124 3 22 4 15 131
split_gain=0.0168748 0.0661706 0.199315 0.131379 0.059015 0.0333936 0.0635472
threshold=30.52416666666667 215.62500000000003 82.25500000000001 173.42373330000001 4133.6557336093374 25.732673000000005 1.8883333333333339
decision_type=2 2 2 2 2 2 2
left_child=1 -1 3 -3 -2 6 -6
right_child=4 2 -4 -5 5 -7 -8
leaf_value=0 0.00043228219570777597 -0.0015290649925246639 0 0 -0.00038745234342317861 0.0003879589331824838 0
leaf_weight=268 449 213 673 125 673 130 99
leaf_count=268 449 213 673 125 673 130 99
internal_value=0 -9.16375e-05 -0.000304544 -0.00100294 8.80105e-05 0 -0.000167025
internal_weight=2630 1279 1011 338 1351 902 772
internal_count=2630 1279 1011 338 1351 902 772
is_linear=0
shrinkage=0.0355277


Tree=479
num_leaves=7
num_cat=0
split_feature=88 132 135 15 3 24
split_gain=0.0168236 0.0634105 0.143321 0.0531649 0.0287913 0.0951637
threshold=31.945000000000004 2.1565000000000016 -1.4000000000000001 18.088612500000004 77.480000000000004 4.5562352892186295
decision_type=2 2 2 2 2 2
left_child=1 2 -1 -4 -3 -6
right_child=-2 4 3 -5 5 -7
leaf_value=-0.0014190476178237543 0.00025166539198185641 0 0.00052880740654515275 -0.00017137358986490004 0.00062484709139674574 0
leaf_weight=123 302 354 102 1252 403 94
leaf_count=123 302 354 102 1252 403 94
internal_value=0 -2.72746e-05 -0.000230225 0 6.08915e-05 0.000280331
internal_weight=2630 2328 1477 1354 851 497
internal_count=2630 2328 1477 1354 851 497
is_linear=0
shrinkage=0.0355277


Tree=480
num_leaves=8
num_cat=0
split_feature=131 4 124 94 3 7 136
split_gain=0.016333 0.106556 0.26496 0.0737182 0.174105 0.0743455 0.0515068
threshold=2.3149999999999999 4151.6098769712398 317.71000000000009 31.445000000000004 76.070000000000007 176.41650000000001 2.6250000000000004
decision_type=2 2 2 2 2 2 2
left_child=1 3 -3 4 -1 -5 -2
right_child=6 2 -4 5 -6 -7 -8
leaf_value=-0.0013623900853253351 0 -0.0014391313958137955 0 0 0 0.00040673996133992627 0.00091185015697562387
leaf_weight=120 92 221 309 223 529 1040 96
leaf_count=120 92 221 309 223 529 1040 96
internal_value=0 -1.94836e-05 -0.000502716 0 -0.000145499 0.000249812 0.000318664
internal_weight=2630 2442 530 1912 649 1263 188
internal_count=2630 2442 530 1912 649 1263 188
is_linear=0
shrinkage=0.0355277


Tree=481
num_leaves=7
num_cat=0
split_feature=141 138 135 132 124 3
split_gain=0.0164311 0.0487719 0.119027 0.0313613 0.0666156 0.043897
threshold=0.45000000000000112 0.58500000000000096 -1.2750000000000001 -11.144499999999995 217.71000000000001 64.405000000000015
decision_type=2 2 2 2 2 2
left_child=1 2 -1 -2 5 -5
right_child=3 -3 -4 4 -6 -7
leaf_value=-0.0014924856611102241 0 0 0 0.0013546412618294004 0 0
leaf_weight=95 95 529 230 96 1360 225
leaf_count=95 95 529 230 96 1360 225
internal_value=0 -0.000122409 -0.000474342 6.63968e-05 0.0001677 0.000634332
internal_weight=2630 854 325 1776 1681 321
internal_count=2630 854 325 1776 1681 321
is_linear=0
shrinkage=0.0355277


Tree=482
num_leaves=4
num_cat=0
split_feature=44 136 24
split_gain=0.0169467 0.135637 0.0851514
threshold=69.735000000000014 -0.59999999999999598 1.6291719112654841
decision_type=2 2 2
left_child=1 -1 -2
right_child=2 -3 -4
leaf_value=-0.00090197666371591575 0.00031344923329198749 0 -2.9369924473105632e-05
leaf_weight=222 1155 524 729
leaf_count=222 1155 524 729
internal_value=0 -0.000137334 6.17654e-05
internal_weight=2630 746 1884
internal_count=2630 746 1884
is_linear=0
shrinkage=0.0355277


Tree=483
num_leaves=8
num_cat=0
split_feature=88 4 15 141 132 52 44
split_gain=0.0157267 0.0869689 0.12995 0.0623435 0.120439 0.051059 0.011974
threshold=31.945000000000004 4151.6098769712398 25.823931000000005 0.97499999999999976 -4.9468333333333367 509.89500000000004 59.560000000000009
decision_type=2 2 2 2 2 2 2
left_child=1 3 5 4 -1 -3 -5
right_child=-2 2 -4 6 -6 -7 -8
leaf_value=-0.0012897264231113139 0.00024171824035357941 -0.0013455014123795316 0 0 0 0 0.00031593757705105708
leaf_weight=92 302 182 99 93 921 115 826
leaf_count=92 302 182 99 93 921 115 826
internal_value=0 -2.82506e-05 -0.000527062 0 -0.000102818 -0.000954031 0.000270994
internal_weight=2630 2328 396 1932 1013 297 919
internal_count=2630 2328 396 1932 1013 297 919
is_linear=0
shrinkage=0.0355277


Tree=484
num_leaves=5
num_cat=0
split_feature=94 3 3 3
split_gain=0.0156922 0.118634 0.0308129 0.0807087
threshold=35.820000000000007 58.475000000000001 64.765000000000015 70.645000000000024
decision_type=2 2 2 2
left_child=1 -1 -3 -4
right_child=-2 2 3 -5
leaf_value=-0.001131699689012187 0.00029145639550896341 0.00035163855833736878 -0.00053176408475510127 0
leaf_weight=112 213 305 356 1644
leaf_count=112 213 305 356 1644
internal_value=0 -2.23931e-05 0 -1.5045e-05
internal_weight=2630 2417 2305 2000
internal_count=2630 2417 2305 2000
is_linear=0
shrinkage=0.0355277


Tree=485
num_leaves=5
num_cat=0
split_feature=43 131 24 44
split_gain=0.0155052 0.101337 0.0602859 0.013357
threshold=30.345000000000002 -1.615 1.3385021726135446 82.115000000000023
decision_type=2 2 2 2
left_child=1 -1 -2 -4
right_child=2 -3 3 -5
leaf_value=-0.0011669281812167768 0.00029618447263013952 0 -0.00024500267857034138 0
leaf_weight=95 977 1095 275 188
leaf_count=95 977 1095 275 188
internal_value=0 -8.88602e-05 8.36955e-05 0
internal_weight=2630 1190 1440 463
internal_count=2630 1190 1440 463
is_linear=0
shrinkage=0.0355277


Tree=486
num_leaves=9
num_cat=0
split_feature=22 4 19 4 18 90 90 4
split_gain=0.0148067 0.0482863 0.0576272 0.095007 0.0465301 0.0390126 0.0490244 0.028014
threshold=61.903371749999998 4129.7226881758816 0.046986566153137739 4082.553675312161 2.6927802387796631 34.545000000000009 30.745000000000001 4157.1765077778864
decision_type=2 2 2 2 2 2 2 2
left_child=4 2 -2 -4 -1 6 -3 -7
right_child=1 5 3 -5 -6 7 -8 -9
leaf_value=-0.00082620079370873125 0 0 0.0012047598810416564 0 0 0 -0.0003672579429817649 0.00062022596988840946
leaf_weight=103 93 373 171 663 239 132 744 112
leaf_count=103 93 373 171 663 239 132 744 112
internal_value=0 3.6804e-05 0.00026204 0.000403578 -0.000211645 0 -0.00018699 0.000199866
internal_weight=2630 2288 927 834 342 1361 1117 244
internal_count=2630 2288 927 834 342 1361 1117 244
is_linear=0
shrinkage=0.0355277


Tree=487
num_leaves=5
num_cat=0
split_feature=15 24 132 24
split_gain=0.0152187 0.0982201 0.0473346 0.0739024
threshold=23.100147500000002 1.3785845839578295 -0.22516666666666649 4.8111984296165877
decision_type=2 2 2 2
left_child=1 -1 -2 -4
right_child=2 -3 3 -5
leaf_value=0 0 -0.0011660232742607543 0.00042568159686598694 0
leaf_weight=947 590 93 887 113
leaf_count=947 590 93 887 113
internal_value=0 -9.99363e-05 7.41058e-05 0.000260981
internal_weight=2630 1040 1590 1000
internal_count=2630 1040 1590 1000
is_linear=0
shrinkage=0.0355277


Tree=488
num_leaves=6
num_cat=0
split_feature=131 44 88 124 136
split_gain=0.0147615 0.0625939 0.0538228 0.0736738 0.047996
threshold=2.3149999999999999 74.325000000000003 31.895000000000007 205.10500000000002 2.6250000000000004
decision_type=2 2 2 2 2
left_child=1 2 3 -1 -2
right_child=4 -3 -4 -5 -6
leaf_value=0 0 3.1823521234349551e-06 0 -0.00063718283054608029 0.00087517888241544464
leaf_weight=224 92 1441 189 588 96
leaf_count=224 92 1441 189 588 96
internal_value=0 -2.20477e-05 -0.000282198 -0.000425563 0.000299952
internal_weight=2630 2442 1001 812 188
internal_count=2630 2442 1001 812 188
is_linear=0
shrinkage=0.0355277


Tree=489
num_leaves=6
num_cat=0
split_feature=93 132 4 15 7
split_gain=0.0149027 0.138169 0.0566782 0.0280015 0.0759183
threshold=30.52416666666667 -5.3501666666666727 4133.6557336093374 25.732673000000005 289.93750000000006
decision_type=2 2 2 2 2
left_child=1 -1 -2 4 -4
right_child=2 -3 3 -5 -6
leaf_value=-0.0010167760711081348 0.00042432304238707513 0 -0.00048614346398623932 0.00034681384846455086 0
leaf_weight=171 449 1108 480 130 292
leaf_count=171 449 1108 480 130 292
internal_value=0 -8.11056e-05 8.73733e-05 0 -0.000156296
internal_weight=2630 1279 1351 902 772
internal_count=2630 1279 1351 902 772
is_linear=0
shrinkage=0.0355277


Tree=490
num_leaves=6
num_cat=0
split_feature=19 3 24 19 44
split_gain=0.0146003 0.0422604 0.0365979 0.0834108 0.0648799
threshold=0.038839733134201977 87.455000000000013 1.6504729652417292 0.087647159459327342 68.425000000000026
decision_type=2 2 2 2 2
left_child=1 -1 3 4 -2
right_child=2 -3 -4 -5 -6
leaf_value=-0.00083365480549726543 0 0 0 0 0.00055192358158766459
leaf_weight=94 215 93 589 871 768
leaf_count=94 215 93 589 871 768
internal_value=0 -0.000288599 3.10765e-05 0.000161583 0.000394429
internal_weight=2630 187 2443 1854 983
internal_count=2630 187 2443 1854 983
is_linear=0
shrinkage=0.0355277


Tree=491
num_leaves=8
num_cat=0
split_feature=131 4 124 94 3 4 136
split_gain=0.0140241 0.100829 0.245334 0.0685994 0.159237 0.0694647 0.0452505
threshold=2.3149999999999999 4151.6098769712398 317.71000000000009 31.445000000000004 76.070000000000007 4082.553675312161 2.6250000000000004
decision_type=2 2 2 2 2 2 2
left_child=1 3 -3 4 -1 -5 -2
right_child=6 2 -4 5 -6 -7 -8
leaf_value=-0.0013038645698330092 0 -0.0013893290686862246 0 0.0010935389677067286 0 0 0.00085142160806344117
leaf_weight=120 92 221 309 129 529 1134 96
leaf_count=120 92 221 309 129 529 1134 96
internal_value=0 -1.99292e-05 -0.000489198 0 -0.000140838 0.000240838 0.000293756
internal_weight=2630 2442 530 1912 649 1263 188
internal_count=2630 2442 530 1912 649 1263 188
is_linear=0
shrinkage=0.0355277


Tree=492
num_leaves=6
num_cat=0
split_feature=88 132 124 3 3
split_gain=0.0143992 0.0713938 0.0311223 0.0673608 0.0547668
threshold=31.895000000000007 -9.8608333333333338 217.71000000000001 82.520000000000024 63.930000000000007
decision_type=2 2 2 2 2
left_child=1 -1 4 -4 -3
right_child=-2 2 3 -5 -6
leaf_value=-0.00092117791846600401 0.00022641914127526089 0.00095138684246301214 -0.0003105151302638998 0 0
leaf_weight=102 321 109 922 807 369
leaf_count=102 321 109 922 807 369
internal_value=0 -2.47494e-05 0 -5.05918e-05 0.000268345
internal_weight=2630 2309 2207 1729 478
internal_count=2630 2309 2207 1729 478
is_linear=0
shrinkage=0.0355277


Tree=493
num_leaves=5
num_cat=0
split_feature=141 131 132 3
split_gain=0.0147469 0.0597713 0.0299648 0.0439899
threshold=0.45000000000000112 -2.013333333333335 -11.144499999999995 64.015000000000015
decision_type=2 2 2 2
left_child=1 -1 -2 -4
right_child=2 -3 3 -5
leaf_value=-0.00075027154616389509 0 0 0.00064468383357534672 0
leaf_weight=147 95 707 238 1443
leaf_count=147 95 707 238 1443
internal_value=0 -0.000111058 6.70396e-05 0.00016483
internal_weight=2630 854 1776 1681
internal_count=2630 854 1776 1681
is_linear=0
shrinkage=0.0355277


Tree=494
num_leaves=8
num_cat=0
split_feature=93 44 136 7 44 52 7
split_gain=0.0146419 0.0553257 0.0887446 0.0370127 0.0490705 0.0194736 0.0106647
threshold=30.52416666666667 73.555000000000021 -0.70000000000000095 156.12500000000003 61.795000000000009 316.77500000000003 198.06250000000003
decision_type=2 2 2 2 2 2 2
left_child=1 2 -1 -2 -5 -6 -3
right_child=3 6 -4 4 5 -7 -8
leaf_value=-0.0013132176864245392 0 0 0 0 0 0.00043461080764429176 0.00020231715661031866
leaf_weight=104 94 558 294 134 366 757 323
leaf_count=104 94 558 294 134 366 757 323
internal_value=0 -7.70195e-05 -0.000437931 8.94615e-05 0.000213525 0.00032538 0
internal_weight=2630 1279 398 1351 1257 1123 881
internal_count=2630 1279 398 1351 1257 1123 881
is_linear=0
shrinkage=0.0355277


Tree=495
num_leaves=4
num_cat=0
split_feature=43 131 24
split_gain=0.0131912 0.0919133 0.0537554
threshold=30.345000000000002 -1.4649999999999979 1.2713490498414817
decision_type=2 2 2
left_child=1 -1 -2
right_child=2 -3 -4
leaf_value=-0.0010259955594486667 0.00033457715357488774 0 0
leaf_weight=112 677 1078 763
leaf_count=112 677 1078 763
internal_value=0 -8.20969e-05 7.70793e-05
internal_weight=2630 1190 1440
internal_count=2630 1190 1440
is_linear=0
shrinkage=0.0355277


Tree=496
num_leaves=8
num_cat=0
split_feature=22 4 90 18 90 90 4
split_gain=0.0138071 0.0475741 0.0491569 0.0419718 0.0363416 0.0467827 0.0254145
threshold=61.903371749999998 4129.7226881758816 30.645000000000007 2.6927802387796631 34.545000000000009 30.745000000000001 4157.1765077778864
decision_type=2 2 2 2 2 2 2
left_child=3 2 -2 -1 5 -3 -6
right_child=1 4 -4 -5 6 -7 -8
leaf_value=-0.00078785535497559922 0 0 0.00042370375293900833 0 0 -0.00035955635418874872 0.00058296232818964898
leaf_weight=103 237 373 690 239 132 744 112
leaf_count=103 237 373 690 239 132 744 112
internal_value=0 3.51223e-05 0.000259622 -0.000204852 0 -0.000183703 0.000178685
internal_weight=2630 2288 927 342 1361 1117 244
internal_count=2630 2288 927 342 1361 1117 244
is_linear=0
shrinkage=0.0355277


Tree=497
num_leaves=7
num_cat=0
split_feature=44 136 24 22 22 52
split_gain=0.0138429 0.119579 0.0757628 0.0112878 0.0106566 0.0104257
threshold=69.735000000000014 -0.59999999999999598 1.6291719112654841 746.80161520000001 -48.23269599999999 346.77500000000003
decision_type=2 2 2 2 2 2
left_child=1 5 4 -4 -2 -1
right_child=2 -3 3 -5 -6 -7
leaf_value=-0.0011869628685923707 0 0 -0.00016150682547834115 0 0.00032771853724104317 0
leaf_weight=119 95 524 550 179 1060 103
leaf_count=119 95 524 550 179 1060 103
internal_value=0 -0.000125424 5.46534e-05 -1.85113e-05 0.000294997 -0.000845157
internal_weight=2630 746 1884 729 1155 222
internal_count=2630 746 1884 729 1155 222
is_linear=0
shrinkage=0.0355277


Tree=498
num_leaves=7
num_cat=0
split_feature=15 136 3 3 138 7
split_gain=0.0130392 0.0599175 0.0513408 0.0476259 0.0348937 0.0333957
threshold=23.100147500000002 2.9250000000000012 59.210000000000008 64.765000000000015 -0.52999999999999392 140.33300000000003
decision_type=2 2 2 2 2 2
left_child=1 2 -1 -4 -2 -6
right_child=4 -3 3 -5 5 -7
leaf_value=-0.0011631775861814598 0 0 0.00010481784485081757 -0.00031493301399375005 0 0.00036574525516638482
leaf_weight=105 641 106 258 571 259 690
leaf_count=105 641 106 258 571 259 690
internal_value=0 -9.56511e-05 -0.000301079 0 6.57048e-05 0.000230956
internal_weight=2630 1040 934 829 1590 949
internal_count=2630 1040 934 829 1590 949
is_linear=0
shrinkage=0.0355277


Tree=499
num_leaves=6
num_cat=0
split_feature=141 4 132 4 4
split_gain=0.0126174 0.106043 0.0834587 0.0172398 0.0484287
threshold=0.95000000000000118 4130.9463476314559 -5.6153333333333384 4168.5601097214658 4151.6098769712398
decision_type=2 2 2 2 2
left_child=2 -2 -1 4 -3
right_child=1 3 -4 -5 -6
leaf_value=-0.00094963300532344152 0.0005344840299676578 0 0 0 -0.00061822867302347892
leaf_weight=119 493 450 1240 117 211
leaf_count=119 493 450 1240 117 211
internal_value=0 8.23718e-05 -7.2944e-05 0 -0.00018064
internal_weight=2630 1271 1359 778 661
internal_count=2630 1271 1359 778 661
is_linear=0
shrinkage=0.0355277


Tree=500
num_leaves=5
num_cat=0
split_feature=15 90 44 88
split_gain=0.0128102 0.0354454 0.0553774 0.0793331
threshold=26.206834500000006 35.820000000000007 84.845000000000013 31.795000000000005
decision_type=2 2 2 2
left_child=1 2 3 -1
right_child=-2 -3 -4 -5
leaf_value=-0.00037026842196307851 0.00038654496906097535 0.00030754957828124326 0 0
leaf_weight=1492 99 99 619 321
leaf_count=1492 99 99 619 321
internal_value=0 -1.40445e-05 -0.000120369 -0.000240518
internal_weight=2630 2531 2432 1813
internal_count=2630 2531 2432 1813
is_linear=0
shrinkage=0.0355277


Tree=501
num_leaves=5
num_cat=0
split_feature=22 141 22 52
split_gain=0.012512 0.0577934 0.061821 0.02579
threshold=72.623704600000011 2.2750000000000008 160.90622860000005 370.93500000000006
decision_type=2 2 2 2
left_child=3 -2 -3 -1
right_child=1 2 -4 -5
leaf_value=-0.00047590612896554756 0 0.0010711363837558336 0 0
leaf_weight=191 1859 129 245 206
leaf_count=191 1859 129 245 206
internal_value=0 4.09689e-05 0.000449364 -0.00017284
internal_weight=2630 2233 374 397
internal_count=2630 2233 374 397
is_linear=0
shrinkage=0.0355277


Tree=502
num_leaves=9
num_cat=0
split_feature=132 52 52 44 7 24 24 4
split_gain=0.012663 0.0728681 0.0643041 0.078336 0.0394407 0.0247555 0.0124252 0.0149897
threshold=3.0941666666666667 370.93500000000006 232.60500000000005 73.965000000000018 195.91650000000001 3.0886706292669106 1.2479902387128134 4151.9305777202217
decision_type=2 2 2 2 2 2 2 2
left_child=1 2 -1 -4 -3 6 -2 -8
right_child=5 4 3 -5 -6 -7 7 -9
leaf_value=0 0 0 -0.00072324332535158285 0 0.00026941368624605865 0 0.0004932070605641718 0
leaf_weight=93 188 378 520 239 680 100 318 114
leaf_count=93 188 378 520 239 680 100 318 114
internal_value=0 -3.99142e-05 -0.000332825 -0.000479957 0 0.000133472 0.000265682 0.000369745
internal_weight=2630 1910 852 759 1058 720 620 432
internal_count=2630 1910 852 759 1058 720 620 432
is_linear=0
shrinkage=0.0355277


Tree=503
num_leaves=6
num_cat=0
split_feature=19 22 24 19 132
split_gain=0.01249 0.0408083 0.0344827 0.0762605 0.0355625
threshold=0.038839733134201977 623.65380625000012 1.6504729652417292 0.087647159459327342 -9.6923333333333321
decision_type=2 2 2 2 2
left_child=1 -1 3 4 -2
right_child=2 -3 -4 -5 -6
leaf_value=-0.00080740759585644177 0 0 0 0 0.00045744786690285217
leaf_weight=94 96 93 589 871 887
leaf_count=94 96 93 589 871 887
internal_value=0 -0.000265498 2.97685e-05 0.000156745 0.000378881
internal_weight=2630 187 2443 1854 983
internal_count=2630 187 2443 1854 983
is_linear=0
shrinkage=0.0355277


Tree=504
num_leaves=9
num_cat=0
split_feature=131 4 4 85 4 15 93 15
split_gain=0.0120204 0.10205 0.118665 0.0461359 0.126222 0.0496986 0.0291996 0.0178958
threshold=2.3149999999999999 4151.6098769712398 4174.8716432216925 27.966428571428576 4082.553675312161 24.382245000000005 30.365833333333338 25.662760500000001
decision_type=2 2 2 2 2 2 2 2
left_child=1 3 7 5 -5 -1 -2 -3
right_child=6 2 -4 4 -6 -7 -8 -9
leaf_value=-0.00087859146972266307 0 -0.0010034371600896774 0 0.0011135520179041956 0 0 0.00071655541950807228 0
leaf_weight=94 94 294 138 158 1556 104 94 98
leaf_count=94 94 294 138 158 1556 104 94 98
internal_value=0 -1.75254e-05 -0.000491711 0 0.00015972 -0.000265394 0.000272734 -0.000837916
internal_weight=2630 2442 530 1912 1714 198 188 392
internal_count=2630 2442 530 1912 1714 198 188 392
is_linear=0
shrinkage=0.0355277


Tree=505
num_leaves=6
num_cat=0
split_feature=136 4 15 7 4
split_gain=0.0121829 0.244546 0.039397 0.0635806 0.0234592
threshold=-3.3999999999999999 4082.553675312161 23.856547500000001 290.3540000000001 4140.2573763721566
decision_type=2 2 2 2 2
left_child=-1 -2 3 -3 -4
right_child=1 2 4 -5 -6
leaf_value=-0.0003668238232729972 0.0013160646745167285 -0.00038587902271101682 0.00022760594655670389 0 0
leaf_weight=100 173 860 586 127 784
leaf_count=100 173 860 586 127 784
internal_value=0 2.11289e-05 0 -0.00022142 2.76335e-05
internal_weight=2630 2530 2357 987 1370
internal_count=2630 2530 2357 987 1370
is_linear=0
shrinkage=0.0355277


Tree=506
num_leaves=4
num_cat=0
split_feature=93 132 131
split_gain=0.0144147 0.124666 0.0412962
threshold=30.52416666666667 -5.3501666666666727 2.0949999999999993
decision_type=2 2 2
left_child=1 -1 -2
right_child=2 -3 -4
leaf_value=-0.00096720500564436969 0 0 0.00076302582979579227
leaf_weight=171 1250 1108 101
leaf_count=171 1250 1108 101
internal_value=0 -7.9401e-05 8.6251e-05
internal_weight=2630 1279 1351
internal_count=2630 1279 1351
is_linear=0
shrinkage=0.0355277


Tree=507
num_leaves=6
num_cat=0
split_feature=93 132 4 15 7
split_gain=0.0133269 0.116534 0.0533756 0.023321 0.0679861
threshold=30.52416666666667 -5.3501666666666727 4133.6557336093374 25.732673000000005 289.93750000000006
decision_type=2 2 2 2 2
left_child=1 -1 -2 4 -4
right_child=2 -3 3 -5 -6
leaf_value=-0.00093398230072398508 0.00041143434491094824 0 -0.00045954943901906488 0.00030502970036791921 0
leaf_weight=171 449 1108 480 130 292
leaf_count=171 449 1108 480 130 292
internal_value=0 -7.48278e-05 8.42331e-05 0 -0.000146938
internal_weight=2630 1279 1351 902 772
internal_count=2630 1279 1351 902 772
is_linear=0
shrinkage=0.0355277


Tree=508
num_leaves=4
num_cat=0
split_feature=93 132 131
split_gain=0.012656 0.108933 0.0389657
threshold=30.52416666666667 -5.3501666666666727 2.0949999999999993
decision_type=2 2 2
left_child=1 -1 -2
right_child=2 -3 -4
leaf_value=-0.00090190074295856681 0 0 0.0007416889908071245
leaf_weight=171 1250 1108 101
leaf_count=171 1250 1108 101
internal_value=0 -7.04116e-05 8.41335e-05
internal_weight=2630 1279 1351
internal_count=2630 1279 1351
is_linear=0
shrinkage=0.0355277


Tree=509
num_leaves=6
num_cat=0
split_feature=131 15 15 93 24
split_gain=0.0125685 0.0354314 0.0185608 0.0868059 0.0116858
threshold=1.2825000000000009 19.884622000000004 22.554823500000001 29.376666666666669 1.3041615742937644
decision_type=2 2 2 2 2
left_child=2 -2 3 -1 -3
right_child=1 4 -4 -5 -6
leaf_value=-0.0010684438737241914 0 0.00055459995789213293 0 0 0
leaf_weight=112 98 234 1447 580 159
leaf_count=112 98 234 1447 580 159
internal_value=0 0.000169685 -2.69503e-05 -0.000189217 0.000384695
internal_weight=2630 491 2139 692 393
internal_count=2630 491 2139 692 393
is_linear=0
shrinkage=0.0355277


Tree=510
num_leaves=5
num_cat=0
split_feature=141 4 19 135
split_gain=0.0122307 0.0723618 0.0353793 0.153527
threshold=0.45000000000000112 4131.1355049889635 0.055988881365700884 -1.0499999999999987
decision_type=2 2 2 2
left_child=2 -2 3 -1
right_child=1 -3 -4 -5
leaf_value=-0.0013631941058429074 0.00037749758995813797 0 0 0
leaf_weight=127 684 1092 534 193
leaf_count=127 684 1092 534 193
internal_value=0 6.25547e-05 -9.92211e-05 -0.000403753
internal_weight=2630 1776 854 320
internal_count=2630 1776 854 320
is_linear=0
shrinkage=0.0355277


Tree=511
num_leaves=4
num_cat=0
split_feature=43 131 24
split_gain=0.0118769 0.111381 0.0653132
threshold=30.095000000000002 -1.4649999999999979 1.2713490498414817
decision_type=2 2 2
left_child=1 -1 -2
right_child=2 -3 -4
leaf_value=-0.0011977063482755033 0.00035398782061698105 0 0
leaf_weight=97 716 1003 814
leaf_count=97 716 1003 814
internal_value=0 -7.9422e-05 7.22422e-05
internal_weight=2630 1100 1530
internal_count=2630 1100 1530
is_linear=0
shrinkage=0.0355277


Tree=512
num_leaves=3
num_cat=0
split_feature=88 132
split_gain=0.0113746 0.0575267
threshold=31.895000000000007 -9.8608333333333338
decision_type=2 2
left_child=1 -1
right_child=-2 -3
leaf_value=-0.00082603130993332019 0.00020223084525560359 0
leaf_weight=102 321 2207
leaf_count=102 321 2207
internal_value=0 -2.06731e-05
internal_weight=2630 2309
internal_count=2630 2309
is_linear=0
shrinkage=0.0355277


Tree=513
num_leaves=5
num_cat=0
split_feature=22 141 22 15
split_gain=0.0114002 0.0548587 0.0576683 0.0204628
threshold=72.623704600000011 2.2750000000000008 160.90622860000005 24.739566500000002
decision_type=2 2 2 2
left_child=3 -2 -3 -1
right_child=1 2 -4 -5
leaf_value=-0.00034804100884188377 0 0.001038038422453395 0 0
leaf_weight=299 1859 129 245 98
leaf_count=299 1859 129 245 98
internal_value=0 3.83267e-05 0.000436969 -0.000165995
internal_weight=2630 2233 374 397
internal_count=2630 2233 374 397
is_linear=0
shrinkage=0.0355277


Tree=514
num_leaves=5
num_cat=0
split_feature=132 141 15 15
split_gain=0.0109882 0.0529249 0.0278002 0.0229976
threshold=3.0941666666666667 1.0000000180025095e-35 23.168091500000003 22.654276500000005
decision_type=2 2 2 2
left_child=1 2 -1 -2
right_child=3 -3 -4 -5
leaf_value=-0.00093030726344163733 0 0 0 0.00027358373909730196
leaf_weight=115 189 1645 150 531
leaf_count=115 189 1645 150 531
internal_value=0 -3.76389e-05 -0.000506603 0.000123969
internal_weight=2630 1910 265 720
internal_count=2630 1910 265 720
is_linear=0
shrinkage=0.0355277


Tree=515
num_leaves=8
num_cat=0
split_feature=88 4 15 88 15 24 88
split_gain=0.0108978 0.0710891 0.158994 0.0923221 0.0534103 0.0622456 0.0280258
threshold=31.895000000000007 4138.4922476074926 26.1771645 28.795000000000005 22.621362000000008 4.8111984296165877 26.495000000000001
decision_type=2 2 2 2 2 2 2
left_child=1 4 3 -3 6 -6 -1
right_child=-2 2 -4 -5 5 -7 -8
leaf_value=-0.00059220436334090384 0.00019755975469708584 0 0 -0.00084905547991346133 0.00049624207323907478 0 0
leaf_weight=95 321 189 98 560 587 99 681
leaf_count=95 321 189 98 560 587 99 681
internal_value=0 -2.07623e-05 -0.000326134 -0.000621312 3.08319e-06 0.000312186 0
internal_weight=2630 2309 847 749 1462 686 776
internal_count=2630 2309 847 749 1462 686 776
is_linear=0
shrinkage=0.0355277


Tree=516
num_leaves=6
num_cat=0
split_feature=93 131 19 141 131
split_gain=0.0116819 0.0349561 0.0309695 0.0656445 0.0501144
threshold=30.52416666666667 2.0949999999999993 0.046736189293178791 0.94999999999999762 -0.91500000000000081
decision_type=2 2 2 2 2
left_child=2 -2 3 4 -1
right_child=1 -3 -4 -5 -6
leaf_value=-0.0013248278824030616 0 0.00070417135150790836 0 0 0
leaf_weight=103 1250 101 989 92 95
leaf_count=103 1250 101 989 92 95
internal_value=0 8.08459e-05 -6.7629e-05 -0.000389851 -0.000791834
internal_weight=2630 1351 1279 290 198
internal_count=2630 1351 1279 290 198
is_linear=0
shrinkage=0.0355277


Tree=517
num_leaves=3
num_cat=0
split_feature=43 24
split_gain=0.0111376 0.0623513
threshold=30.095000000000002 1.2713490498414817
decision_type=2 2
left_child=-1 -2
right_child=1 -3
leaf_value=-7.5725132540408984e-05 0.00034599740217248256 0
leaf_weight=1100 716 814
leaf_count=1100 716 814
internal_value=0 7.08824e-05
internal_weight=2630 1530
internal_count=2630 1530
is_linear=0
shrinkage=0.0355277


Tree=518
num_leaves=5
num_cat=0
split_feature=15 52 52 132
split_gain=0.0105413 0.0478514 0.0720761 0.0425007
threshold=23.100147500000002 368.85500000000008 242.39500000000001 -0.22516666666666649
decision_type=2 2 2 2
left_child=1 2 -1 -2
right_child=3 -3 -4 -5
leaf_value=0 0 0 -0.00050536053584020527 0.00024478953799191407
leaf_weight=154 590 273 613 1000
leaf_count=154 590 273 613 1000
internal_value=0 -7.99017e-05 -0.000294599 6.44468e-05
internal_weight=2630 1040 767 1590
internal_count=2630 1040 767 1590
is_linear=0
shrinkage=0.0355277


Tree=519
num_leaves=3
num_cat=0
split_feature=24 7
split_gain=0.0110066 0.0108819
threshold=1.6291719112654841 176.41650000000001
decision_type=2 2
left_child=-1 -2
right_child=1 -3
leaf_value=5.3791531916564946e-05 -0.00020359766393419063 0
leaf_weight=1880 529 221
leaf_count=1880 529 221
internal_value=0 -0.000105644
internal_weight=2630 750
internal_count=2630 750
is_linear=0
shrinkage=0.0355277


Tree=520
num_leaves=6
num_cat=0
split_feature=4 4 4 4 4
split_gain=0.0105207 0.0874236 0.0465203 0.0798216 0.0242155
threshold=4131.1355049889635 4101.6555092717708 4168.5601097214658 4151.6098769712398 4082.553675312161
decision_type=2 2 2 2 2
left_child=1 4 3 -2 -1
right_child=2 -3 -4 -5 -6
leaf_value=0 0 0.00042420215637922754 0 -0.00066786237715659184 -0.00034361801451359916
leaf_weight=209 902 658 247 361 253
leaf_count=209 902 658 247 361 253
internal_value=0 8.99695e-05 -5.24248e-05 -0.000222621 0
internal_weight=2630 1120 1510 1263 462
internal_count=2630 1120 1510 1263 462
is_linear=0
shrinkage=0.0355277


Tree=521
num_leaves=4
num_cat=0
split_feature=24 43 15
split_gain=0.010755 0.0510444 0.0198366
threshold=1.6291719112654841 30.095000000000002 24.266088000000007
decision_type=2 2 2
left_child=1 -1 -2
right_child=2 -3 -4
leaf_value=0 -0.00055673850346493975 0.00023246112835378474 0
leaf_weight=592 101 1288 649
leaf_count=592 101 1288 649
internal_value=0 5.39498e-05 -0.000103431
internal_weight=2630 1880 750
internal_count=2630 1880 750
is_linear=0
shrinkage=0.0355277


Tree=522
num_leaves=2
num_cat=0
split_feature=131
split_gain=0.0102748
threshold=1.2825000000000009
decision_type=2
left_child=-1
right_child=-2
leaf_value=-2.7964565398682776e-05 0.00015075067866857816
leaf_weight=2139 491
leaf_count=2139 491
internal_value=0
internal_weight=2630
internal_count=2630
is_linear=0
shrinkage=0.0355277


end of trees

feature_importances:
Tmax_x_RH=631
Tmax=396
HGT=255
RH=152
SR=148
DTR_proxy=140
net_rad_ratio=131
RH_anom30=123
Tmax_anom30=116
SNSR=103
Tmax_rollmin7=78
SR_anom30=73
Tmax_trend3=73
RH_lag1=60
RH_trend7=56
TCWV_anom30=52
RH_trend3=51
Tmax_rollstd3=50
Tmax_trend7=50
Tmax_rollmean30=45
SST_BLH_trap=44
moisture_flux_v=43
Tmax_lag1=42
NetRadiation=41
doy_cos=40
BLH_rollstd3=37
RH_rollstd7=36
Tmax_rollmax30=33
SM_x_Tmax=31
Tmax_rollmin30=30
Tmax_rollmax3=29
Tmax_lag14=27
BLH_lag3=27
Tmax_rollmax14=27
BLH_rollmin14=27
Tmax_rollmean3=26
RH_rollmin14=26
Tmax_rollmin3=24
wind_chill_proxy=23
TCWV_lag2=23
BLH_rollmax30=21
WindDir=18
RH_rollmin3=17
Tmax_rollmin14=16
RH_rollmean3=16
BLH_rollmin7=16
BLH_anom30=16
TCWV=15
Tmax_rollmax7=15
Tmax_lag7=14
RH_rollmin30=13
Tmax_lag5=12
BLH_lag5=11
RH_lag7=10
RH_rollmax3=10
RH_lag5=9
Tmax_rollmean7=9
Tmax_rollmean14=9
RH_rollstd3=9
v10=8
TCWV_lag5=8
RH_rollstd30=8
BLH_rollmax3=8
WindSpeed=7
humid_load=7
Tmax_rollstd7=7
BLH_rollstd30=7
doy_sin=6
SM_anom_lag7=6
BLH_trend7=6
BLH=5
Tmax_lag2=5
TCWV_lag1=5
MSLP_lag5=5
BLH_rollstd7=5
BLH_trend3=5
SM=4
TCWV_lag14=4
SR_lag3=4
SR_lag7=4
BLH_rollmean7=4
BLH_rollmin30=4
TCWV_pctrank=3
RH_rollmax7=3
RH_rollmin7=3
moisture_flux_u=2
BLH_lag1=2
TCWV_lag3=2
TCWV_lag7=2
SR_lag2=2
SR_lag5=2
SR_lag14=2
SM_lag2=2
RH_rollmean14=2
BLH_rollmean30=2
u10=1
BLH_inv=1
BLH_lag14=1
SR_lag1=1
MSLP_lag7=1
MSLP_lag14=1
Tmax_rollstd14=1
Tmax_rollstd30=1
BLH_rollmean3=1
BLH_rollmin3=1
BLH_rollmax7=1
BLH_rollmax14=1
BLH_rollstd14=1

parameters:
[boosting: gbdt]
[objective: regression]
[metric: l2]
[tree_learner: serial]
[device_type: cpu]
[data_sample_strategy: bagging]
[data: ]
[valid: ]
[num_iterations: 1168]
[learning_rate: 0.0355277]
[num_leaves: 45]
[num_threads: 2]
[seed: 42]
[deterministic: 0]
[force_col_wise: 0]
[force_row_wise: 0]
[histogram_pool_size: -1]
[max_depth: 4]
[min_data_in_leaf: 92]
[min_sum_hessian_in_leaf: 0.001]
[bagging_fraction: 0.524592]
[pos_bagging_fraction: 1]
[neg_bagging_fraction: 1]
[bagging_freq: 0]
[bagging_seed: 400]
[bagging_by_query: 0]
[feature_fraction: 0.811081]
[feature_fraction_bynode: 1]
[feature_fraction_seed: 30056]
[extra_trees: 0]
[extra_seed: 12879]
[early_stopping_round: 0]
[early_stopping_min_delta: 0]
[first_metric_only: 0]
[max_delta_step: 0]
[lambda_l1: 6.34888]
[lambda_l2: 5.86712]
[linear_lambda: 0]
[min_gain_to_split: 0.0101605]
[drop_rate: 0.1]
[max_drop: 50]
[skip_drop: 0.5]
[xgboost_dart_mode: 0]
[uniform_drop: 0]
[drop_seed: 17869]
[top_rate: 0.2]
[other_rate: 0.1]
[min_data_per_group: 100]
[max_cat_threshold: 32]
[cat_l2: 10]
[cat_smooth: 10]
[max_cat_to_onehot: 4]
[top_k: 20]
[monotone_constraints: ]
[monotone_constraints_method: basic]
[monotone_penalty: 0]
[feature_contri: ]
[forcedsplits_filename: ]
[refit_decay_rate: 0.9]
[cegb_tradeoff: 1]
[cegb_penalty_split: 0]
[cegb_penalty_feature_lazy: ]
[cegb_penalty_feature_coupled: ]
[path_smooth: 0]
[interaction_constraints: ]
[verbosity: -1]
[saved_feature_importance_type: 0]
[use_quantized_grad: 0]
[num_grad_quant_bins: 4]
[quant_train_renew_leaf: 0]
[stochastic_rounding: 1]
[linear_tree: 0]
[max_bin: 255]
[max_bin_by_feature: ]
[min_data_in_bin: 3]
[bin_construct_sample_cnt: 200000]
[data_random_seed: 175]
[is_enable_sparse: 1]
[enable_bundle: 1]
[use_missing: 1]
[zero_as_missing: 0]
[feature_pre_filter: 1]
[pre_partition: 0]
[two_round: 0]
[header: 0]
[label_column: ]
[weight_column: ]
[group_column: ]
[ignore_column: ]
[categorical_feature: ]
[forcedbins_filename: ]
[precise_float_parser: 0]
[parser_config_file: ]
[objective_seed: 16083]
[num_class: 1]
[is_unbalance: 0]
[scale_pos_weight: 1]
[sigmoid: 1]
[boost_from_average: 1]
[reg_sqrt: 0]
[alpha: 0.9]
[fair_c: 1]
[poisson_max_delta_step: 0.7]
[tweedie_variance_power: 1.5]
[lambdarank_truncation_level: 30]
[lambdarank_norm: 1]
[label_gain: ]
[lambdarank_position_bias_regularization: 0]
[eval_at: ]
[multi_error_top_k: 1]
[auc_mu_weights: ]
[num_machines: 1]
[local_listen_port: 12400]
[time_out: 120]
[machine_list_filename: ]
[machines: ]
[gpu_platform_id: -1]
[gpu_device_id: -1]
[gpu_use_dp: 0]
[num_gpu: 1]

end of parameters

pandas_categorical:[]
